frame_idx,frame_name,detector_ran,track_id,is_new_track,track_hits,reused_previous_result,detection_id,x1,y1,x2,y2,det_score,health_executed,health_label,health_confidence,prob_healthy,prob_unhealthy,maturity_executed,usda_stage,maturity_percent,maturity_confidence,maturity_warning,crop_sec,health_sec,maturity_sec,detection_pipeline_sec,propagated
0,video_02_frame_000000,True,1,True,1,False,1,411,652,623,858,0.9599406123161316,True,healthy,0.9448022246360779,0.9448022246360779,0.055197808891534805,True,pink,70.0,0.9941728850507252,,0.00010967254638671875,0.03179645538330078,0.3650643825531006,0.3969705104827881,False
0,video_02_frame_000000,True,2,True,1,False,2,500,489,682,679,0.9460235834121704,True,unhealthy,0.8566920161247253,0.14330799877643585,0.8566920161247253,False,,,,,7.104873657226562e-05,0.02154231071472168,0.0,0.021613359451293945,False
0,video_02_frame_000000,True,3,True,1,False,3,298,490,500,690,0.9453297853469849,True,healthy,0.9932072758674622,0.9932072758674622,0.006792756263166666,True,pink,70.0,0.9755466356818422,,7.772445678710938e-05,0.020468950271606445,0.23464012145996094,0.2551867961883545,False
0,video_02_frame_000000,True,4,True,1,False,4,576,326,718,464,0.900318443775177,True,healthy,0.9984733462333679,0.9984733462333679,0.0015266176778823137,True,pink,70.0,0.8681207793215866,,1.8835067749023438e-05,0.024178504943847656,0.1090841293334961,0.13328146934509277,False
0,video_02_frame_000000,True,5,True,1,False,5,615,435,720,596,0.83503258228302,True,healthy,0.9475536346435547,0.9475536346435547,0.05244641378521919,True,pink,70.0,1.0,,1.6927719116210938e-05,0.01976799964904785,0.1561582088470459,0.17594313621520996,False
1,video_02_frame_000001,False,1,False,0,True,-1,408,653,620,859,0.9599406123161316,False,healthy,0.9448022246360779,0.9448022246360779,0.055197808891534805,False,pink,70.0,0.9941728850507252,,0.0,0.0,0.0,0.0,True
1,video_02_frame_000001,False,2,False,0,True,-1,497,490,679,680,0.9460235834121704,False,unhealthy,0.8566920161247253,0.14330799877643585,0.8566920161247253,False,,,,,0.0,0.0,0.0,0.0,True
1,video_02_frame_000001,False,3,False,0,True,-1,295,491,497,691,0.9453297853469849,False,healthy,0.9932072758674622,0.9932072758674622,0.006792756263166666,False,pink,70.0,0.9755466356818422,,0.0,0.0,0.0,0.0,True
1,video_02_frame_000001,False,4,False,0,True,-1,574,326,716,464,0.900318443775177,False,healthy,0.9984733462333679,0.9984733462333679,0.0015266176778823137,False,pink,70.0,0.8681207793215866,,0.0,0.0,0.0,0.0,True
1,video_02_frame_000001,False,5,False,0,True,-1,612,435,717,596,0.83503258228302,False,healthy,0.9475536346435547,0.9475536346435547,0.05244641378521919,False,pink,70.0,1.0,,0.0,0.0,0.0,0.0,True
2,video_02_frame_000002,False,1,False,0,True,-1,404,654,616,860,0.9599406123161316,False,healthy,0.9448022246360779,0.9448022246360779,0.055197808891534805,False,pink,70.0,0.9941728850507252,,0.0,0.0,0.0,0.0,True
2,video_02_frame_000002,False,2,False,0,True,-1,494,490,676,680,0.9460235834121704,False,unhealthy,0.8566920161247253,0.14330799877643585,0.8566920161247253,False,,,,,0.0,0.0,0.0,0.0,True
2,video_02_frame_000002,False,3,False,0,True,-1,291,491,493,691,0.9453297853469849,False,healthy,0.9932072758674622,0.9932072758674622,0.006792756263166666,False,pink,70.0,0.9755466356818422,,0.0,0.0,0.0,0.0,True
2,video_02_frame_000002,False,4,False,0,True,-1,571,326,713,464,0.900318443775177,False,healthy,0.9984733462333679,0.9984733462333679,0.0015266176778823137,False,pink,70.0,0.8681207793215866,,0.0,0.0,0.0,0.0,True
2,video_02_frame_000002,False,5,False,0,True,-1,609,435,714,596,0.83503258228302,False,healthy,0.9475536346435547,0.9475536346435547,0.05244641378521919,False,pink,70.0,1.0,,0.0,0.0,0.0,0.0,True
3,video_02_frame_000003,False,1,False,0,True,-1,400,654,612,860,0.9599406123161316,False,healthy,0.9448022246360779,0.9448022246360779,0.055197808891534805,False,pink,70.0,0.9941728850507252,,0.0,0.0,0.0,0.0,True
3,video_02_frame_000003,False,2,False,0,True,-1,491,490,673,680,0.9460235834121704,False,unhealthy,0.8566920161247253,0.14330799877643585,0.8566920161247253,False,,,,,0.0,0.0,0.0,0.0,True
3,video_02_frame_000003,False,3,False,0,True,-1,287,491,489,691,0.9453297853469849,False,healthy,0.9932072758674622,0.9932072758674622,0.006792756263166666,False,pink,70.0,0.9755466356818422,,0.0,0.0,0.0,0.0,True
3,video_02_frame_000003,False,4,False,0,True,-1,568,326,710,464,0.900318443775177,False,healthy,0.9984733462333679,0.9984733462333679,0.0015266176778823137,False,pink,70.0,0.8681207793215866,,0.0,0.0,0.0,0.0,True
3,video_02_frame_000003,False,5,False,0,True,-1,606,435,711,596,0.83503258228302,False,healthy,0.9475536346435547,0.9475536346435547,0.05244641378521919,False,pink,70.0,1.0,,0.0,0.0,0.0,0.0,True
4,video_02_frame_000004,False,1,False,0,True,-1,397,654,609,860,0.9599406123161316,False,healthy,0.9448022246360779,0.9448022246360779,0.055197808891534805,False,pink,70.0,0.9941728850507252,,0.0,0.0,0.0,0.0,True
4,video_02_frame_000004,False,2,False,0,True,-1,488,490,670,680,0.9460235834121704,False,unhealthy,0.8566920161247253,0.14330799877643585,0.8566920161247253,False,,,,,0.0,0.0,0.0,0.0,True
4,video_02_frame_000004,False,3,False,0,True,-1,284,491,486,691,0.9453297853469849,False,healthy,0.9932072758674622,0.9932072758674622,0.006792756263166666,False,pink,70.0,0.9755466356818422,,0.0,0.0,0.0,0.0,True
4,video_02_frame_000004,False,4,False,0,True,-1,566,326,708,464,0.900318443775177,False,healthy,0.9984733462333679,0.9984733462333679,0.0015266176778823137,False,pink,70.0,0.8681207793215866,,0.0,0.0,0.0,0.0,True
4,video_02_frame_000004,False,5,False,0,True,-1,603,435,708,596,0.83503258228302,False,healthy,0.9475536346435547,0.9475536346435547,0.05244641378521919,False,pink,70.0,1.0,,0.0,0.0,0.0,0.0,True
5,video_02_frame_000005,False,1,False,0,True,-1,394,654,606,860,0.9599406123161316,False,healthy,0.9448022246360779,0.9448022246360779,0.055197808891534805,False,pink,70.0,0.9941728850507252,,0.0,0.0,0.0,0.0,True
5,video_02_frame_000005,False,2,False,0,True,-1,485,490,667,680,0.9460235834121704,False,unhealthy,0.8566920161247253,0.14330799877643585,0.8566920161247253,False,,,,,0.0,0.0,0.0,0.0,True
5,video_02_frame_000005,False,3,False,0,True,-1,281,491,483,691,0.9453297853469849,False,healthy,0.9932072758674622,0.9932072758674622,0.006792756263166666,False,pink,70.0,0.9755466356818422,,0.0,0.0,0.0,0.0,True
5,video_02_frame_000005,False,4,False,0,True,-1,564,326,706,464,0.900318443775177,False,healthy,0.9984733462333679,0.9984733462333679,0.0015266176778823137,False,pink,70.0,0.8681207793215866,,0.0,0.0,0.0,0.0,True
5,video_02_frame_000005,False,5,False,0,True,-1,600,435,705,596,0.83503258228302,False,healthy,0.9475536346435547,0.9475536346435547,0.05244641378521919,False,pink,70.0,1.0,,0.0,0.0,0.0,0.0,True
6,video_02_frame_000006,False,1,False,0,True,-1,390,654,602,860,0.9599406123161316,False,healthy,0.9448022246360779,0.9448022246360779,0.055197808891534805,False,pink,70.0,0.9941728850507252,,0.0,0.0,0.0,0.0,True
6,video_02_frame_000006,False,2,False,0,True,-1,482,490,664,680,0.9460235834121704,False,unhealthy,0.8566920161247253,0.14330799877643585,0.8566920161247253,False,,,,,0.0,0.0,0.0,0.0,True
6,video_02_frame_000006,False,3,False,0,True,-1,277,491,479,691,0.9453297853469849,False,healthy,0.9932072758674622,0.9932072758674622,0.006792756263166666,False,pink,70.0,0.9755466356818422,,0.0,0.0,0.0,0.0,True
6,video_02_frame_000006,False,4,False,0,True,-1,561,325,703,463,0.900318443775177,False,healthy,0.9984733462333679,0.9984733462333679,0.0015266176778823137,False,pink,70.0,0.8681207793215866,,0.0,0.0,0.0,0.0,True
6,video_02_frame_000006,False,5,False,0,True,-1,597,435,702,596,0.83503258228302,False,healthy,0.9475536346435547,0.9475536346435547,0.05244641378521919,False,pink,70.0,1.0,,0.0,0.0,0.0,0.0,True
7,video_02_frame_000007,False,1,False,0,True,-1,386,654,598,860,0.9599406123161316,False,healthy,0.9448022246360779,0.9448022246360779,0.055197808891534805,False,pink,70.0,0.9941728850507252,,0.0,0.0,0.0,0.0,True
7,video_02_frame_000007,False,2,False,0,True,-1,478,489,660,679,0.9460235834121704,False,unhealthy,0.8566920161247253,0.14330799877643585,0.8566920161247253,False,,,,,0.0,0.0,0.0,0.0,True
7,video_02_frame_000007,False,3,False,0,True,-1,273,490,475,690,0.9453297853469849,False,healthy,0.9932072758674622,0.9932072758674622,0.006792756263166666,False,pink,70.0,0.9755466356818422,,0.0,0.0,0.0,0.0,True
7,video_02_frame_000007,False,4,False,0,True,-1,558,324,700,462,0.900318443775177,False,healthy,0.9984733462333679,0.9984733462333679,0.0015266176778823137,False,pink,70.0,0.8681207793215866,,0.0,0.0,0.0,0.0,True
7,video_02_frame_000007,False,5,False,0,True,-1,593,434,698,595,0.83503258228302,False,healthy,0.9475536346435547,0.9475536346435547,0.05244641378521919,False,pink,70.0,1.0,,0.0,0.0,0.0,0.0,True
8,video_02_frame_000008,False,1,False,0,True,-1,383,653,595,859,0.9599406123161316,False,healthy,0.9448022246360779,0.9448022246360779,0.055197808891534805,False,pink,70.0,0.9941728850507252,,0.0,0.0,0.0,0.0,True
8,video_02_frame_000008,False,2,False,0,True,-1,475,488,657,678,0.9460235834121704,False,unhealthy,0.8566920161247253,0.14330799877643585,0.8566920161247253,False,,,,,0.0,0.0,0.0,0.0,True
8,video_02_frame_000008,False,3,False,0,True,-1,270,489,472,689,0.9453297853469849,False,healthy,0.9932072758674622,0.9932072758674622,0.006792756263166666,False,pink,70.0,0.9755466356818422,,0.0,0.0,0.0,0.0,True
8,video_02_frame_000008,False,4,False,0,True,-1,555,323,697,461,0.900318443775177,False,healthy,0.9984733462333679,0.9984733462333679,0.0015266176778823137,False,pink,70.0,0.8681207793215866,,0.0,0.0,0.0,0.0,True
8,video_02_frame_000008,False,5,False,0,True,-1,590,433,695,594,0.83503258228302,False,healthy,0.9475536346435547,0.9475536346435547,0.05244641378521919,False,pink,70.0,1.0,,0.0,0.0,0.0,0.0,True
9,video_02_frame_000009,False,1,False,0,True,-1,380,652,592,858,0.9599406123161316,False,healthy,0.9448022246360779,0.9448022246360779,0.055197808891534805,False,pink,70.0,0.9941728850507252,,0.0,0.0,0.0,0.0,True
9,video_02_frame_000009,False,2,False,0,True,-1,472,487,654,677,0.9460235834121704,False,unhealthy,0.8566920161247253,0.14330799877643585,0.8566920161247253,False,,,,,0.0,0.0,0.0,0.0,True
9,video_02_frame_000009,False,3,False,0,True,-1,267,488,469,688,0.9453297853469849,False,healthy,0.9932072758674622,0.9932072758674622,0.006792756263166666,False,pink,70.0,0.9755466356818422,,0.0,0.0,0.0,0.0,True
9,video_02_frame_000009,False,4,False,0,True,-1,553,322,695,460,0.900318443775177,False,healthy,0.9984733462333679,0.9984733462333679,0.0015266176778823137,False,pink,70.0,0.8681207793215866,,0.0,0.0,0.0,0.0,True
9,video_02_frame_000009,False,5,False,0,True,-1,587,432,692,593,0.83503258228302,False,healthy,0.9475536346435547,0.9475536346435547,0.05244641378521919,False,pink,70.0,1.0,,0.0,0.0,0.0,0.0,True
10,video_02_frame_000010,False,1,False,0,True,-1,377,651,589,857,0.9599406123161316,False,healthy,0.9448022246360779,0.9448022246360779,0.055197808891534805,False,pink,70.0,0.9941728850507252,,0.0,0.0,0.0,0.0,True
10,video_02_frame_000010,False,2,False,0,True,-1,469,486,651,676,0.9460235834121704,False,unhealthy,0.8566920161247253,0.14330799877643585,0.8566920161247253,False,,,,,0.0,0.0,0.0,0.0,True
10,video_02_frame_000010,False,3,False,0,True,-1,264,487,466,687,0.9453297853469849,False,healthy,0.9932072758674622,0.9932072758674622,0.006792756263166666,False,pink,70.0,0.9755466356818422,,0.0,0.0,0.0,0.0,True
10,video_02_frame_000010,False,4,False,0,True,-1,550,321,692,459,0.900318443775177,False,healthy,0.9984733462333679,0.9984733462333679,0.0015266176778823137,False,pink,70.0,0.8681207793215866,,0.0,0.0,0.0,0.0,True
10,video_02_frame_000010,False,5,False,0,True,-1,584,431,689,592,0.83503258228302,False,healthy,0.9475536346435547,0.9475536346435547,0.05244641378521919,False,pink,70.0,1.0,,0.0,0.0,0.0,0.0,True
11,video_02_frame_000011,False,1,False,0,True,-1,373,650,585,856,0.9599406123161316,False,healthy,0.9448022246360779,0.9448022246360779,0.055197808891534805,False,pink,70.0,0.9941728850507252,,0.0,0.0,0.0,0.0,True
11,video_02_frame_000011,False,2,False,0,True,-1,466,485,648,675,0.9460235834121704,False,unhealthy,0.8566920161247253,0.14330799877643585,0.8566920161247253,False,,,,,0.0,0.0,0.0,0.0,True
11,video_02_frame_000011,False,3,False,0,True,-1,260,486,462,686,0.9453297853469849,False,healthy,0.9932072758674622,0.9932072758674622,0.006792756263166666,False,pink,70.0,0.9755466356818422,,0.0,0.0,0.0,0.0,True
11,video_02_frame_000011,False,4,False,0,True,-1,547,320,689,458,0.900318443775177,False,healthy,0.9984733462333679,0.9984733462333679,0.0015266176778823137,False,pink,70.0,0.8681207793215866,,0.0,0.0,0.0,0.0,True
11,video_02_frame_000011,False,5,False,0,True,-1,581,430,686,591,0.83503258228302,False,healthy,0.9475536346435547,0.9475536346435547,0.05244641378521919,False,pink,70.0,1.0,,0.0,0.0,0.0,0.0,True
12,video_02_frame_000012,False,1,False,0,True,-1,370,649,582,855,0.9599406123161316,False,healthy,0.9448022246360779,0.9448022246360779,0.055197808891534805,False,pink,70.0,0.9941728850507252,,0.0,0.0,0.0,0.0,True
12,video_02_frame_000012,False,2,False,0,True,-1,463,484,645,674,0.9460235834121704,False,unhealthy,0.8566920161247253,0.14330799877643585,0.8566920161247253,False,,,,,0.0,0.0,0.0,0.0,True
12,video_02_frame_000012,False,3,False,0,True,-1,257,485,459,685,0.9453297853469849,False,healthy,0.9932072758674622,0.9932072758674622,0.006792756263166666,False,pink,70.0,0.9755466356818422,,0.0,0.0,0.0,0.0,True
12,video_02_frame_000012,False,4,False,0,True,-1,544,319,686,457,0.900318443775177,False,healthy,0.9984733462333679,0.9984733462333679,0.0015266176778823137,False,pink,70.0,0.8681207793215866,,0.0,0.0,0.0,0.0,True
12,video_02_frame_000012,False,5,False,0,True,-1,578,429,683,590,0.83503258228302,False,healthy,0.9475536346435547,0.9475536346435547,0.05244641378521919,False,pink,70.0,1.0,,0.0,0.0,0.0,0.0,True
13,video_02_frame_000013,True,2,False,2,True,1,458,483,648,676,0.9581747055053711,False,unhealthy,0.8566920161247253,0.14330799877643585,0.8566920161247253,False,,,,,0.0,0.0,0.0,0.0,False
13,video_02_frame_000013,True,1,False,2,True,2,368,647,580,857,0.9534012675285339,False,healthy,0.9448022246360779,0.9448022246360779,0.055197808891534805,False,pink,70.0,0.9941728850507252,,0.0,0.0,0.0,0.0,False
13,video_02_frame_000013,True,3,False,2,True,3,254,477,460,689,0.9404054880142212,False,healthy,0.9932072758674622,0.9932072758674622,0.006792756263166666,False,pink,70.0,0.9755466356818422,,0.0,0.0,0.0,0.0,False
13,video_02_frame_000013,True,6,True,1,False,4,619,560,720,770,0.9119415879249573,True,healthy,0.8368513584136963,0.8368513584136963,0.1631486415863037,True,pink,70.0,0.8252312867956266,,2.765655517578125e-05,0.0180971622467041,0.14169073104858398,0.15981554985046387,False
13,video_02_frame_000013,True,5,False,2,True,5,578,427,720,583,0.8983621001243591,False,healthy,0.9475536346435547,0.9475536346435547,0.05244641378521919,False,pink,70.0,1.0,,0.0,0.0,0.0,0.0,False
13,video_02_frame_000013,True,4,False,2,True,6,544,315,705,459,0.8657805919647217,False,healthy,0.9984733462333679,0.9984733462333679,0.0015266176778823137,False,pink,70.0,0.8681207793215866,,0.0,0.0,0.0,0.0,False
14,video_02_frame_000014,False,2,False,0,True,-1,456,482,646,675,0.9581747055053711,False,unhealthy,0.8566920161247253,0.14330799877643585,0.8566920161247253,False,,,,,0.0,0.0,0.0,0.0,True
14,video_02_frame_000014,False,1,False,0,True,-1,366,647,578,857,0.9534012675285339,False,healthy,0.9448022246360779,0.9448022246360779,0.055197808891534805,False,pink,70.0,0.9941728850507252,,0.0,0.0,0.0,0.0,True
14,video_02_frame_000014,False,3,False,0,True,-1,251,476,457,688,0.9404054880142212,False,healthy,0.9932072758674622,0.9932072758674622,0.006792756263166666,False,pink,70.0,0.9755466356818422,,0.0,0.0,0.0,0.0,True
14,video_02_frame_000014,False,6,False,0,True,-1,617,560,718,770,0.9119415879249573,False,healthy,0.8368513584136963,0.8368513584136963,0.1631486415863037,False,pink,70.0,0.8252312867956266,,0.0,0.0,0.0,0.0,True
14,video_02_frame_000014,False,5,False,0,True,-1,576,426,718,582,0.8983621001243591,False,healthy,0.9475536346435547,0.9475536346435547,0.05244641378521919,False,pink,70.0,1.0,,0.0,0.0,0.0,0.0,True
14,video_02_frame_000014,False,4,False,0,True,-1,542,314,703,458,0.8657805919647217,False,healthy,0.9984733462333679,0.9984733462333679,0.0015266176778823137,False,pink,70.0,0.8681207793215866,,0.0,0.0,0.0,0.0,True
15,video_02_frame_000015,False,2,False,0,True,-1,454,482,644,675,0.9581747055053711,False,unhealthy,0.8566920161247253,0.14330799877643585,0.8566920161247253,False,,,,,0.0,0.0,0.0,0.0,True
15,video_02_frame_000015,False,1,False,0,True,-1,364,647,576,857,0.9534012675285339,False,healthy,0.9448022246360779,0.9448022246360779,0.055197808891534805,False,pink,70.0,0.9941728850507252,,0.0,0.0,0.0,0.0,True
15,video_02_frame_000015,False,3,False,0,True,-1,248,475,454,687,0.9404054880142212,False,healthy,0.9932072758674622,0.9932072758674622,0.006792756263166666,False,pink,70.0,0.9755466356818422,,0.0,0.0,0.0,0.0,True
15,video_02_frame_000015,False,6,False,0,True,-1,615,559,716,769,0.9119415879249573,False,healthy,0.8368513584136963,0.8368513584136963,0.1631486415863037,False,pink,70.0,0.8252312867956266,,0.0,0.0,0.0,0.0,True
15,video_02_frame_000015,False,5,False,0,True,-1,574,425,716,581,0.8983621001243591,False,healthy,0.9475536346435547,0.9475536346435547,0.05244641378521919,False,pink,70.0,1.0,,0.0,0.0,0.0,0.0,True
15,video_02_frame_000015,False,4,False,0,True,-1,540,313,701,457,0.8657805919647217,False,healthy,0.9984733462333679,0.9984733462333679,0.0015266176778823137,False,pink,70.0,0.8681207793215866,,0.0,0.0,0.0,0.0,True
16,video_02_frame_000016,False,2,False,0,True,-1,451,481,641,674,0.9581747055053711,False,unhealthy,0.8566920161247253,0.14330799877643585,0.8566920161247253,False,,,,,0.0,0.0,0.0,0.0,True
16,video_02_frame_000016,False,1,False,0,True,-1,361,647,573,857,0.9534012675285339,False,healthy,0.9448022246360779,0.9448022246360779,0.055197808891534805,False,pink,70.0,0.9941728850507252,,0.0,0.0,0.0,0.0,True
16,video_02_frame_000016,False,3,False,0,True,-1,245,474,451,686,0.9404054880142212,False,healthy,0.9932072758674622,0.9932072758674622,0.006792756263166666,False,pink,70.0,0.9755466356818422,,0.0,0.0,0.0,0.0,True
16,video_02_frame_000016,False,6,False,0,True,-1,612,559,713,769,0.9119415879249573,False,healthy,0.8368513584136963,0.8368513584136963,0.1631486415863037,False,pink,70.0,0.8252312867956266,,0.0,0.0,0.0,0.0,True
16,video_02_frame_000016,False,5,False,0,True,-1,571,424,713,580,0.8983621001243591,False,healthy,0.9475536346435547,0.9475536346435547,0.05244641378521919,False,pink,70.0,1.0,,0.0,0.0,0.0,0.0,True
16,video_02_frame_000016,False,4,False,0,True,-1,538,312,699,456,0.8657805919647217,False,healthy,0.9984733462333679,0.9984733462333679,0.0015266176778823137,False,pink,70.0,0.8681207793215866,,0.0,0.0,0.0,0.0,True
17,video_02_frame_000017,False,2,False,0,True,-1,448,481,638,674,0.9581747055053711,False,unhealthy,0.8566920161247253,0.14330799877643585,0.8566920161247253,False,,,,,0.0,0.0,0.0,0.0,True
17,video_02_frame_000017,False,1,False,0,True,-1,358,647,570,857,0.9534012675285339,False,healthy,0.9448022246360779,0.9448022246360779,0.055197808891534805,False,pink,70.0,0.9941728850507252,,0.0,0.0,0.0,0.0,True
17,video_02_frame_000017,False,3,False,0,True,-1,241,474,447,686,0.9404054880142212,False,healthy,0.9932072758674622,0.9932072758674622,0.006792756263166666,False,pink,70.0,0.9755466356818422,,0.0,0.0,0.0,0.0,True
17,video_02_frame_000017,False,6,False,0,True,-1,609,559,710,769,0.9119415879249573,False,healthy,0.8368513584136963,0.8368513584136963,0.1631486415863037,False,pink,70.0,0.8252312867956266,,0.0,0.0,0.0,0.0,True
17,video_02_frame_000017,False,5,False,0,True,-1,568,423,710,579,0.8983621001243591,False,healthy,0.9475536346435547,0.9475536346435547,0.05244641378521919,False,pink,70.0,1.0,,0.0,0.0,0.0,0.0,True
17,video_02_frame_000017,False,4,False,0,True,-1,535,311,696,455,0.8657805919647217,False,healthy,0.9984733462333679,0.9984733462333679,0.0015266176778823137,False,pink,70.0,0.8681207793215866,,0.0,0.0,0.0,0.0,True
18,video_02_frame_000018,False,2,False,0,True,-1,445,481,635,674,0.9581747055053711,False,unhealthy,0.8566920161247253,0.14330799877643585,0.8566920161247253,False,,,,,0.0,0.0,0.0,0.0,True
18,video_02_frame_000018,False,1,False,0,True,-1,355,647,567,857,0.9534012675285339,False,healthy,0.9448022246360779,0.9448022246360779,0.055197808891534805,False,pink,70.0,0.9941728850507252,,0.0,0.0,0.0,0.0,True
18,video_02_frame_000018,False,3,False,0,True,-1,238,474,444,686,0.9404054880142212,False,healthy,0.9932072758674622,0.9932072758674622,0.006792756263166666,False,pink,70.0,0.9755466356818422,,0.0,0.0,0.0,0.0,True
18,video_02_frame_000018,False,6,False,0,True,-1,606,559,707,769,0.9119415879249573,False,healthy,0.8368513584136963,0.8368513584136963,0.1631486415863037,False,pink,70.0,0.8252312867956266,,0.0,0.0,0.0,0.0,True
18,video_02_frame_000018,False,5,False,0,True,-1,565,423,707,579,0.8983621001243591,False,healthy,0.9475536346435547,0.9475536346435547,0.05244641378521919,False,pink,70.0,1.0,,0.0,0.0,0.0,0.0,True
18,video_02_frame_000018,False,4,False,0,True,-1,532,310,693,454,0.8657805919647217,False,healthy,0.9984733462333679,0.9984733462333679,0.0015266176778823137,False,pink,70.0,0.8681207793215866,,0.0,0.0,0.0,0.0,True
19,video_02_frame_000019,False,2,False,0,True,-1,441,481,631,674,0.9581747055053711,False,unhealthy,0.8566920161247253,0.14330799877643585,0.8566920161247253,False,,,,,0.0,0.0,0.0,0.0,True
19,video_02_frame_000019,False,1,False,0,True,-1,351,647,563,857,0.9534012675285339,False,healthy,0.9448022246360779,0.9448022246360779,0.055197808891534805,False,pink,70.0,0.9941728850507252,,0.0,0.0,0.0,0.0,True
19,video_02_frame_000019,False,3,False,0,True,-1,234,474,440,686,0.9404054880142212,False,healthy,0.9932072758674622,0.9932072758674622,0.006792756263166666,False,pink,70.0,0.9755466356818422,,0.0,0.0,0.0,0.0,True
19,video_02_frame_000019,False,6,False,0,True,-1,603,559,704,769,0.9119415879249573,False,healthy,0.8368513584136963,0.8368513584136963,0.1631486415863037,False,pink,70.0,0.8252312867956266,,0.0,0.0,0.0,0.0,True
19,video_02_frame_000019,False,5,False,0,True,-1,561,423,703,579,0.8983621001243591,False,healthy,0.9475536346435547,0.9475536346435547,0.05244641378521919,False,pink,70.0,1.0,,0.0,0.0,0.0,0.0,True
19,video_02_frame_000019,False,4,False,0,True,-1,529,310,690,454,0.8657805919647217,False,healthy,0.9984733462333679,0.9984733462333679,0.0015266176778823137,False,pink,70.0,0.8681207793215866,,0.0,0.0,0.0,0.0,True
20,video_02_frame_000020,False,2,False,0,True,-1,437,481,627,674,0.9581747055053711,False,unhealthy,0.8566920161247253,0.14330799877643585,0.8566920161247253,False,,,,,0.0,0.0,0.0,0.0,True
20,video_02_frame_000020,False,1,False,0,True,-1,347,648,559,858,0.9534012675285339,False,healthy,0.9448022246360779,0.9448022246360779,0.055197808891534805,False,pink,70.0,0.9941728850507252,,0.0,0.0,0.0,0.0,True
20,video_02_frame_000020,False,3,False,0,True,-1,229,474,435,686,0.9404054880142212,False,healthy,0.9932072758674622,0.9932072758674622,0.006792756263166666,False,pink,70.0,0.9755466356818422,,0.0,0.0,0.0,0.0,True
20,video_02_frame_000020,False,6,False,0,True,-1,599,559,700,769,0.9119415879249573,False,healthy,0.8368513584136963,0.8368513584136963,0.1631486415863037,False,pink,70.0,0.8252312867956266,,0.0,0.0,0.0,0.0,True
20,video_02_frame_000020,False,5,False,0,True,-1,557,423,699,579,0.8983621001243591,False,healthy,0.9475536346435547,0.9475536346435547,0.05244641378521919,False,pink,70.0,1.0,,0.0,0.0,0.0,0.0,True
20,video_02_frame_000020,False,4,False,0,True,-1,526,309,687,453,0.8657805919647217,False,healthy,0.9984733462333679,0.9984733462333679,0.0015266176778823137,False,pink,70.0,0.8681207793215866,,0.0,0.0,0.0,0.0,True
21,video_02_frame_000021,False,2,False,0,True,-1,433,481,623,674,0.9581747055053711,False,unhealthy,0.8566920161247253,0.14330799877643585,0.8566920161247253,False,,,,,0.0,0.0,0.0,0.0,True
21,video_02_frame_000021,False,1,False,0,True,-1,343,649,555,859,0.9534012675285339,False,healthy,0.9448022246360779,0.9448022246360779,0.055197808891534805,False,pink,70.0,0.9941728850507252,,0.0,0.0,0.0,0.0,True
21,video_02_frame_000021,False,3,False,0,True,-1,225,474,431,686,0.9404054880142212,False,healthy,0.9932072758674622,0.9932072758674622,0.006792756263166666,False,pink,70.0,0.9755466356818422,,0.0,0.0,0.0,0.0,True
21,video_02_frame_000021,False,6,False,0,True,-1,596,559,697,769,0.9119415879249573,False,healthy,0.8368513584136963,0.8368513584136963,0.1631486415863037,False,pink,70.0,0.8252312867956266,,0.0,0.0,0.0,0.0,True
21,video_02_frame_000021,False,5,False,0,True,-1,553,423,695,579,0.8983621001243591,False,healthy,0.9475536346435547,0.9475536346435547,0.05244641378521919,False,pink,70.0,1.0,,0.0,0.0,0.0,0.0,True
21,video_02_frame_000021,False,4,False,0,True,-1,523,309,684,453,0.8657805919647217,False,healthy,0.9984733462333679,0.9984733462333679,0.0015266176778823137,False,pink,70.0,0.8681207793215866,,0.0,0.0,0.0,0.0,True
22,video_02_frame_000022,False,2,False,0,True,-1,429,481,619,674,0.9581747055053711,False,unhealthy,0.8566920161247253,0.14330799877643585,0.8566920161247253,False,,,,,0.0,0.0,0.0,0.0,True
22,video_02_frame_000022,False,1,False,0,True,-1,339,650,551,860,0.9534012675285339,False,healthy,0.9448022246360779,0.9448022246360779,0.055197808891534805,False,pink,70.0,0.9941728850507252,,0.0,0.0,0.0,0.0,True
22,video_02_frame_000022,False,3,False,0,True,-1,220,474,426,686,0.9404054880142212,False,healthy,0.9932072758674622,0.9932072758674622,0.006792756263166666,False,pink,70.0,0.9755466356818422,,0.0,0.0,0.0,0.0,True
22,video_02_frame_000022,False,6,False,0,True,-1,593,559,694,769,0.9119415879249573,False,healthy,0.8368513584136963,0.8368513584136963,0.1631486415863037,False,pink,70.0,0.8252312867956266,,0.0,0.0,0.0,0.0,True
22,video_02_frame_000022,False,5,False,0,True,-1,549,423,691,579,0.8983621001243591,False,healthy,0.9475536346435547,0.9475536346435547,0.05244641378521919,False,pink,70.0,1.0,,0.0,0.0,0.0,0.0,True
22,video_02_frame_000022,False,4,False,0,True,-1,520,308,681,452,0.8657805919647217,False,healthy,0.9984733462333679,0.9984733462333679,0.0015266176778823137,False,pink,70.0,0.8681207793215866,,0.0,0.0,0.0,0.0,True
23,video_02_frame_000023,False,2,False,0,True,-1,424,481,614,674,0.9581747055053711,False,unhealthy,0.8566920161247253,0.14330799877643585,0.8566920161247253,False,,,,,0.0,0.0,0.0,0.0,True
23,video_02_frame_000023,False,1,False,0,True,-1,334,650,546,860,0.9534012675285339,False,healthy,0.9448022246360779,0.9448022246360779,0.055197808891534805,False,pink,70.0,0.9941728850507252,,0.0,0.0,0.0,0.0,True
23,video_02_frame_000023,False,3,False,0,True,-1,215,474,421,686,0.9404054880142212,False,healthy,0.9932072758674622,0.9932072758674622,0.006792756263166666,False,pink,70.0,0.9755466356818422,,0.0,0.0,0.0,0.0,True
23,video_02_frame_000023,False,6,False,0,True,-1,589,559,690,769,0.9119415879249573,False,healthy,0.8368513584136963,0.8368513584136963,0.1631486415863037,False,pink,70.0,0.8252312867956266,,0.0,0.0,0.0,0.0,True
23,video_02_frame_000023,False,5,False,0,True,-1,545,423,687,579,0.8983621001243591,False,healthy,0.9475536346435547,0.9475536346435547,0.05244641378521919,False,pink,70.0,1.0,,0.0,0.0,0.0,0.0,True
23,video_02_frame_000023,False,4,False,0,True,-1,516,308,677,452,0.8657805919647217,False,healthy,0.9984733462333679,0.9984733462333679,0.0015266176778823137,False,pink,70.0,0.8681207793215866,,0.0,0.0,0.0,0.0,True
24,video_02_frame_000024,False,2,False,0,True,-1,419,481,609,674,0.9581747055053711,False,unhealthy,0.8566920161247253,0.14330799877643585,0.8566920161247253,False,,,,,0.0,0.0,0.0,0.0,True
24,video_02_frame_000024,False,1,False,0,True,-1,329,651,541,861,0.9534012675285339,False,healthy,0.9448022246360779,0.9448022246360779,0.055197808891534805,False,pink,70.0,0.9941728850507252,,0.0,0.0,0.0,0.0,True
24,video_02_frame_000024,False,3,False,0,True,-1,210,474,416,686,0.9404054880142212,False,healthy,0.9932072758674622,0.9932072758674622,0.006792756263166666,False,pink,70.0,0.9755466356818422,,0.0,0.0,0.0,0.0,True
24,video_02_frame_000024,False,6,False,0,True,-1,585,559,686,769,0.9119415879249573,False,healthy,0.8368513584136963,0.8368513584136963,0.1631486415863037,False,pink,70.0,0.8252312867956266,,0.0,0.0,0.0,0.0,True
24,video_02_frame_000024,False,5,False,0,True,-1,541,423,683,579,0.8983621001243591,False,healthy,0.9475536346435547,0.9475536346435547,0.05244641378521919,False,pink,70.0,1.0,,0.0,0.0,0.0,0.0,True
24,video_02_frame_000024,False,4,False,0,True,-1,513,307,674,451,0.8657805919647217,False,healthy,0.9984733462333679,0.9984733462333679,0.0015266176778823137,False,pink,70.0,0.8681207793215866,,0.0,0.0,0.0,0.0,True
25,video_02_frame_000025,False,2,False,0,True,-1,415,481,605,674,0.9581747055053711,False,unhealthy,0.8566920161247253,0.14330799877643585,0.8566920161247253,False,,,,,0.0,0.0,0.0,0.0,True
25,video_02_frame_000025,False,1,False,0,True,-1,325,651,537,861,0.9534012675285339,False,healthy,0.9448022246360779,0.9448022246360779,0.055197808891534805,False,pink,70.0,0.9941728850507252,,0.0,0.0,0.0,0.0,True
25,video_02_frame_000025,False,3,False,0,True,-1,205,474,411,686,0.9404054880142212,False,healthy,0.9932072758674622,0.9932072758674622,0.006792756263166666,False,pink,70.0,0.9755466356818422,,0.0,0.0,0.0,0.0,True
25,video_02_frame_000025,False,6,False,0,True,-1,582,559,683,769,0.9119415879249573,False,healthy,0.8368513584136963,0.8368513584136963,0.1631486415863037,False,pink,70.0,0.8252312867956266,,0.0,0.0,0.0,0.0,True
25,video_02_frame_000025,False,5,False,0,True,-1,537,423,679,579,0.8983621001243591,False,healthy,0.9475536346435547,0.9475536346435547,0.05244641378521919,False,pink,70.0,1.0,,0.0,0.0,0.0,0.0,True
25,video_02_frame_000025,False,4,False,0,True,-1,510,306,671,450,0.8657805919647217,False,healthy,0.9984733462333679,0.9984733462333679,0.0015266176778823137,False,pink,70.0,0.8681207793215866,,0.0,0.0,0.0,0.0,True
26,video_02_frame_000026,True,1,False,3,True,1,315,652,537,868,0.9686514735221863,False,healthy,0.9448022246360779,0.9448022246360779,0.055197808891534805,False,pink,70.0,0.9941728850507252,,0.0,0.0,0.0,0.0,False
26,video_02_frame_000026,True,2,False,3,True,2,412,480,600,677,0.951483964920044,False,unhealthy,0.8566920161247253,0.14330799877643585,0.8566920161247253,False,,,,,0.0,0.0,0.0,0.0,False
26,video_02_frame_000026,True,3,False,3,True,3,197,478,411,690,0.9480150938034058,False,healthy,0.9932072758674622,0.9932072758674622,0.006792756263166666,False,pink,70.0,0.9755466356818422,,0.0,0.0,0.0,0.0,False
26,video_02_frame_000026,True,6,False,2,True,4,577,557,720,769,0.9244962334632874,False,healthy,0.8368513584136963,0.8368513584136963,0.1631486415863037,False,pink,70.0,0.8252312867956266,,0.0,0.0,0.0,0.0,False
26,video_02_frame_000026,True,5,False,3,True,5,535,422,707,589,0.9033412337303162,False,healthy,0.9475536346435547,0.9475536346435547,0.05244641378521919,False,pink,70.0,1.0,,0.0,0.0,0.0,0.0,False
27,video_02_frame_000027,False,1,False,0,True,-1,310,651,532,867,0.9686514735221863,False,healthy,0.9448022246360779,0.9448022246360779,0.055197808891534805,False,pink,70.0,0.9941728850507252,,0.0,0.0,0.0,0.0,True
27,video_02_frame_000027,False,2,False,0,True,-1,407,479,595,676,0.951483964920044,False,unhealthy,0.8566920161247253,0.14330799877643585,0.8566920161247253,False,,,,,0.0,0.0,0.0,0.0,True
27,video_02_frame_000027,False,3,False,0,True,-1,192,477,406,689,0.9480150938034058,False,healthy,0.9932072758674622,0.9932072758674622,0.006792756263166666,False,pink,70.0,0.9755466356818422,,0.0,0.0,0.0,0.0,True
27,video_02_frame_000027,False,6,False,0,True,-1,573,556,716,768,0.9244962334632874,False,healthy,0.8368513584136963,0.8368513584136963,0.1631486415863037,False,pink,70.0,0.8252312867956266,,0.0,0.0,0.0,0.0,True
27,video_02_frame_000027,False,5,False,0,True,-1,531,421,703,588,0.9033412337303162,False,healthy,0.9475536346435547,0.9475536346435547,0.05244641378521919,False,pink,70.0,1.0,,0.0,0.0,0.0,0.0,True
28,video_02_frame_000028,False,1,False,0,True,-1,306,650,528,866,0.9686514735221863,False,healthy,0.9448022246360779,0.9448022246360779,0.055197808891534805,False,pink,70.0,0.9941728850507252,,0.0,0.0,0.0,0.0,True
28,video_02_frame_000028,False,2,False,0,True,-1,403,478,591,675,0.951483964920044,False,unhealthy,0.8566920161247253,0.14330799877643585,0.8566920161247253,False,,,,,0.0,0.0,0.0,0.0,True
28,video_02_frame_000028,False,3,False,0,True,-1,187,476,401,688,0.9480150938034058,False,healthy,0.9932072758674622,0.9932072758674622,0.006792756263166666,False,pink,70.0,0.9755466356818422,,0.0,0.0,0.0,0.0,True
28,video_02_frame_000028,False,6,False,0,True,-1,569,555,712,767,0.9244962334632874,False,healthy,0.8368513584136963,0.8368513584136963,0.1631486415863037,False,pink,70.0,0.8252312867956266,,0.0,0.0,0.0,0.0,True
28,video_02_frame_000028,False,5,False,0,True,-1,527,420,699,587,0.9033412337303162,False,healthy,0.9475536346435547,0.9475536346435547,0.05244641378521919,False,pink,70.0,1.0,,0.0,0.0,0.0,0.0,True
29,video_02_frame_000029,False,1,False,0,True,-1,302,649,524,865,0.9686514735221863,False,healthy,0.9448022246360779,0.9448022246360779,0.055197808891534805,False,pink,70.0,0.9941728850507252,,0.0,0.0,0.0,0.0,True
29,video_02_frame_000029,False,2,False,0,True,-1,399,477,587,674,0.951483964920044,False,unhealthy,0.8566920161247253,0.14330799877643585,0.8566920161247253,False,,,,,0.0,0.0,0.0,0.0,True
29,video_02_frame_000029,False,3,False,0,True,-1,183,475,397,687,0.9480150938034058,False,healthy,0.9932072758674622,0.9932072758674622,0.006792756263166666,False,pink,70.0,0.9755466356818422,,0.0,0.0,0.0,0.0,True
29,video_02_frame_000029,False,6,False,0,True,-1,566,554,709,766,0.9244962334632874,False,healthy,0.8368513584136963,0.8368513584136963,0.1631486415863037,False,pink,70.0,0.8252312867956266,,0.0,0.0,0.0,0.0,True
29,video_02_frame_000029,False,5,False,0,True,-1,524,419,696,586,0.9033412337303162,False,healthy,0.9475536346435547,0.9475536346435547,0.05244641378521919,False,pink,70.0,1.0,,0.0,0.0,0.0,0.0,True
30,video_02_frame_000030,False,1,False,0,True,-1,298,648,520,864,0.9686514735221863,False,healthy,0.9448022246360779,0.9448022246360779,0.055197808891534805,False,pink,70.0,0.9941728850507252,,0.0,0.0,0.0,0.0,True
30,video_02_frame_000030,False,2,False,0,True,-1,395,476,583,673,0.951483964920044,False,unhealthy,0.8566920161247253,0.14330799877643585,0.8566920161247253,False,,,,,0.0,0.0,0.0,0.0,True
30,video_02_frame_000030,False,3,False,0,True,-1,179,473,393,685,0.9480150938034058,False,healthy,0.9932072758674622,0.9932072758674622,0.006792756263166666,False,pink,70.0,0.9755466356818422,,0.0,0.0,0.0,0.0,True
30,video_02_frame_000030,False,6,False,0,True,-1,563,552,706,764,0.9244962334632874,False,healthy,0.8368513584136963,0.8368513584136963,0.1631486415863037,False,pink,70.0,0.8252312867956266,,0.0,0.0,0.0,0.0,True
30,video_02_frame_000030,False,5,False,0,True,-1,521,417,693,584,0.9033412337303162,False,healthy,0.9475536346435547,0.9475536346435547,0.05244641378521919,False,pink,70.0,1.0,,0.0,0.0,0.0,0.0,True
31,video_02_frame_000031,False,1,False,0,True,-1,294,647,516,863,0.9686514735221863,False,healthy,0.9448022246360779,0.9448022246360779,0.055197808891534805,False,pink,70.0,0.9941728850507252,,0.0,0.0,0.0,0.0,True
31,video_02_frame_000031,False,2,False,0,True,-1,391,474,579,671,0.951483964920044,False,unhealthy,0.8566920161247253,0.14330799877643585,0.8566920161247253,False,,,,,0.0,0.0,0.0,0.0,True
31,video_02_frame_000031,False,3,False,0,True,-1,175,471,389,683,0.9480150938034058,False,healthy,0.9932072758674622,0.9932072758674622,0.006792756263166666,False,pink,70.0,0.9755466356818422,,0.0,0.0,0.0,0.0,True
31,video_02_frame_000031,False,6,False,0,True,-1,560,550,703,762,0.9244962334632874,False,healthy,0.8368513584136963,0.8368513584136963,0.1631486415863037,False,pink,70.0,0.8252312867956266,,0.0,0.0,0.0,0.0,True
31,video_02_frame_000031,False,5,False,0,True,-1,518,415,690,582,0.9033412337303162,False,healthy,0.9475536346435547,0.9475536346435547,0.05244641378521919,False,pink,70.0,1.0,,0.0,0.0,0.0,0.0,True
32,video_02_frame_000032,False,1,False,0,True,-1,290,646,512,862,0.9686514735221863,False,healthy,0.9448022246360779,0.9448022246360779,0.055197808891534805,False,pink,70.0,0.9941728850507252,,0.0,0.0,0.0,0.0,True
32,video_02_frame_000032,False,2,False,0,True,-1,387,472,575,669,0.951483964920044,False,unhealthy,0.8566920161247253,0.14330799877643585,0.8566920161247253,False,,,,,0.0,0.0,0.0,0.0,True
32,video_02_frame_000032,False,3,False,0,True,-1,170,469,384,681,0.9480150938034058,False,healthy,0.9932072758674622,0.9932072758674622,0.006792756263166666,False,pink,70.0,0.9755466356818422,,0.0,0.0,0.0,0.0,True
32,video_02_frame_000032,False,6,False,0,True,-1,557,548,700,760,0.9244962334632874,False,healthy,0.8368513584136963,0.8368513584136963,0.1631486415863037,False,pink,70.0,0.8252312867956266,,0.0,0.0,0.0,0.0,True
32,video_02_frame_000032,False,5,False,0,True,-1,515,413,687,580,0.9033412337303162,False,healthy,0.9475536346435547,0.9475536346435547,0.05244641378521919,False,pink,70.0,1.0,,0.0,0.0,0.0,0.0,True
33,video_02_frame_000033,False,1,False,0,True,-1,286,645,508,861,0.9686514735221863,False,healthy,0.9448022246360779,0.9448022246360779,0.055197808891534805,False,pink,70.0,0.9941728850507252,,0.0,0.0,0.0,0.0,True
33,video_02_frame_000033,False,2,False,0,True,-1,383,470,571,667,0.951483964920044,False,unhealthy,0.8566920161247253,0.14330799877643585,0.8566920161247253,False,,,,,0.0,0.0,0.0,0.0,True
33,video_02_frame_000033,False,3,False,0,True,-1,165,467,379,679,0.9480150938034058,False,healthy,0.9932072758674622,0.9932072758674622,0.006792756263166666,False,pink,70.0,0.9755466356818422,,0.0,0.0,0.0,0.0,True
33,video_02_frame_000033,False,6,False,0,True,-1,553,546,696,758,0.9244962334632874,False,healthy,0.8368513584136963,0.8368513584136963,0.1631486415863037,False,pink,70.0,0.8252312867956266,,0.0,0.0,0.0,0.0,True
33,video_02_frame_000033,False,5,False,0,True,-1,511,411,683,578,0.9033412337303162,False,healthy,0.9475536346435547,0.9475536346435547,0.05244641378521919,False,pink,70.0,1.0,,0.0,0.0,0.0,0.0,True
34,video_02_frame_000034,False,1,False,0,True,-1,282,644,504,860,0.9686514735221863,False,healthy,0.9448022246360779,0.9448022246360779,0.055197808891534805,False,pink,70.0,0.9941728850507252,,0.0,0.0,0.0,0.0,True
34,video_02_frame_000034,False,2,False,0,True,-1,379,469,567,666,0.951483964920044,False,unhealthy,0.8566920161247253,0.14330799877643585,0.8566920161247253,False,,,,,0.0,0.0,0.0,0.0,True
34,video_02_frame_000034,False,3,False,0,True,-1,161,466,375,678,0.9480150938034058,False,healthy,0.9932072758674622,0.9932072758674622,0.006792756263166666,False,pink,70.0,0.9755466356818422,,0.0,0.0,0.0,0.0,True
34,video_02_frame_000034,False,6,False,0,True,-1,550,545,693,757,0.9244962334632874,False,healthy,0.8368513584136963,0.8368513584136963,0.1631486415863037,False,pink,70.0,0.8252312867956266,,0.0,0.0,0.0,0.0,True
34,video_02_frame_000034,False,5,False,0,True,-1,508,410,680,577,0.9033412337303162,False,healthy,0.9475536346435547,0.9475536346435547,0.05244641378521919,False,pink,70.0,1.0,,0.0,0.0,0.0,0.0,True
35,video_02_frame_000035,False,1,False,0,True,-1,278,644,500,860,0.9686514735221863,False,healthy,0.9448022246360779,0.9448022246360779,0.055197808891534805,False,pink,70.0,0.9941728850507252,,0.0,0.0,0.0,0.0,True
35,video_02_frame_000035,False,2,False,0,True,-1,375,468,563,665,0.951483964920044,False,unhealthy,0.8566920161247253,0.14330799877643585,0.8566920161247253,False,,,,,0.0,0.0,0.0,0.0,True
35,video_02_frame_000035,False,3,False,0,True,-1,157,465,371,677,0.9480150938034058,False,healthy,0.9932072758674622,0.9932072758674622,0.006792756263166666,False,pink,70.0,0.9755466356818422,,0.0,0.0,0.0,0.0,True
35,video_02_frame_000035,False,6,False,0,True,-1,547,544,690,756,0.9244962334632874,False,healthy,0.8368513584136963,0.8368513584136963,0.1631486415863037,False,pink,70.0,0.8252312867956266,,0.0,0.0,0.0,0.0,True
35,video_02_frame_000035,False,5,False,0,True,-1,505,409,677,576,0.9033412337303162,False,healthy,0.9475536346435547,0.9475536346435547,0.05244641378521919,False,pink,70.0,1.0,,0.0,0.0,0.0,0.0,True
36,video_02_frame_000036,False,1,False,0,True,-1,274,644,496,860,0.9686514735221863,False,healthy,0.9448022246360779,0.9448022246360779,0.055197808891534805,False,pink,70.0,0.9941728850507252,,0.0,0.0,0.0,0.0,True
36,video_02_frame_000036,False,2,False,0,True,-1,371,468,559,665,0.951483964920044,False,unhealthy,0.8566920161247253,0.14330799877643585,0.8566920161247253,False,,,,,0.0,0.0,0.0,0.0,True
36,video_02_frame_000036,False,3,False,0,True,-1,152,465,366,677,0.9480150938034058,False,healthy,0.9932072758674622,0.9932072758674622,0.006792756263166666,False,pink,70.0,0.9755466356818422,,0.0,0.0,0.0,0.0,True
36,video_02_frame_000036,False,6,False,0,True,-1,544,544,687,756,0.9244962334632874,False,healthy,0.8368513584136963,0.8368513584136963,0.1631486415863037,False,pink,70.0,0.8252312867956266,,0.0,0.0,0.0,0.0,True
36,video_02_frame_000036,False,5,False,0,True,-1,502,408,674,575,0.9033412337303162,False,healthy,0.9475536346435547,0.9475536346435547,0.05244641378521919,False,pink,70.0,1.0,,0.0,0.0,0.0,0.0,True
37,video_02_frame_000037,False,1,False,0,True,-1,270,645,492,861,0.9686514735221863,False,healthy,0.9448022246360779,0.9448022246360779,0.055197808891534805,False,pink,70.0,0.9941728850507252,,0.0,0.0,0.0,0.0,True
37,video_02_frame_000037,False,2,False,0,True,-1,367,469,555,666,0.951483964920044,False,unhealthy,0.8566920161247253,0.14330799877643585,0.8566920161247253,False,,,,,0.0,0.0,0.0,0.0,True
37,video_02_frame_000037,False,3,False,0,True,-1,148,465,362,677,0.9480150938034058,False,healthy,0.9932072758674622,0.9932072758674622,0.006792756263166666,False,pink,70.0,0.9755466356818422,,0.0,0.0,0.0,0.0,True
37,video_02_frame_000037,False,6,False,0,True,-1,541,545,684,757,0.9244962334632874,False,healthy,0.8368513584136963,0.8368513584136963,0.1631486415863037,False,pink,70.0,0.8252312867956266,,0.0,0.0,0.0,0.0,True
37,video_02_frame_000037,False,5,False,0,True,-1,499,408,671,575,0.9033412337303162,False,healthy,0.9475536346435547,0.9475536346435547,0.05244641378521919,False,pink,70.0,1.0,,0.0,0.0,0.0,0.0,True
38,video_02_frame_000038,False,1,False,0,True,-1,266,646,488,862,0.9686514735221863,False,healthy,0.9448022246360779,0.9448022246360779,0.055197808891534805,False,pink,70.0,0.9941728850507252,,0.0,0.0,0.0,0.0,True
38,video_02_frame_000038,False,2,False,0,True,-1,363,470,551,667,0.951483964920044,False,unhealthy,0.8566920161247253,0.14330799877643585,0.8566920161247253,False,,,,,0.0,0.0,0.0,0.0,True
38,video_02_frame_000038,False,3,False,0,True,-1,144,466,358,678,0.9480150938034058,False,healthy,0.9932072758674622,0.9932072758674622,0.006792756263166666,False,pink,70.0,0.9755466356818422,,0.0,0.0,0.0,0.0,True
38,video_02_frame_000038,False,6,False,0,True,-1,538,546,681,758,0.9244962334632874,False,healthy,0.8368513584136963,0.8368513584136963,0.1631486415863037,False,pink,70.0,0.8252312867956266,,0.0,0.0,0.0,0.0,True
38,video_02_frame_000038,False,5,False,0,True,-1,496,408,668,575,0.9033412337303162,False,healthy,0.9475536346435547,0.9475536346435547,0.05244641378521919,False,pink,70.0,1.0,,0.0,0.0,0.0,0.0,True
39,video_02_frame_000039,True,1,False,4,True,1,260,640,486,867,0.9808521866798401,False,healthy,0.9448022246360779,0.9448022246360779,0.055197808891534805,False,pink,70.0,0.9941728850507252,,0.0,0.0,0.0,0.0,False
39,video_02_frame_000039,True,2,False,4,True,2,360,464,556,669,0.9673315286636353,False,unhealthy,0.8566920161247253,0.14330799877643585,0.8566920161247253,False,,,,,0.0,0.0,0.0,0.0,False
39,video_02_frame_000039,True,3,False,4,True,3,140,476,359,682,0.9451794028282166,False,healthy,0.9932072758674622,0.9932072758674622,0.006792756263166666,False,pink,70.0,0.9755466356818422,,0.0,0.0,0.0,0.0,False
39,video_02_frame_000039,True,6,False,3,True,4,527,543,720,762,0.9310474395751953,False,healthy,0.8368513584136963,0.8368513584136963,0.1631486415863037,False,pink,70.0,0.8252312867956266,,0.0,0.0,0.0,0.0,False
39,video_02_frame_000039,True,5,False,4,True,5,491,405,663,581,0.8970726728439331,False,healthy,0.9475536346435547,0.9475536346435547,0.05244641378521919,False,pink,70.0,1.0,,0.0,0.0,0.0,0.0,False
39,video_02_frame_000039,True,7,True,1,False,6,46,523,168,692,0.8187025189399719,True,healthy,0.9995219707489014,0.9995219707489014,0.00047800419270060956,True,pink,70.0,0.6655149720302731,,3.4809112548828125e-05,0.015030860900878906,0.199141263961792,0.21420693397521973,False
39,video_02_frame_000039,True,8,True,1,False,7,56,654,267,783,0.809259295463562,True,healthy,0.9960554838180542,0.9960554838180542,0.00394448870792985,True,pink,70.0,0.9957723852202587,,2.09808349609375e-05,0.01917886734008789,0.26572108268737793,0.28492093086242676,False
39,video_02_frame_000039,True,4,False,3,True,8,468,284,624,432,0.8016085028648376,False,healthy,0.9984733462333679,0.9984733462333679,0.0015266176778823137,False,pink,70.0,0.8681207793215866,,0.0,0.0,0.0,0.0,False
40,video_02_frame_000040,False,1,False,0,True,-1,256,641,482,868,0.9808521866798401,False,healthy,0.9448022246360779,0.9448022246360779,0.055197808891534805,False,pink,70.0,0.9941728850507252,,0.0,0.0,0.0,0.0,True
40,video_02_frame_000040,False,2,False,0,True,-1,356,464,552,669,0.9673315286636353,False,unhealthy,0.8566920161247253,0.14330799877643585,0.8566920161247253,False,,,,,0.0,0.0,0.0,0.0,True
40,video_02_frame_000040,False,3,False,0,True,-1,135,476,354,682,0.9451794028282166,False,healthy,0.9932072758674622,0.9932072758674622,0.006792756263166666,False,pink,70.0,0.9755466356818422,,0.0,0.0,0.0,0.0,True
40,video_02_frame_000040,False,6,False,0,True,-1,524,543,717,762,0.9310474395751953,False,healthy,0.8368513584136963,0.8368513584136963,0.1631486415863037,False,pink,70.0,0.8252312867956266,,0.0,0.0,0.0,0.0,True
40,video_02_frame_000040,False,5,False,0,True,-1,488,405,660,581,0.8970726728439331,False,healthy,0.9475536346435547,0.9475536346435547,0.05244641378521919,False,pink,70.0,1.0,,0.0,0.0,0.0,0.0,True
40,video_02_frame_000040,False,7,False,0,True,-1,41,523,163,692,0.8187025189399719,False,healthy,0.9995219707489014,0.9995219707489014,0.00047800419270060956,False,pink,70.0,0.6655149720302731,,0.0,0.0,0.0,0.0,True
40,video_02_frame_000040,False,8,False,0,True,-1,51,655,262,784,0.809259295463562,False,healthy,0.9960554838180542,0.9960554838180542,0.00394448870792985,False,pink,70.0,0.9957723852202587,,0.0,0.0,0.0,0.0,True
40,video_02_frame_000040,False,4,False,0,True,-1,465,283,621,431,0.8016085028648376,False,healthy,0.9984733462333679,0.9984733462333679,0.0015266176778823137,False,pink,70.0,0.8681207793215866,,0.0,0.0,0.0,0.0,True
41,video_02_frame_000041,False,1,False,0,True,-1,252,641,478,868,0.9808521866798401,False,healthy,0.9448022246360779,0.9448022246360779,0.055197808891534805,False,pink,70.0,0.9941728850507252,,0.0,0.0,0.0,0.0,True
41,video_02_frame_000041,False,2,False,0,True,-1,352,464,548,669,0.9673315286636353,False,unhealthy,0.8566920161247253,0.14330799877643585,0.8566920161247253,False,,,,,0.0,0.0,0.0,0.0,True
41,video_02_frame_000041,False,3,False,0,True,-1,130,476,349,682,0.9451794028282166,False,healthy,0.9932072758674622,0.9932072758674622,0.006792756263166666,False,pink,70.0,0.9755466356818422,,0.0,0.0,0.0,0.0,True
41,video_02_frame_000041,False,6,False,0,True,-1,521,543,714,762,0.9310474395751953,False,healthy,0.8368513584136963,0.8368513584136963,0.1631486415863037,False,pink,70.0,0.8252312867956266,,0.0,0.0,0.0,0.0,True
41,video_02_frame_000041,False,5,False,0,True,-1,485,405,657,581,0.8970726728439331,False,healthy,0.9475536346435547,0.9475536346435547,0.05244641378521919,False,pink,70.0,1.0,,0.0,0.0,0.0,0.0,True
41,video_02_frame_000041,False,7,False,0,True,-1,36,523,158,692,0.8187025189399719,False,healthy,0.9995219707489014,0.9995219707489014,0.00047800419270060956,False,pink,70.0,0.6655149720302731,,0.0,0.0,0.0,0.0,True
41,video_02_frame_000041,False,8,False,0,True,-1,46,656,257,785,0.809259295463562,False,healthy,0.9960554838180542,0.9960554838180542,0.00394448870792985,False,pink,70.0,0.9957723852202587,,0.0,0.0,0.0,0.0,True
41,video_02_frame_000041,False,4,False,0,True,-1,462,282,618,430,0.8016085028648376,False,healthy,0.9984733462333679,0.9984733462333679,0.0015266176778823137,False,pink,70.0,0.8681207793215866,,0.0,0.0,0.0,0.0,True
42,video_02_frame_000042,False,1,False,0,True,-1,247,641,473,868,0.9808521866798401,False,healthy,0.9448022246360779,0.9448022246360779,0.055197808891534805,False,pink,70.0,0.9941728850507252,,0.0,0.0,0.0,0.0,True
42,video_02_frame_000042,False,2,False,0,True,-1,347,463,543,668,0.9673315286636353,False,unhealthy,0.8566920161247253,0.14330799877643585,0.8566920161247253,False,,,,,0.0,0.0,0.0,0.0,True
42,video_02_frame_000042,False,3,False,0,True,-1,124,475,343,681,0.9451794028282166,False,healthy,0.9932072758674622,0.9932072758674622,0.006792756263166666,False,pink,70.0,0.9755466356818422,,0.0,0.0,0.0,0.0,True
42,video_02_frame_000042,False,6,False,0,True,-1,517,542,710,761,0.9310474395751953,False,healthy,0.8368513584136963,0.8368513584136963,0.1631486415863037,False,pink,70.0,0.8252312867956266,,0.0,0.0,0.0,0.0,True
42,video_02_frame_000042,False,5,False,0,True,-1,481,404,653,580,0.8970726728439331,False,healthy,0.9475536346435547,0.9475536346435547,0.05244641378521919,False,pink,70.0,1.0,,0.0,0.0,0.0,0.0,True
42,video_02_frame_000042,False,7,False,0,True,-1,30,523,152,692,0.8187025189399719,False,healthy,0.9995219707489014,0.9995219707489014,0.00047800419270060956,False,pink,70.0,0.6655149720302731,,0.0,0.0,0.0,0.0,True
42,video_02_frame_000042,False,8,False,0,True,-1,39,656,250,785,0.809259295463562,False,healthy,0.9960554838180542,0.9960554838180542,0.00394448870792985,False,pink,70.0,0.9957723852202587,,0.0,0.0,0.0,0.0,True
42,video_02_frame_000042,False,4,False,0,True,-1,458,281,614,429,0.8016085028648376,False,healthy,0.9984733462333679,0.9984733462333679,0.0015266176778823137,False,pink,70.0,0.8681207793215866,,0.0,0.0,0.0,0.0,True
43,video_02_frame_000043,False,1,False,0,True,-1,241,641,467,868,0.9808521866798401,False,healthy,0.9448022246360779,0.9448022246360779,0.055197808891534805,False,pink,70.0,0.9941728850507252,,0.0,0.0,0.0,0.0,True
43,video_02_frame_000043,False,2,False,0,True,-1,341,462,537,667,0.9673315286636353,False,unhealthy,0.8566920161247253,0.14330799877643585,0.8566920161247253,False,,,,,0.0,0.0,0.0,0.0,True
43,video_02_frame_000043,False,3,False,0,True,-1,118,474,337,680,0.9451794028282166,False,healthy,0.9932072758674622,0.9932072758674622,0.006792756263166666,False,pink,70.0,0.9755466356818422,,0.0,0.0,0.0,0.0,True
43,video_02_frame_000043,False,6,False,0,True,-1,513,541,706,760,0.9310474395751953,False,healthy,0.8368513584136963,0.8368513584136963,0.1631486415863037,False,pink,70.0,0.8252312867956266,,0.0,0.0,0.0,0.0,True
43,video_02_frame_000043,False,5,False,0,True,-1,476,403,648,579,0.8970726728439331,False,healthy,0.9475536346435547,0.9475536346435547,0.05244641378521919,False,pink,70.0,1.0,,0.0,0.0,0.0,0.0,True
43,video_02_frame_000043,False,7,False,0,True,-1,23,522,145,691,0.8187025189399719,False,healthy,0.9995219707489014,0.9995219707489014,0.00047800419270060956,False,pink,70.0,0.6655149720302731,,0.0,0.0,0.0,0.0,True
43,video_02_frame_000043,False,8,False,0,True,-1,32,656,243,785,0.809259295463562,False,healthy,0.9960554838180542,0.9960554838180542,0.00394448870792985,False,pink,70.0,0.9957723852202587,,0.0,0.0,0.0,0.0,True
43,video_02_frame_000043,False,4,False,0,True,-1,454,280,610,428,0.8016085028648376,False,healthy,0.9984733462333679,0.9984733462333679,0.0015266176778823137,False,pink,70.0,0.8681207793215866,,0.0,0.0,0.0,0.0,True
44,video_02_frame_000044,False,1,False,0,True,-1,235,641,461,868,0.9808521866798401,False,healthy,0.9448022246360779,0.9448022246360779,0.055197808891534805,False,pink,70.0,0.9941728850507252,,0.0,0.0,0.0,0.0,True
44,video_02_frame_000044,False,2,False,0,True,-1,336,461,532,666,0.9673315286636353,False,unhealthy,0.8566920161247253,0.14330799877643585,0.8566920161247253,False,,,,,0.0,0.0,0.0,0.0,True
44,video_02_frame_000044,False,3,False,0,True,-1,112,473,331,679,0.9451794028282166,False,healthy,0.9932072758674622,0.9932072758674622,0.006792756263166666,False,pink,70.0,0.9755466356818422,,0.0,0.0,0.0,0.0,True
44,video_02_frame_000044,False,6,False,0,True,-1,509,540,702,759,0.9310474395751953,False,healthy,0.8368513584136963,0.8368513584136963,0.1631486415863037,False,pink,70.0,0.8252312867956266,,0.0,0.0,0.0,0.0,True
44,video_02_frame_000044,False,5,False,0,True,-1,472,402,644,578,0.8970726728439331,False,healthy,0.9475536346435547,0.9475536346435547,0.05244641378521919,False,pink,70.0,1.0,,0.0,0.0,0.0,0.0,True
44,video_02_frame_000044,False,7,False,0,True,-1,17,521,139,690,0.8187025189399719,False,healthy,0.9995219707489014,0.9995219707489014,0.00047800419270060956,False,pink,70.0,0.6655149720302731,,0.0,0.0,0.0,0.0,True
44,video_02_frame_000044,False,8,False,0,True,-1,25,656,236,785,0.809259295463562,False,healthy,0.9960554838180542,0.9960554838180542,0.00394448870792985,False,pink,70.0,0.9957723852202587,,0.0,0.0,0.0,0.0,True
44,video_02_frame_000044,False,4,False,0,True,-1,450,278,606,426,0.8016085028648376,False,healthy,0.9984733462333679,0.9984733462333679,0.0015266176778823137,False,pink,70.0,0.8681207793215866,,0.0,0.0,0.0,0.0,True
45,video_02_frame_000045,False,1,False,0,True,-1,229,641,455,868,0.9808521866798401,False,healthy,0.9448022246360779,0.9448022246360779,0.055197808891534805,False,pink,70.0,0.9941728850507252,,0.0,0.0,0.0,0.0,True
45,video_02_frame_000045,False,2,False,0,True,-1,331,460,527,665,0.9673315286636353,False,unhealthy,0.8566920161247253,0.14330799877643585,0.8566920161247253,False,,,,,0.0,0.0,0.0,0.0,True
45,video_02_frame_000045,False,3,False,0,True,-1,106,472,325,678,0.9451794028282166,False,healthy,0.9932072758674622,0.9932072758674622,0.006792756263166666,False,pink,70.0,0.9755466356818422,,0.0,0.0,0.0,0.0,True
45,video_02_frame_000045,False,6,False,0,True,-1,505,539,698,758,0.9310474395751953,False,healthy,0.8368513584136963,0.8368513584136963,0.1631486415863037,False,pink,70.0,0.8252312867956266,,0.0,0.0,0.0,0.0,True
45,video_02_frame_000045,False,5,False,0,True,-1,468,401,640,577,0.8970726728439331,False,healthy,0.9475536346435547,0.9475536346435547,0.05244641378521919,False,pink,70.0,1.0,,0.0,0.0,0.0,0.0,True
45,video_02_frame_000045,False,7,False,0,True,-1,11,520,133,689,0.8187025189399719,False,healthy,0.9995219707489014,0.9995219707489014,0.00047800419270060956,False,pink,70.0,0.6655149720302731,,0.0,0.0,0.0,0.0,True
45,video_02_frame_000045,False,8,False,0,True,-1,18,656,229,785,0.809259295463562,False,healthy,0.9960554838180542,0.9960554838180542,0.00394448870792985,False,pink,70.0,0.9957723852202587,,0.0,0.0,0.0,0.0,True
45,video_02_frame_000045,False,4,False,0,True,-1,446,277,602,425,0.8016085028648376,False,healthy,0.9984733462333679,0.9984733462333679,0.0015266176778823137,False,pink,70.0,0.8681207793215866,,0.0,0.0,0.0,0.0,True
46,video_02_frame_000046,False,1,False,0,True,-1,223,641,449,868,0.9808521866798401,False,healthy,0.9448022246360779,0.9448022246360779,0.055197808891534805,False,pink,70.0,0.9941728850507252,,0.0,0.0,0.0,0.0,True
46,video_02_frame_000046,False,2,False,0,True,-1,325,459,521,664,0.9673315286636353,False,unhealthy,0.8566920161247253,0.14330799877643585,0.8566920161247253,False,,,,,0.0,0.0,0.0,0.0,True
46,video_02_frame_000046,False,3,False,0,True,-1,100,471,319,677,0.9451794028282166,False,healthy,0.9932072758674622,0.9932072758674622,0.006792756263166666,False,pink,70.0,0.9755466356818422,,0.0,0.0,0.0,0.0,True
46,video_02_frame_000046,False,6,False,0,True,-1,500,538,693,757,0.9310474395751953,False,healthy,0.8368513584136963,0.8368513584136963,0.1631486415863037,False,pink,70.0,0.8252312867956266,,0.0,0.0,0.0,0.0,True
46,video_02_frame_000046,False,5,False,0,True,-1,463,400,635,576,0.8970726728439331,False,healthy,0.9475536346435547,0.9475536346435547,0.05244641378521919,False,pink,70.0,1.0,,0.0,0.0,0.0,0.0,True
46,video_02_frame_000046,False,7,False,0,True,-1,5,519,127,688,0.8187025189399719,False,healthy,0.9995219707489014,0.9995219707489014,0.00047800419270060956,False,pink,70.0,0.6655149720302731,,0.0,0.0,0.0,0.0,True
46,video_02_frame_000046,False,8,False,0,True,-1,11,656,222,785,0.809259295463562,False,healthy,0.9960554838180542,0.9960554838180542,0.00394448870792985,False,pink,70.0,0.9957723852202587,,0.0,0.0,0.0,0.0,True
46,video_02_frame_000046,False,4,False,0,True,-1,442,275,598,423,0.8016085028648376,False,healthy,0.9984733462333679,0.9984733462333679,0.0015266176778823137,False,pink,70.0,0.8681207793215866,,0.0,0.0,0.0,0.0,True
47,video_02_frame_000047,False,1,False,0,True,-1,217,641,443,868,0.9808521866798401,False,healthy,0.9448022246360779,0.9448022246360779,0.055197808891534805,False,pink,70.0,0.9941728850507252,,0.0,0.0,0.0,0.0,True
47,video_02_frame_000047,False,2,False,0,True,-1,320,458,516,663,0.9673315286636353,False,unhealthy,0.8566920161247253,0.14330799877643585,0.8566920161247253,False,,,,,0.0,0.0,0.0,0.0,True
47,video_02_frame_000047,False,3,False,0,True,-1,94,470,313,676,0.9451794028282166,False,healthy,0.9932072758674622,0.9932072758674622,0.006792756263166666,False,pink,70.0,0.9755466356818422,,0.0,0.0,0.0,0.0,True
47,video_02_frame_000047,False,6,False,0,True,-1,496,537,689,756,0.9310474395751953,False,healthy,0.8368513584136963,0.8368513584136963,0.1631486415863037,False,pink,70.0,0.8252312867956266,,0.0,0.0,0.0,0.0,True
47,video_02_frame_000047,False,5,False,0,True,-1,459,399,631,575,0.8970726728439331,False,healthy,0.9475536346435547,0.9475536346435547,0.05244641378521919,False,pink,70.0,1.0,,0.0,0.0,0.0,0.0,True
47,video_02_frame_000047,False,7,False,0,True,-1,0,518,121,687,0.8187025189399719,False,healthy,0.9995219707489014,0.9995219707489014,0.00047800419270060956,False,pink,70.0,0.6655149720302731,,0.0,0.0,0.0,0.0,True
47,video_02_frame_000047,False,8,False,0,True,-1,4,656,215,785,0.809259295463562,False,healthy,0.9960554838180542,0.9960554838180542,0.00394448870792985,False,pink,70.0,0.9957723852202587,,0.0,0.0,0.0,0.0,True
47,video_02_frame_000047,False,4,False,0,True,-1,438,273,594,421,0.8016085028648376,False,healthy,0.9984733462333679,0.9984733462333679,0.0015266176778823137,False,pink,70.0,0.8681207793215866,,0.0,0.0,0.0,0.0,True
48,video_02_frame_000048,False,1,False,0,True,-1,212,641,438,868,0.9808521866798401,False,healthy,0.9448022246360779,0.9448022246360779,0.055197808891534805,False,pink,70.0,0.9941728850507252,,0.0,0.0,0.0,0.0,True
48,video_02_frame_000048,False,2,False,0,True,-1,315,457,511,662,0.9673315286636353,False,unhealthy,0.8566920161247253,0.14330799877643585,0.8566920161247253,False,,,,,0.0,0.0,0.0,0.0,True
48,video_02_frame_000048,False,3,False,0,True,-1,88,469,307,675,0.9451794028282166,False,healthy,0.9932072758674622,0.9932072758674622,0.006792756263166666,False,pink,70.0,0.9755466356818422,,0.0,0.0,0.0,0.0,True
48,video_02_frame_000048,False,6,False,0,True,-1,492,536,685,755,0.9310474395751953,False,healthy,0.8368513584136963,0.8368513584136963,0.1631486415863037,False,pink,70.0,0.8252312867956266,,0.0,0.0,0.0,0.0,True
48,video_02_frame_000048,False,5,False,0,True,-1,455,398,627,574,0.8970726728439331,False,healthy,0.9475536346435547,0.9475536346435547,0.05244641378521919,False,pink,70.0,1.0,,0.0,0.0,0.0,0.0,True
48,video_02_frame_000048,False,7,False,0,True,-1,0,517,115,686,0.8187025189399719,False,healthy,0.9995219707489014,0.9995219707489014,0.00047800419270060956,False,pink,70.0,0.6655149720302731,,0.0,0.0,0.0,0.0,True
48,video_02_frame_000048,False,8,False,0,True,-1,0,656,209,785,0.809259295463562,False,healthy,0.9960554838180542,0.9960554838180542,0.00394448870792985,False,pink,70.0,0.9957723852202587,,0.0,0.0,0.0,0.0,True
48,video_02_frame_000048,False,4,False,0,True,-1,435,271,591,419,0.8016085028648376,False,healthy,0.9984733462333679,0.9984733462333679,0.0015266176778823137,False,pink,70.0,0.8681207793215866,,0.0,0.0,0.0,0.0,True
49,video_02_frame_000049,False,1,False,0,True,-1,207,641,433,868,0.9808521866798401,False,healthy,0.9448022246360779,0.9448022246360779,0.055197808891534805,False,pink,70.0,0.9941728850507252,,0.0,0.0,0.0,0.0,True
49,video_02_frame_000049,False,2,False,0,True,-1,310,456,506,661,0.9673315286636353,False,unhealthy,0.8566920161247253,0.14330799877643585,0.8566920161247253,False,,,,,0.0,0.0,0.0,0.0,True
49,video_02_frame_000049,False,3,False,0,True,-1,83,468,302,674,0.9451794028282166,False,healthy,0.9932072758674622,0.9932072758674622,0.006792756263166666,False,pink,70.0,0.9755466356818422,,0.0,0.0,0.0,0.0,True
49,video_02_frame_000049,False,6,False,0,True,-1,488,535,681,754,0.9310474395751953,False,healthy,0.8368513584136963,0.8368513584136963,0.1631486415863037,False,pink,70.0,0.8252312867956266,,0.0,0.0,0.0,0.0,True
49,video_02_frame_000049,False,5,False,0,True,-1,451,397,623,573,0.8970726728439331,False,healthy,0.9475536346435547,0.9475536346435547,0.05244641378521919,False,pink,70.0,1.0,,0.0,0.0,0.0,0.0,True
49,video_02_frame_000049,False,7,False,0,True,-1,0,516,109,685,0.8187025189399719,False,healthy,0.9995219707489014,0.9995219707489014,0.00047800419270060956,False,pink,70.0,0.6655149720302731,,0.0,0.0,0.0,0.0,True
49,video_02_frame_000049,False,8,False,0,True,-1,0,656,203,785,0.809259295463562,False,healthy,0.9960554838180542,0.9960554838180542,0.00394448870792985,False,pink,70.0,0.9957723852202587,,0.0,0.0,0.0,0.0,True
49,video_02_frame_000049,False,4,False,0,True,-1,432,269,588,417,0.8016085028648376,False,healthy,0.9984733462333679,0.9984733462333679,0.0015266176778823137,False,pink,70.0,0.8681207793215866,,0.0,0.0,0.0,0.0,True
50,video_02_frame_000050,False,1,False,0,True,-1,203,641,429,868,0.9808521866798401,False,healthy,0.9448022246360779,0.9448022246360779,0.055197808891534805,False,pink,70.0,0.9941728850507252,,0.0,0.0,0.0,0.0,True
50,video_02_frame_000050,False,2,False,0,True,-1,306,455,502,660,0.9673315286636353,False,unhealthy,0.8566920161247253,0.14330799877643585,0.8566920161247253,False,,,,,0.0,0.0,0.0,0.0,True
50,video_02_frame_000050,False,3,False,0,True,-1,79,467,298,673,0.9451794028282166,False,healthy,0.9932072758674622,0.9932072758674622,0.006792756263166666,False,pink,70.0,0.9755466356818422,,0.0,0.0,0.0,0.0,True
50,video_02_frame_000050,False,6,False,0,True,-1,485,534,678,753,0.9310474395751953,False,healthy,0.8368513584136963,0.8368513584136963,0.1631486415863037,False,pink,70.0,0.8252312867956266,,0.0,0.0,0.0,0.0,True
50,video_02_frame_000050,False,5,False,0,True,-1,448,396,620,572,0.8970726728439331,False,healthy,0.9475536346435547,0.9475536346435547,0.05244641378521919,False,pink,70.0,1.0,,0.0,0.0,0.0,0.0,True
50,video_02_frame_000050,False,7,False,0,True,-1,0,516,105,685,0.8187025189399719,False,healthy,0.9995219707489014,0.9995219707489014,0.00047800419270060956,False,pink,70.0,0.6655149720302731,,0.0,0.0,0.0,0.0,True
50,video_02_frame_000050,False,8,False,0,True,-1,0,656,198,785,0.809259295463562,False,healthy,0.9960554838180542,0.9960554838180542,0.00394448870792985,False,pink,70.0,0.9957723852202587,,0.0,0.0,0.0,0.0,True
50,video_02_frame_000050,False,4,False,0,True,-1,429,268,585,416,0.8016085028648376,False,healthy,0.9984733462333679,0.9984733462333679,0.0015266176778823137,False,pink,70.0,0.8681207793215866,,0.0,0.0,0.0,0.0,True
51,video_02_frame_000051,False,1,False,0,True,-1,200,642,426,869,0.9808521866798401,False,healthy,0.9448022246360779,0.9448022246360779,0.055197808891534805,False,pink,70.0,0.9941728850507252,,0.0,0.0,0.0,0.0,True
51,video_02_frame_000051,False,2,False,0,True,-1,303,456,499,661,0.9673315286636353,False,unhealthy,0.8566920161247253,0.14330799877643585,0.8566920161247253,False,,,,,0.0,0.0,0.0,0.0,True
51,video_02_frame_000051,False,3,False,0,True,-1,76,468,295,674,0.9451794028282166,False,healthy,0.9932072758674622,0.9932072758674622,0.006792756263166666,False,pink,70.0,0.9755466356818422,,0.0,0.0,0.0,0.0,True
51,video_02_frame_000051,False,6,False,0,True,-1,483,535,676,754,0.9310474395751953,False,healthy,0.8368513584136963,0.8368513584136963,0.1631486415863037,False,pink,70.0,0.8252312867956266,,0.0,0.0,0.0,0.0,True
51,video_02_frame_000051,False,5,False,0,True,-1,445,396,617,572,0.8970726728439331,False,healthy,0.9475536346435547,0.9475536346435547,0.05244641378521919,False,pink,70.0,1.0,,0.0,0.0,0.0,0.0,True
51,video_02_frame_000051,False,7,False,0,True,-1,0,517,101,686,0.8187025189399719,False,healthy,0.9995219707489014,0.9995219707489014,0.00047800419270060956,False,pink,70.0,0.6655149720302731,,0.0,0.0,0.0,0.0,True
51,video_02_frame_000051,False,8,False,0,True,-1,0,658,194,787,0.809259295463562,False,healthy,0.9960554838180542,0.9960554838180542,0.00394448870792985,False,pink,70.0,0.9957723852202587,,0.0,0.0,0.0,0.0,True
51,video_02_frame_000051,False,4,False,0,True,-1,427,268,583,416,0.8016085028648376,False,healthy,0.9984733462333679,0.9984733462333679,0.0015266176778823137,False,pink,70.0,0.8681207793215866,,0.0,0.0,0.0,0.0,True
52,video_02_frame_000052,True,1,False,5,True,1,194,641,433,882,0.9852576851844788,False,healthy,0.9448022246360779,0.9448022246360779,0.055197808891534805,False,pink,70.0,0.9941728850507252,,0.0,0.0,0.0,0.0,False
52,video_02_frame_000052,True,2,False,5,True,2,299,456,503,667,0.9714544415473938,False,unhealthy,0.8566920161247253,0.14330799877643585,0.8566920161247253,False,,,,,0.0,0.0,0.0,0.0,False
52,video_02_frame_000052,True,6,False,4,True,3,477,536,699,765,0.9577518105506897,False,healthy,0.8368513584136963,0.8368513584136963,0.1631486415863037,False,pink,70.0,0.8252312867956266,,0.0,0.0,0.0,0.0,False
52,video_02_frame_000052,True,3,False,5,True,4,66,471,294,685,0.9491230845451355,False,healthy,0.9932072758674622,0.9932072758674622,0.006792756263166666,False,pink,70.0,0.9755466356818422,,0.0,0.0,0.0,0.0,False
52,video_02_frame_000052,True,5,False,5,True,5,448,391,618,565,0.9112594723701477,False,healthy,0.9475536346435547,0.9475536346435547,0.05244641378521919,False,pink,70.0,1.0,,0.0,0.0,0.0,0.0,False
52,video_02_frame_000052,True,9,True,1,False,6,3,736,225,968,0.864758312702179,True,unhealthy,0.8186511397361755,0.18134884536266327,0.8186511397361755,False,,,,,5.507469177246094e-05,0.016650676727294922,0.0,0.016705751419067383,False
52,video_02_frame_000052,True,10,True,1,False,7,430,947,657,1058,0.8260726928710938,True,healthy,0.9831209182739258,0.9831209182739258,0.0168791264295578,True,pink,70.0,0.9972642607683353,,3.147125244140625e-05,0.0166473388671875,0.13248705863952637,0.14916586875915527,False
53,video_02_frame_000053,False,1,False,0,True,-1,191,643,430,884,0.9852576851844788,False,healthy,0.9448022246360779,0.9448022246360779,0.055197808891534805,False,pink,70.0,0.9941728850507252,,0.0,0.0,0.0,0.0,True
53,video_02_frame_000053,False,2,False,0,True,-1,296,458,500,669,0.9714544415473938,False,unhealthy,0.8566920161247253,0.14330799877643585,0.8566920161247253,False,,,,,0.0,0.0,0.0,0.0,True
53,video_02_frame_000053,False,6,False,0,True,-1,475,537,697,766,0.9577518105506897,False,healthy,0.8368513584136963,0.8368513584136963,0.1631486415863037,False,pink,70.0,0.8252312867956266,,0.0,0.0,0.0,0.0,True
53,video_02_frame_000053,False,3,False,0,True,-1,63,472,291,686,0.9491230845451355,False,healthy,0.9932072758674622,0.9932072758674622,0.006792756263166666,False,pink,70.0,0.9755466356818422,,0.0,0.0,0.0,0.0,True
53,video_02_frame_000053,False,5,False,0,True,-1,446,392,616,566,0.9112594723701477,False,healthy,0.9475536346435547,0.9475536346435547,0.05244641378521919,False,pink,70.0,1.0,,0.0,0.0,0.0,0.0,True
53,video_02_frame_000053,False,9,False,0,True,-1,0,739,222,971,0.864758312702179,False,unhealthy,0.8186511397361755,0.18134884536266327,0.8186511397361755,False,,,,,0.0,0.0,0.0,0.0,True
53,video_02_frame_000053,False,10,False,0,True,-1,428,951,655,1062,0.8260726928710938,False,healthy,0.9831209182739258,0.9831209182739258,0.0168791264295578,False,pink,70.0,0.9972642607683353,,0.0,0.0,0.0,0.0,True
54,video_02_frame_000054,False,1,False,0,True,-1,188,645,427,886,0.9852576851844788,False,healthy,0.9448022246360779,0.9448022246360779,0.055197808891534805,False,pink,70.0,0.9941728850507252,,0.0,0.0,0.0,0.0,True
54,video_02_frame_000054,False,2,False,0,True,-1,293,460,497,671,0.9714544415473938,False,unhealthy,0.8566920161247253,0.14330799877643585,0.8566920161247253,False,,,,,0.0,0.0,0.0,0.0,True
54,video_02_frame_000054,False,6,False,0,True,-1,473,538,695,767,0.9577518105506897,False,healthy,0.8368513584136963,0.8368513584136963,0.1631486415863037,False,pink,70.0,0.8252312867956266,,0.0,0.0,0.0,0.0,True
54,video_02_frame_000054,False,3,False,0,True,-1,59,473,287,687,0.9491230845451355,False,healthy,0.9932072758674622,0.9932072758674622,0.006792756263166666,False,pink,70.0,0.9755466356818422,,0.0,0.0,0.0,0.0,True
54,video_02_frame_000054,False,5,False,0,True,-1,444,393,614,567,0.9112594723701477,False,healthy,0.9475536346435547,0.9475536346435547,0.05244641378521919,False,pink,70.0,1.0,,0.0,0.0,0.0,0.0,True
54,video_02_frame_000054,False,9,False,0,True,-1,0,741,218,973,0.864758312702179,False,unhealthy,0.8186511397361755,0.18134884536266327,0.8186511397361755,False,,,,,0.0,0.0,0.0,0.0,True
54,video_02_frame_000054,False,10,False,0,True,-1,425,955,652,1066,0.8260726928710938,False,healthy,0.9831209182739258,0.9831209182739258,0.0168791264295578,False,pink,70.0,0.9972642607683353,,0.0,0.0,0.0,0.0,True
55,video_02_frame_000055,False,1,False,0,True,-1,184,647,423,888,0.9852576851844788,False,healthy,0.9448022246360779,0.9448022246360779,0.055197808891534805,False,pink,70.0,0.9941728850507252,,0.0,0.0,0.0,0.0,True
55,video_02_frame_000055,False,2,False,0,True,-1,290,461,494,672,0.9714544415473938,False,unhealthy,0.8566920161247253,0.14330799877643585,0.8566920161247253,False,,,,,0.0,0.0,0.0,0.0,True
55,video_02_frame_000055,False,6,False,0,True,-1,470,539,692,768,0.9577518105506897,False,healthy,0.8368513584136963,0.8368513584136963,0.1631486415863037,False,pink,70.0,0.8252312867956266,,0.0,0.0,0.0,0.0,True
55,video_02_frame_000055,False,3,False,0,True,-1,55,474,283,688,0.9491230845451355,False,healthy,0.9932072758674622,0.9932072758674622,0.006792756263166666,False,pink,70.0,0.9755466356818422,,0.0,0.0,0.0,0.0,True
55,video_02_frame_000055,False,5,False,0,True,-1,441,394,611,568,0.9112594723701477,False,healthy,0.9475536346435547,0.9475536346435547,0.05244641378521919,False,pink,70.0,1.0,,0.0,0.0,0.0,0.0,True
55,video_02_frame_000055,False,9,False,0,True,-1,0,743,213,975,0.864758312702179,False,unhealthy,0.8186511397361755,0.18134884536266327,0.8186511397361755,False,,,,,0.0,0.0,0.0,0.0,True
55,video_02_frame_000055,False,10,False,0,True,-1,422,959,649,1070,0.8260726928710938,False,healthy,0.9831209182739258,0.9831209182739258,0.0168791264295578,False,pink,70.0,0.9972642607683353,,0.0,0.0,0.0,0.0,True
56,video_02_frame_000056,False,1,False,0,True,-1,180,649,419,890,0.9852576851844788,False,healthy,0.9448022246360779,0.9448022246360779,0.055197808891534805,False,pink,70.0,0.9941728850507252,,0.0,0.0,0.0,0.0,True
56,video_02_frame_000056,False,2,False,0,True,-1,286,462,490,673,0.9714544415473938,False,unhealthy,0.8566920161247253,0.14330799877643585,0.8566920161247253,False,,,,,0.0,0.0,0.0,0.0,True
56,video_02_frame_000056,False,6,False,0,True,-1,467,540,689,769,0.9577518105506897,False,healthy,0.8368513584136963,0.8368513584136963,0.1631486415863037,False,pink,70.0,0.8252312867956266,,0.0,0.0,0.0,0.0,True
56,video_02_frame_000056,False,3,False,0,True,-1,51,475,279,689,0.9491230845451355,False,healthy,0.9932072758674622,0.9932072758674622,0.006792756263166666,False,pink,70.0,0.9755466356818422,,0.0,0.0,0.0,0.0,True
56,video_02_frame_000056,False,5,False,0,True,-1,438,395,608,569,0.9112594723701477,False,healthy,0.9475536346435547,0.9475536346435547,0.05244641378521919,False,pink,70.0,1.0,,0.0,0.0,0.0,0.0,True
56,video_02_frame_000056,False,9,False,0,True,-1,0,745,208,977,0.864758312702179,False,unhealthy,0.8186511397361755,0.18134884536266327,0.8186511397361755,False,,,,,0.0,0.0,0.0,0.0,True
56,video_02_frame_000056,False,10,False,0,True,-1,418,962,645,1073,0.8260726928710938,False,healthy,0.9831209182739258,0.9831209182739258,0.0168791264295578,False,pink,70.0,0.9972642607683353,,0.0,0.0,0.0,0.0,True
57,video_02_frame_000057,False,1,False,0,True,-1,176,651,415,892,0.9852576851844788,False,healthy,0.9448022246360779,0.9448022246360779,0.055197808891534805,False,pink,70.0,0.9941728850507252,,0.0,0.0,0.0,0.0,True
57,video_02_frame_000057,False,2,False,0,True,-1,282,463,486,674,0.9714544415473938,False,unhealthy,0.8566920161247253,0.14330799877643585,0.8566920161247253,False,,,,,0.0,0.0,0.0,0.0,True
57,video_02_frame_000057,False,6,False,0,True,-1,464,541,686,770,0.9577518105506897,False,healthy,0.8368513584136963,0.8368513584136963,0.1631486415863037,False,pink,70.0,0.8252312867956266,,0.0,0.0,0.0,0.0,True
57,video_02_frame_000057,False,3,False,0,True,-1,46,476,274,690,0.9491230845451355,False,healthy,0.9932072758674622,0.9932072758674622,0.006792756263166666,False,pink,70.0,0.9755466356818422,,0.0,0.0,0.0,0.0,True
57,video_02_frame_000057,False,5,False,0,True,-1,435,396,605,570,0.9112594723701477,False,healthy,0.9475536346435547,0.9475536346435547,0.05244641378521919,False,pink,70.0,1.0,,0.0,0.0,0.0,0.0,True
57,video_02_frame_000057,False,9,False,0,True,-1,0,747,203,979,0.864758312702179,False,unhealthy,0.8186511397361755,0.18134884536266327,0.8186511397361755,False,,,,,0.0,0.0,0.0,0.0,True
57,video_02_frame_000057,False,10,False,0,True,-1,414,965,641,1076,0.8260726928710938,False,healthy,0.9831209182739258,0.9831209182739258,0.0168791264295578,False,pink,70.0,0.9972642607683353,,0.0,0.0,0.0,0.0,True
58,video_02_frame_000058,False,1,False,0,True,-1,172,652,411,893,0.9852576851844788,False,healthy,0.9448022246360779,0.9448022246360779,0.055197808891534805,False,pink,70.0,0.9941728850507252,,0.0,0.0,0.0,0.0,True
58,video_02_frame_000058,False,2,False,0,True,-1,278,464,482,675,0.9714544415473938,False,unhealthy,0.8566920161247253,0.14330799877643585,0.8566920161247253,False,,,,,0.0,0.0,0.0,0.0,True
58,video_02_frame_000058,False,6,False,0,True,-1,461,541,683,770,0.9577518105506897,False,healthy,0.8368513584136963,0.8368513584136963,0.1631486415863037,False,pink,70.0,0.8252312867956266,,0.0,0.0,0.0,0.0,True
58,video_02_frame_000058,False,3,False,0,True,-1,41,476,269,690,0.9491230845451355,False,healthy,0.9932072758674622,0.9932072758674622,0.006792756263166666,False,pink,70.0,0.9755466356818422,,0.0,0.0,0.0,0.0,True
58,video_02_frame_000058,False,5,False,0,True,-1,432,396,602,570,0.9112594723701477,False,healthy,0.9475536346435547,0.9475536346435547,0.05244641378521919,False,pink,70.0,1.0,,0.0,0.0,0.0,0.0,True
58,video_02_frame_000058,False,9,False,0,True,-1,0,749,197,981,0.864758312702179,False,unhealthy,0.8186511397361755,0.18134884536266327,0.8186511397361755,False,,,,,0.0,0.0,0.0,0.0,True
58,video_02_frame_000058,False,10,False,0,True,-1,410,968,637,1079,0.8260726928710938,False,healthy,0.9831209182739258,0.9831209182739258,0.0168791264295578,False,pink,70.0,0.9972642607683353,,0.0,0.0,0.0,0.0,True
59,video_02_frame_000059,False,1,False,0,True,-1,168,653,407,894,0.9852576851844788,False,healthy,0.9448022246360779,0.9448022246360779,0.055197808891534805,False,pink,70.0,0.9941728850507252,,0.0,0.0,0.0,0.0,True
59,video_02_frame_000059,False,2,False,0,True,-1,274,464,478,675,0.9714544415473938,False,unhealthy,0.8566920161247253,0.14330799877643585,0.8566920161247253,False,,,,,0.0,0.0,0.0,0.0,True
59,video_02_frame_000059,False,6,False,0,True,-1,457,541,679,770,0.9577518105506897,False,healthy,0.8368513584136963,0.8368513584136963,0.1631486415863037,False,pink,70.0,0.8252312867956266,,0.0,0.0,0.0,0.0,True
59,video_02_frame_000059,False,3,False,0,True,-1,36,476,264,690,0.9491230845451355,False,healthy,0.9932072758674622,0.9932072758674622,0.006792756263166666,False,pink,70.0,0.9755466356818422,,0.0,0.0,0.0,0.0,True
59,video_02_frame_000059,False,5,False,0,True,-1,429,396,599,570,0.9112594723701477,False,healthy,0.9475536346435547,0.9475536346435547,0.05244641378521919,False,pink,70.0,1.0,,0.0,0.0,0.0,0.0,True
59,video_02_frame_000059,False,9,False,0,True,-1,0,750,192,982,0.864758312702179,False,unhealthy,0.8186511397361755,0.18134884536266327,0.8186511397361755,False,,,,,0.0,0.0,0.0,0.0,True
59,video_02_frame_000059,False,10,False,0,True,-1,406,970,633,1081,0.8260726928710938,False,healthy,0.9831209182739258,0.9831209182739258,0.0168791264295578,False,pink,70.0,0.9972642607683353,,0.0,0.0,0.0,0.0,True
60,video_02_frame_000060,False,1,False,0,True,-1,164,654,403,895,0.9852576851844788,False,healthy,0.9448022246360779,0.9448022246360779,0.055197808891534805,False,pink,70.0,0.9941728850507252,,0.0,0.0,0.0,0.0,True
60,video_02_frame_000060,False,2,False,0,True,-1,270,464,474,675,0.9714544415473938,False,unhealthy,0.8566920161247253,0.14330799877643585,0.8566920161247253,False,,,,,0.0,0.0,0.0,0.0,True
60,video_02_frame_000060,False,6,False,0,True,-1,454,541,676,770,0.9577518105506897,False,healthy,0.8368513584136963,0.8368513584136963,0.1631486415863037,False,pink,70.0,0.8252312867956266,,0.0,0.0,0.0,0.0,True
60,video_02_frame_000060,False,3,False,0,True,-1,31,476,259,690,0.9491230845451355,False,healthy,0.9932072758674622,0.9932072758674622,0.006792756263166666,False,pink,70.0,0.9755466356818422,,0.0,0.0,0.0,0.0,True
60,video_02_frame_000060,False,5,False,0,True,-1,426,396,596,570,0.9112594723701477,False,healthy,0.9475536346435547,0.9475536346435547,0.05244641378521919,False,pink,70.0,1.0,,0.0,0.0,0.0,0.0,True
60,video_02_frame_000060,False,9,False,0,True,-1,0,752,187,984,0.864758312702179,False,unhealthy,0.8186511397361755,0.18134884536266327,0.8186511397361755,False,,,,,0.0,0.0,0.0,0.0,True
60,video_02_frame_000060,False,10,False,0,True,-1,402,973,629,1084,0.8260726928710938,False,healthy,0.9831209182739258,0.9831209182739258,0.0168791264295578,False,pink,70.0,0.9972642607683353,,0.0,0.0,0.0,0.0,True
61,video_02_frame_000061,False,1,False,0,True,-1,160,656,399,897,0.9852576851844788,False,healthy,0.9448022246360779,0.9448022246360779,0.055197808891534805,False,pink,70.0,0.9941728850507252,,0.0,0.0,0.0,0.0,True
61,video_02_frame_000061,False,2,False,0,True,-1,266,465,470,676,0.9714544415473938,False,unhealthy,0.8566920161247253,0.14330799877643585,0.8566920161247253,False,,,,,0.0,0.0,0.0,0.0,True
61,video_02_frame_000061,False,6,False,0,True,-1,451,541,673,770,0.9577518105506897,False,healthy,0.8368513584136963,0.8368513584136963,0.1631486415863037,False,pink,70.0,0.8252312867956266,,0.0,0.0,0.0,0.0,True
61,video_02_frame_000061,False,3,False,0,True,-1,26,477,254,691,0.9491230845451355,False,healthy,0.9932072758674622,0.9932072758674622,0.006792756263166666,False,pink,70.0,0.9755466356818422,,0.0,0.0,0.0,0.0,True
61,video_02_frame_000061,False,5,False,0,True,-1,423,396,593,570,0.9112594723701477,False,healthy,0.9475536346435547,0.9475536346435547,0.05244641378521919,False,pink,70.0,1.0,,0.0,0.0,0.0,0.0,True
61,video_02_frame_000061,False,9,False,0,True,-1,0,754,182,986,0.864758312702179,False,unhealthy,0.8186511397361755,0.18134884536266327,0.8186511397361755,False,,,,,0.0,0.0,0.0,0.0,True
61,video_02_frame_000061,False,10,False,0,True,-1,398,976,625,1087,0.8260726928710938,False,healthy,0.9831209182739258,0.9831209182739258,0.0168791264295578,False,pink,70.0,0.9972642607683353,,0.0,0.0,0.0,0.0,True
62,video_02_frame_000062,False,1,False,0,True,-1,156,657,395,898,0.9852576851844788,False,healthy,0.9448022246360779,0.9448022246360779,0.055197808891534805,False,pink,70.0,0.9941728850507252,,0.0,0.0,0.0,0.0,True
62,video_02_frame_000062,False,2,False,0,True,-1,262,466,466,677,0.9714544415473938,False,unhealthy,0.8566920161247253,0.14330799877643585,0.8566920161247253,False,,,,,0.0,0.0,0.0,0.0,True
62,video_02_frame_000062,False,6,False,0,True,-1,448,542,670,771,0.9577518105506897,False,healthy,0.8368513584136963,0.8368513584136963,0.1631486415863037,False,pink,70.0,0.8252312867956266,,0.0,0.0,0.0,0.0,True
62,video_02_frame_000062,False,3,False,0,True,-1,22,478,250,692,0.9491230845451355,False,healthy,0.9932072758674622,0.9932072758674622,0.006792756263166666,False,pink,70.0,0.9755466356818422,,0.0,0.0,0.0,0.0,True
62,video_02_frame_000062,False,5,False,0,True,-1,420,396,590,570,0.9112594723701477,False,healthy,0.9475536346435547,0.9475536346435547,0.05244641378521919,False,pink,70.0,1.0,,0.0,0.0,0.0,0.0,True
62,video_02_frame_000062,False,9,False,0,True,-1,0,756,177,988,0.864758312702179,False,unhealthy,0.8186511397361755,0.18134884536266327,0.8186511397361755,False,,,,,0.0,0.0,0.0,0.0,True
62,video_02_frame_000062,False,10,False,0,True,-1,394,979,621,1090,0.8260726928710938,False,healthy,0.9831209182739258,0.9831209182739258,0.0168791264295578,False,pink,70.0,0.9972642607683353,,0.0,0.0,0.0,0.0,True
63,video_02_frame_000063,False,1,False,0,True,-1,151,659,390,900,0.9852576851844788,False,healthy,0.9448022246360779,0.9448022246360779,0.055197808891534805,False,pink,70.0,0.9941728850507252,,0.0,0.0,0.0,0.0,True
63,video_02_frame_000063,False,2,False,0,True,-1,257,467,461,678,0.9714544415473938,False,unhealthy,0.8566920161247253,0.14330799877643585,0.8566920161247253,False,,,,,0.0,0.0,0.0,0.0,True
63,video_02_frame_000063,False,6,False,0,True,-1,445,543,667,772,0.9577518105506897,False,healthy,0.8368513584136963,0.8368513584136963,0.1631486415863037,False,pink,70.0,0.8252312867956266,,0.0,0.0,0.0,0.0,True
63,video_02_frame_000063,False,3,False,0,True,-1,16,479,244,693,0.9491230845451355,False,healthy,0.9932072758674622,0.9932072758674622,0.006792756263166666,False,pink,70.0,0.9755466356818422,,0.0,0.0,0.0,0.0,True
63,video_02_frame_000063,False,5,False,0,True,-1,416,396,586,570,0.9112594723701477,False,healthy,0.9475536346435547,0.9475536346435547,0.05244641378521919,False,pink,70.0,1.0,,0.0,0.0,0.0,0.0,True
63,video_02_frame_000063,False,9,False,0,True,-1,0,758,171,990,0.864758312702179,False,unhealthy,0.8186511397361755,0.18134884536266327,0.8186511397361755,False,,,,,0.0,0.0,0.0,0.0,True
63,video_02_frame_000063,False,10,False,0,True,-1,389,982,616,1093,0.8260726928710938,False,healthy,0.9831209182739258,0.9831209182739258,0.0168791264295578,False,pink,70.0,0.9972642607683353,,0.0,0.0,0.0,0.0,True
64,video_02_frame_000064,False,1,False,0,True,-1,145,660,384,901,0.9852576851844788,False,healthy,0.9448022246360779,0.9448022246360779,0.055197808891534805,False,pink,70.0,0.9941728850507252,,0.0,0.0,0.0,0.0,True
64,video_02_frame_000064,False,2,False,0,True,-1,252,467,456,678,0.9714544415473938,False,unhealthy,0.8566920161247253,0.14330799877643585,0.8566920161247253,False,,,,,0.0,0.0,0.0,0.0,True
64,video_02_frame_000064,False,6,False,0,True,-1,441,543,663,772,0.9577518105506897,False,healthy,0.8368513584136963,0.8368513584136963,0.1631486415863037,False,pink,70.0,0.8252312867956266,,0.0,0.0,0.0,0.0,True
64,video_02_frame_000064,False,3,False,0,True,-1,10,479,238,693,0.9491230845451355,False,healthy,0.9932072758674622,0.9932072758674622,0.006792756263166666,False,pink,70.0,0.9755466356818422,,0.0,0.0,0.0,0.0,True
64,video_02_frame_000064,False,5,False,0,True,-1,412,396,582,570,0.9112594723701477,False,healthy,0.9475536346435547,0.9475536346435547,0.05244641378521919,False,pink,70.0,1.0,,0.0,0.0,0.0,0.0,True
64,video_02_frame_000064,False,9,False,0,True,-1,0,760,164,992,0.864758312702179,False,unhealthy,0.8186511397361755,0.18134884536266327,0.8186511397361755,False,,,,,0.0,0.0,0.0,0.0,True
64,video_02_frame_000064,False,10,False,0,True,-1,383,985,610,1096,0.8260726928710938,False,healthy,0.9831209182739258,0.9831209182739258,0.0168791264295578,False,pink,70.0,0.9972642607683353,,0.0,0.0,0.0,0.0,True
65,video_02_frame_000065,True,1,False,6,True,1,132,656,380,911,0.9899827837944031,False,healthy,0.9448022246360779,0.9448022246360779,0.055197808891534805,False,pink,70.0,0.9941728850507252,,0.0,0.0,0.0,0.0,False
65,video_02_frame_000065,True,6,False,5,True,2,426,545,671,782,0.9829441905021667,False,healthy,0.8368513584136963,0.8368513584136963,0.1631486415863037,False,pink,70.0,0.8252312867956266,,0.0,0.0,0.0,0.0,False
65,video_02_frame_000065,True,2,False,6,True,3,241,462,458,682,0.9701279401779175,False,unhealthy,0.8566920161247253,0.14330799877643585,0.8566920161247253,False,,,,,0.0,0.0,0.0,0.0,False
65,video_02_frame_000065,True,3,False,6,True,4,0,462,238,699,0.9602710604667664,False,healthy,0.9932072758674622,0.9932072758674622,0.006792756263166666,False,pink,70.0,0.9755466356818422,,0.0,0.0,0.0,0.0,False
65,video_02_frame_000065,True,5,False,6,True,5,397,391,581,573,0.9241471886634827,False,healthy,0.9475536346435547,0.9475536346435547,0.05244641378521919,False,pink,70.0,1.0,,0.0,0.0,0.0,0.0,False
65,video_02_frame_000065,True,9,False,2,True,6,0,770,169,1008,0.908806562423706,False,unhealthy,0.8186511397361755,0.18134884536266327,0.8186511397361755,False,,,,,0.0,0.0,0.0,0.0,False
65,video_02_frame_000065,True,10,False,2,True,7,374,982,610,1110,0.8623896241188049,False,healthy,0.9831209182739258,0.9831209182739258,0.0168791264295578,False,pink,70.0,0.9972642607683353,,0.0,0.0,0.0,0.0,False
65,video_02_frame_000065,True,4,False,4,True,8,385,261,548,411,0.8097524046897888,False,healthy,0.9984733462333679,0.9984733462333679,0.0015266176778823137,False,pink,70.0,0.8681207793215866,,0.0,0.0,0.0,0.0,False
66,video_02_frame_000066,False,1,False,0,True,-1,126,658,374,913,0.9899827837944031,False,healthy,0.9448022246360779,0.9448022246360779,0.055197808891534805,False,pink,70.0,0.9941728850507252,,0.0,0.0,0.0,0.0,True
66,video_02_frame_000066,False,6,False,0,True,-1,422,546,667,783,0.9829441905021667,False,healthy,0.8368513584136963,0.8368513584136963,0.1631486415863037,False,pink,70.0,0.8252312867956266,,0.0,0.0,0.0,0.0,True
66,video_02_frame_000066,False,2,False,0,True,-1,236,463,453,683,0.9701279401779175,False,unhealthy,0.8566920161247253,0.14330799877643585,0.8566920161247253,False,,,,,0.0,0.0,0.0,0.0,True
66,video_02_frame_000066,False,3,False,0,True,-1,0,463,232,700,0.9602710604667664,False,healthy,0.9932072758674622,0.9932072758674622,0.006792756263166666,False,pink,70.0,0.9755466356818422,,0.0,0.0,0.0,0.0,True
66,video_02_frame_000066,False,5,False,0,True,-1,393,392,577,574,0.9241471886634827,False,healthy,0.9475536346435547,0.9475536346435547,0.05244641378521919,False,pink,70.0,1.0,,0.0,0.0,0.0,0.0,True
66,video_02_frame_000066,False,9,False,0,True,-1,0,772,162,1010,0.908806562423706,False,unhealthy,0.8186511397361755,0.18134884536266327,0.8186511397361755,False,,,,,0.0,0.0,0.0,0.0,True
66,video_02_frame_000066,False,10,False,0,True,-1,368,985,604,1113,0.8623896241188049,False,healthy,0.9831209182739258,0.9831209182739258,0.0168791264295578,False,pink,70.0,0.9972642607683353,,0.0,0.0,0.0,0.0,True
66,video_02_frame_000066,False,4,False,0,True,-1,381,260,544,410,0.8097524046897888,False,healthy,0.9984733462333679,0.9984733462333679,0.0015266176778823137,False,pink,70.0,0.8681207793215866,,0.0,0.0,0.0,0.0,True
67,video_02_frame_000067,False,1,False,0,True,-1,120,660,368,915,0.9899827837944031,False,healthy,0.9448022246360779,0.9448022246360779,0.055197808891534805,False,pink,70.0,0.9941728850507252,,0.0,0.0,0.0,0.0,True
67,video_02_frame_000067,False,6,False,0,True,-1,418,547,663,784,0.9829441905021667,False,healthy,0.8368513584136963,0.8368513584136963,0.1631486415863037,False,pink,70.0,0.8252312867956266,,0.0,0.0,0.0,0.0,True
67,video_02_frame_000067,False,2,False,0,True,-1,230,464,447,684,0.9701279401779175,False,unhealthy,0.8566920161247253,0.14330799877643585,0.8566920161247253,False,,,,,0.0,0.0,0.0,0.0,True
67,video_02_frame_000067,False,3,False,0,True,-1,0,464,225,701,0.9602710604667664,False,healthy,0.9932072758674622,0.9932072758674622,0.006792756263166666,False,pink,70.0,0.9755466356818422,,0.0,0.0,0.0,0.0,True
67,video_02_frame_000067,False,5,False,0,True,-1,388,393,572,575,0.9241471886634827,False,healthy,0.9475536346435547,0.9475536346435547,0.05244641378521919,False,pink,70.0,1.0,,0.0,0.0,0.0,0.0,True
67,video_02_frame_000067,False,9,False,0,True,-1,0,775,154,1013,0.908806562423706,False,unhealthy,0.8186511397361755,0.18134884536266327,0.8186511397361755,False,,,,,0.0,0.0,0.0,0.0,True
67,video_02_frame_000067,False,10,False,0,True,-1,362,989,598,1117,0.8623896241188049,False,healthy,0.9831209182739258,0.9831209182739258,0.0168791264295578,False,pink,70.0,0.9972642607683353,,0.0,0.0,0.0,0.0,True
67,video_02_frame_000067,False,4,False,0,True,-1,377,260,540,410,0.8097524046897888,False,healthy,0.9984733462333679,0.9984733462333679,0.0015266176778823137,False,pink,70.0,0.8681207793215866,,0.0,0.0,0.0,0.0,True
68,video_02_frame_000068,False,1,False,0,True,-1,114,662,362,917,0.9899827837944031,False,healthy,0.9448022246360779,0.9448022246360779,0.055197808891534805,False,pink,70.0,0.9941728850507252,,0.0,0.0,0.0,0.0,True
68,video_02_frame_000068,False,6,False,0,True,-1,414,548,659,785,0.9829441905021667,False,healthy,0.8368513584136963,0.8368513584136963,0.1631486415863037,False,pink,70.0,0.8252312867956266,,0.0,0.0,0.0,0.0,True
68,video_02_frame_000068,False,2,False,0,True,-1,224,465,441,685,0.9701279401779175,False,unhealthy,0.8566920161247253,0.14330799877643585,0.8566920161247253,False,,,,,0.0,0.0,0.0,0.0,True
68,video_02_frame_000068,False,3,False,0,True,-1,0,465,218,702,0.9602710604667664,False,healthy,0.9932072758674622,0.9932072758674622,0.006792756263166666,False,pink,70.0,0.9755466356818422,,0.0,0.0,0.0,0.0,True
68,video_02_frame_000068,False,5,False,0,True,-1,383,394,567,576,0.9241471886634827,False,healthy,0.9475536346435547,0.9475536346435547,0.05244641378521919,False,pink,70.0,1.0,,0.0,0.0,0.0,0.0,True
68,video_02_frame_000068,False,9,False,0,True,-1,0,778,146,1016,0.908806562423706,False,unhealthy,0.8186511397361755,0.18134884536266327,0.8186511397361755,False,,,,,0.0,0.0,0.0,0.0,True
68,video_02_frame_000068,False,10,False,0,True,-1,356,993,592,1121,0.8623896241188049,False,healthy,0.9831209182739258,0.9831209182739258,0.0168791264295578,False,pink,70.0,0.9972642607683353,,0.0,0.0,0.0,0.0,True
68,video_02_frame_000068,False,4,False,0,True,-1,373,259,536,409,0.8097524046897888,False,healthy,0.9984733462333679,0.9984733462333679,0.0015266176778823137,False,pink,70.0,0.8681207793215866,,0.0,0.0,0.0,0.0,True
69,video_02_frame_000069,False,1,False,0,True,-1,108,664,356,919,0.9899827837944031,False,healthy,0.9448022246360779,0.9448022246360779,0.055197808891534805,False,pink,70.0,0.9941728850507252,,0.0,0.0,0.0,0.0,True
69,video_02_frame_000069,False,6,False,0,True,-1,410,549,655,786,0.9829441905021667,False,healthy,0.8368513584136963,0.8368513584136963,0.1631486415863037,False,pink,70.0,0.8252312867956266,,0.0,0.0,0.0,0.0,True
69,video_02_frame_000069,False,2,False,0,True,-1,219,467,436,687,0.9701279401779175,False,unhealthy,0.8566920161247253,0.14330799877643585,0.8566920161247253,False,,,,,0.0,0.0,0.0,0.0,True
69,video_02_frame_000069,False,3,False,0,True,-1,0,466,212,703,0.9602710604667664,False,healthy,0.9932072758674622,0.9932072758674622,0.006792756263166666,False,pink,70.0,0.9755466356818422,,0.0,0.0,0.0,0.0,True
69,video_02_frame_000069,False,5,False,0,True,-1,379,395,563,577,0.9241471886634827,False,healthy,0.9475536346435547,0.9475536346435547,0.05244641378521919,False,pink,70.0,1.0,,0.0,0.0,0.0,0.0,True
69,video_02_frame_000069,False,9,False,0,True,-1,0,781,139,1019,0.908806562423706,False,unhealthy,0.8186511397361755,0.18134884536266327,0.8186511397361755,False,,,,,0.0,0.0,0.0,0.0,True
69,video_02_frame_000069,False,10,False,0,True,-1,350,997,586,1125,0.8623896241188049,False,healthy,0.9831209182739258,0.9831209182739258,0.0168791264295578,False,pink,70.0,0.9972642607683353,,0.0,0.0,0.0,0.0,True
69,video_02_frame_000069,False,4,False,0,True,-1,369,259,532,409,0.8097524046897888,False,healthy,0.9984733462333679,0.9984733462333679,0.0015266176778823137,False,pink,70.0,0.8681207793215866,,0.0,0.0,0.0,0.0,True
70,video_02_frame_000070,False,1,False,0,True,-1,102,666,350,921,0.9899827837944031,False,healthy,0.9448022246360779,0.9448022246360779,0.055197808891534805,False,pink,70.0,0.9941728850507252,,0.0,0.0,0.0,0.0,True
70,video_02_frame_000070,False,6,False,0,True,-1,405,550,650,787,0.9829441905021667,False,healthy,0.8368513584136963,0.8368513584136963,0.1631486415863037,False,pink,70.0,0.8252312867956266,,0.0,0.0,0.0,0.0,True
70,video_02_frame_000070,False,2,False,0,True,-1,213,469,430,689,0.9701279401779175,False,unhealthy,0.8566920161247253,0.14330799877643585,0.8566920161247253,False,,,,,0.0,0.0,0.0,0.0,True
70,video_02_frame_000070,False,3,False,0,True,-1,0,467,205,704,0.9602710604667664,False,healthy,0.9932072758674622,0.9932072758674622,0.006792756263166666,False,pink,70.0,0.9755466356818422,,0.0,0.0,0.0,0.0,True
70,video_02_frame_000070,False,5,False,0,True,-1,374,396,558,578,0.9241471886634827,False,healthy,0.9475536346435547,0.9475536346435547,0.05244641378521919,False,pink,70.0,1.0,,0.0,0.0,0.0,0.0,True
70,video_02_frame_000070,False,9,False,0,True,-1,0,783,132,1021,0.908806562423706,False,unhealthy,0.8186511397361755,0.18134884536266327,0.8186511397361755,False,,,,,0.0,0.0,0.0,0.0,True
70,video_02_frame_000070,False,10,False,0,True,-1,344,1001,580,1129,0.8623896241188049,False,healthy,0.9831209182739258,0.9831209182739258,0.0168791264295578,False,pink,70.0,0.9972642607683353,,0.0,0.0,0.0,0.0,True
70,video_02_frame_000070,False,4,False,0,True,-1,365,259,528,409,0.8097524046897888,False,healthy,0.9984733462333679,0.9984733462333679,0.0015266176778823137,False,pink,70.0,0.8681207793215866,,0.0,0.0,0.0,0.0,True
71,video_02_frame_000071,False,1,False,0,True,-1,95,668,343,923,0.9899827837944031,False,healthy,0.9448022246360779,0.9448022246360779,0.055197808891534805,False,pink,70.0,0.9941728850507252,,0.0,0.0,0.0,0.0,True
71,video_02_frame_000071,False,6,False,0,True,-1,400,551,645,788,0.9829441905021667,False,healthy,0.8368513584136963,0.8368513584136963,0.1631486415863037,False,pink,70.0,0.8252312867956266,,0.0,0.0,0.0,0.0,True
71,video_02_frame_000071,False,2,False,0,True,-1,207,470,424,690,0.9701279401779175,False,unhealthy,0.8566920161247253,0.14330799877643585,0.8566920161247253,False,,,,,0.0,0.0,0.0,0.0,True
71,video_02_frame_000071,False,3,False,0,True,-1,0,468,198,705,0.9602710604667664,False,healthy,0.9932072758674622,0.9932072758674622,0.006792756263166666,False,pink,70.0,0.9755466356818422,,0.0,0.0,0.0,0.0,True
71,video_02_frame_000071,False,5,False,0,True,-1,369,397,553,579,0.9241471886634827,False,healthy,0.9475536346435547,0.9475536346435547,0.05244641378521919,False,pink,70.0,1.0,,0.0,0.0,0.0,0.0,True
71,video_02_frame_000071,False,9,False,0,True,-1,0,785,124,1023,0.908806562423706,False,unhealthy,0.8186511397361755,0.18134884536266327,0.8186511397361755,False,,,,,0.0,0.0,0.0,0.0,True
71,video_02_frame_000071,False,10,False,0,True,-1,337,1005,573,1133,0.8623896241188049,False,healthy,0.9831209182739258,0.9831209182739258,0.0168791264295578,False,pink,70.0,0.9972642607683353,,0.0,0.0,0.0,0.0,True
71,video_02_frame_000071,False,4,False,0,True,-1,361,259,524,409,0.8097524046897888,False,healthy,0.9984733462333679,0.9984733462333679,0.0015266176778823137,False,pink,70.0,0.8681207793215866,,0.0,0.0,0.0,0.0,True
72,video_02_frame_000072,False,1,False,0,True,-1,89,670,337,925,0.9899827837944031,False,healthy,0.9448022246360779,0.9448022246360779,0.055197808891534805,False,pink,70.0,0.9941728850507252,,0.0,0.0,0.0,0.0,True
72,video_02_frame_000072,False,6,False,0,True,-1,395,552,640,789,0.9829441905021667,False,healthy,0.8368513584136963,0.8368513584136963,0.1631486415863037,False,pink,70.0,0.8252312867956266,,0.0,0.0,0.0,0.0,True
72,video_02_frame_000072,False,2,False,0,True,-1,201,471,418,691,0.9701279401779175,False,unhealthy,0.8566920161247253,0.14330799877643585,0.8566920161247253,False,,,,,0.0,0.0,0.0,0.0,True
72,video_02_frame_000072,False,3,False,0,True,-1,0,469,191,706,0.9602710604667664,False,healthy,0.9932072758674622,0.9932072758674622,0.006792756263166666,False,pink,70.0,0.9755466356818422,,0.0,0.0,0.0,0.0,True
72,video_02_frame_000072,False,5,False,0,True,-1,364,398,548,580,0.9241471886634827,False,healthy,0.9475536346435547,0.9475536346435547,0.05244641378521919,False,pink,70.0,1.0,,0.0,0.0,0.0,0.0,True
72,video_02_frame_000072,False,9,False,0,True,-1,0,787,116,1025,0.908806562423706,False,unhealthy,0.8186511397361755,0.18134884536266327,0.8186511397361755,False,,,,,0.0,0.0,0.0,0.0,True
72,video_02_frame_000072,False,10,False,0,True,-1,331,1008,567,1136,0.8623896241188049,False,healthy,0.9831209182739258,0.9831209182739258,0.0168791264295578,False,pink,70.0,0.9972642607683353,,0.0,0.0,0.0,0.0,True
72,video_02_frame_000072,False,4,False,0,True,-1,357,259,520,409,0.8097524046897888,False,healthy,0.9984733462333679,0.9984733462333679,0.0015266176778823137,False,pink,70.0,0.8681207793215866,,0.0,0.0,0.0,0.0,True
73,video_02_frame_000073,False,1,False,0,True,-1,82,672,330,927,0.9899827837944031,False,healthy,0.9448022246360779,0.9448022246360779,0.055197808891534805,False,pink,70.0,0.9941728850507252,,0.0,0.0,0.0,0.0,True
73,video_02_frame_000073,False,6,False,0,True,-1,390,553,635,790,0.9829441905021667,False,healthy,0.8368513584136963,0.8368513584136963,0.1631486415863037,False,pink,70.0,0.8252312867956266,,0.0,0.0,0.0,0.0,True
73,video_02_frame_000073,False,2,False,0,True,-1,195,472,412,692,0.9701279401779175,False,unhealthy,0.8566920161247253,0.14330799877643585,0.8566920161247253,False,,,,,0.0,0.0,0.0,0.0,True
73,video_02_frame_000073,False,3,False,0,True,-1,0,470,183,707,0.9602710604667664,False,healthy,0.9932072758674622,0.9932072758674622,0.006792756263166666,False,pink,70.0,0.9755466356818422,,0.0,0.0,0.0,0.0,True
73,video_02_frame_000073,False,5,False,0,True,-1,359,399,543,581,0.9241471886634827,False,healthy,0.9475536346435547,0.9475536346435547,0.05244641378521919,False,pink,70.0,1.0,,0.0,0.0,0.0,0.0,True
73,video_02_frame_000073,False,9,False,0,True,-1,0,790,109,1028,0.908806562423706,False,unhealthy,0.8186511397361755,0.18134884536266327,0.8186511397361755,False,,,,,0.0,0.0,0.0,0.0,True
73,video_02_frame_000073,False,10,False,0,True,-1,324,1011,560,1139,0.8623896241188049,False,healthy,0.9831209182739258,0.9831209182739258,0.0168791264295578,False,pink,70.0,0.9972642607683353,,0.0,0.0,0.0,0.0,True
73,video_02_frame_000073,False,4,False,0,True,-1,353,259,516,409,0.8097524046897888,False,healthy,0.9984733462333679,0.9984733462333679,0.0015266176778823137,False,pink,70.0,0.8681207793215866,,0.0,0.0,0.0,0.0,True
74,video_02_frame_000074,False,1,False,0,True,-1,75,674,323,929,0.9899827837944031,False,healthy,0.9448022246360779,0.9448022246360779,0.055197808891534805,False,pink,70.0,0.9941728850507252,,0.0,0.0,0.0,0.0,True
74,video_02_frame_000074,False,6,False,0,True,-1,384,554,629,791,0.9829441905021667,False,healthy,0.8368513584136963,0.8368513584136963,0.1631486415863037,False,pink,70.0,0.8252312867956266,,0.0,0.0,0.0,0.0,True
74,video_02_frame_000074,False,2,False,0,True,-1,188,473,405,693,0.9701279401779175,False,unhealthy,0.8566920161247253,0.14330799877643585,0.8566920161247253,False,,,,,0.0,0.0,0.0,0.0,True
74,video_02_frame_000074,False,3,False,0,True,-1,0,471,175,708,0.9602710604667664,False,healthy,0.9932072758674622,0.9932072758674622,0.006792756263166666,False,pink,70.0,0.9755466356818422,,0.0,0.0,0.0,0.0,True
74,video_02_frame_000074,False,5,False,0,True,-1,353,400,537,582,0.9241471886634827,False,healthy,0.9475536346435547,0.9475536346435547,0.05244641378521919,False,pink,70.0,1.0,,0.0,0.0,0.0,0.0,True
74,video_02_frame_000074,False,9,False,0,True,-1,0,792,102,1030,0.908806562423706,False,unhealthy,0.8186511397361755,0.18134884536266327,0.8186511397361755,False,,,,,0.0,0.0,0.0,0.0,True
74,video_02_frame_000074,False,10,False,0,True,-1,316,1014,552,1142,0.8623896241188049,False,healthy,0.9831209182739258,0.9831209182739258,0.0168791264295578,False,pink,70.0,0.9972642607683353,,0.0,0.0,0.0,0.0,True
74,video_02_frame_000074,False,4,False,0,True,-1,348,259,511,409,0.8097524046897888,False,healthy,0.9984733462333679,0.9984733462333679,0.0015266176778823137,False,pink,70.0,0.8681207793215866,,0.0,0.0,0.0,0.0,True
75,video_02_frame_000075,False,1,False,0,True,-1,67,676,315,931,0.9899827837944031,False,healthy,0.9448022246360779,0.9448022246360779,0.055197808891534805,False,pink,70.0,0.9941728850507252,,0.0,0.0,0.0,0.0,True
75,video_02_frame_000075,False,6,False,0,True,-1,378,555,623,792,0.9829441905021667,False,healthy,0.8368513584136963,0.8368513584136963,0.1631486415863037,False,pink,70.0,0.8252312867956266,,0.0,0.0,0.0,0.0,True
75,video_02_frame_000075,False,2,False,0,True,-1,181,474,398,694,0.9701279401779175,False,unhealthy,0.8566920161247253,0.14330799877643585,0.8566920161247253,False,,,,,0.0,0.0,0.0,0.0,True
75,video_02_frame_000075,False,3,False,0,True,-1,0,472,167,709,0.9602710604667664,False,healthy,0.9932072758674622,0.9932072758674622,0.006792756263166666,False,pink,70.0,0.9755466356818422,,0.0,0.0,0.0,0.0,True
75,video_02_frame_000075,False,5,False,0,True,-1,347,401,531,583,0.9241471886634827,False,healthy,0.9475536346435547,0.9475536346435547,0.05244641378521919,False,pink,70.0,1.0,,0.0,0.0,0.0,0.0,True
75,video_02_frame_000075,False,9,False,0,True,-1,0,794,94,1032,0.908806562423706,False,unhealthy,0.8186511397361755,0.18134884536266327,0.8186511397361755,False,,,,,0.0,0.0,0.0,0.0,True
75,video_02_frame_000075,False,10,False,0,True,-1,308,1017,544,1145,0.8623896241188049,False,healthy,0.9831209182739258,0.9831209182739258,0.0168791264295578,False,pink,70.0,0.9972642607683353,,0.0,0.0,0.0,0.0,True
75,video_02_frame_000075,False,4,False,0,True,-1,343,259,506,409,0.8097524046897888,False,healthy,0.9984733462333679,0.9984733462333679,0.0015266176778823137,False,pink,70.0,0.8681207793215866,,0.0,0.0,0.0,0.0,True
76,video_02_frame_000076,False,1,False,0,True,-1,60,678,308,933,0.9899827837944031,False,healthy,0.9448022246360779,0.9448022246360779,0.055197808891534805,False,pink,70.0,0.9941728850507252,,0.0,0.0,0.0,0.0,True
76,video_02_frame_000076,False,6,False,0,True,-1,372,556,617,793,0.9829441905021667,False,healthy,0.8368513584136963,0.8368513584136963,0.1631486415863037,False,pink,70.0,0.8252312867956266,,0.0,0.0,0.0,0.0,True
76,video_02_frame_000076,False,2,False,0,True,-1,174,475,391,695,0.9701279401779175,False,unhealthy,0.8566920161247253,0.14330799877643585,0.8566920161247253,False,,,,,0.0,0.0,0.0,0.0,True
76,video_02_frame_000076,False,3,False,0,True,-1,0,473,159,710,0.9602710604667664,False,healthy,0.9932072758674622,0.9932072758674622,0.006792756263166666,False,pink,70.0,0.9755466356818422,,0.0,0.0,0.0,0.0,True
76,video_02_frame_000076,False,5,False,0,True,-1,341,402,525,584,0.9241471886634827,False,healthy,0.9475536346435547,0.9475536346435547,0.05244641378521919,False,pink,70.0,1.0,,0.0,0.0,0.0,0.0,True
76,video_02_frame_000076,False,9,False,0,True,-1,0,796,86,1034,0.908806562423706,False,unhealthy,0.8186511397361755,0.18134884536266327,0.8186511397361755,False,,,,,0.0,0.0,0.0,0.0,True
76,video_02_frame_000076,False,10,False,0,True,-1,301,1020,537,1148,0.8623896241188049,False,healthy,0.9831209182739258,0.9831209182739258,0.0168791264295578,False,pink,70.0,0.9972642607683353,,0.0,0.0,0.0,0.0,True
76,video_02_frame_000076,False,4,False,0,True,-1,338,259,501,409,0.8097524046897888,False,healthy,0.9984733462333679,0.9984733462333679,0.0015266176778823137,False,pink,70.0,0.8681207793215866,,0.0,0.0,0.0,0.0,True
77,video_02_frame_000077,False,1,False,0,True,-1,52,680,300,935,0.9899827837944031,False,healthy,0.9448022246360779,0.9448022246360779,0.055197808891534805,False,pink,70.0,0.9941728850507252,,0.0,0.0,0.0,0.0,True
77,video_02_frame_000077,False,6,False,0,True,-1,366,556,611,793,0.9829441905021667,False,healthy,0.8368513584136963,0.8368513584136963,0.1631486415863037,False,pink,70.0,0.8252312867956266,,0.0,0.0,0.0,0.0,True
77,video_02_frame_000077,False,2,False,0,True,-1,167,476,384,696,0.9701279401779175,False,unhealthy,0.8566920161247253,0.14330799877643585,0.8566920161247253,False,,,,,0.0,0.0,0.0,0.0,True
77,video_02_frame_000077,False,3,False,0,True,-1,0,474,150,711,0.9602710604667664,False,healthy,0.9932072758674622,0.9932072758674622,0.006792756263166666,False,pink,70.0,0.9755466356818422,,0.0,0.0,0.0,0.0,True
77,video_02_frame_000077,False,5,False,0,True,-1,335,402,519,584,0.9241471886634827,False,healthy,0.9475536346435547,0.9475536346435547,0.05244641378521919,False,pink,70.0,1.0,,0.0,0.0,0.0,0.0,True
77,video_02_frame_000077,False,9,False,0,True,-1,0,798,78,1036,0.908806562423706,False,unhealthy,0.8186511397361755,0.18134884536266327,0.8186511397361755,False,,,,,0.0,0.0,0.0,0.0,True
77,video_02_frame_000077,False,10,False,0,True,-1,293,1023,529,1151,0.8623896241188049,False,healthy,0.9831209182739258,0.9831209182739258,0.0168791264295578,False,pink,70.0,0.9972642607683353,,0.0,0.0,0.0,0.0,True
77,video_02_frame_000077,False,4,False,0,True,-1,333,259,496,409,0.8097524046897888,False,healthy,0.9984733462333679,0.9984733462333679,0.0015266176778823137,False,pink,70.0,0.8681207793215866,,0.0,0.0,0.0,0.0,True
78,video_02_frame_000078,True,1,False,7,True,1,41,673,301,940,0.9906626343727112,False,healthy,0.9448022246360779,0.9448022246360779,0.055197808891534805,False,pink,70.0,0.9941728850507252,,0.0,0.0,0.0,0.0,False
78,video_02_frame_000078,True,6,False,6,True,2,356,555,603,802,0.9840913414955139,False,healthy,0.8368513584136963,0.8368513584136963,0.1631486415863037,False,pink,70.0,0.8252312867956266,,0.0,0.0,0.0,0.0,False
78,video_02_frame_000078,True,2,False,7,True,3,159,466,387,701,0.9621303677558899,False,unhealthy,0.8566920161247253,0.14330799877643585,0.8566920161247253,False,,,,,0.0,0.0,0.0,0.0,False
78,video_02_frame_000078,True,10,False,3,True,4,280,1023,532,1173,0.9313740134239197,False,healthy,0.9831209182739258,0.9831209182739258,0.0168791264295578,False,pink,70.0,0.9972642607683353,,0.0,0.0,0.0,0.0,False
78,video_02_frame_000078,True,5,False,7,True,5,334,391,518,590,0.9310080409049988,False,healthy,0.9475536346435547,0.9475536346435547,0.05244641378521919,False,pink,70.0,1.0,,0.0,0.0,0.0,0.0,False
78,video_02_frame_000078,True,11,True,1,False,6,518,975,720,1159,0.8786922693252563,True,healthy,0.4082760810852051,0.4082760810852051,0.5917238593101501,True,pink,70.0,0.9815192921836553,,3.9577484130859375e-05,0.015559911727905273,0.2440016269683838,0.2596011161804199,False
78,video_02_frame_000078,True,3,False,7,True,7,0,467,153,729,0.8358367681503296,False,healthy,0.9932072758674622,0.9932072758674622,0.006792756263166666,False,pink,70.0,0.9755466356818422,,0.0,0.0,0.0,0.0,False
78,video_02_frame_000078,True,4,False,5,True,8,327,256,495,410,0.8042232990264893,False,healthy,0.9984733462333679,0.9984733462333679,0.0015266176778823137,False,pink,70.0,0.8681207793215866,,0.0,0.0,0.0,0.0,False
79,video_02_frame_000079,False,1,False,0,True,-1,32,674,292,941,0.9906626343727112,False,healthy,0.9448022246360779,0.9448022246360779,0.055197808891534805,False,pink,70.0,0.9941728850507252,,0.0,0.0,0.0,0.0,True
79,video_02_frame_000079,False,6,False,0,True,-1,349,555,596,802,0.9840913414955139,False,healthy,0.8368513584136963,0.8368513584136963,0.1631486415863037,False,pink,70.0,0.8252312867956266,,0.0,0.0,0.0,0.0,True
79,video_02_frame_000079,False,2,False,0,True,-1,151,466,379,701,0.9621303677558899,False,unhealthy,0.8566920161247253,0.14330799877643585,0.8566920161247253,False,,,,,0.0,0.0,0.0,0.0,True
79,video_02_frame_000079,False,10,False,0,True,-1,271,1025,523,1175,0.9313740134239197,False,healthy,0.9831209182739258,0.9831209182739258,0.0168791264295578,False,pink,70.0,0.9972642607683353,,0.0,0.0,0.0,0.0,True
79,video_02_frame_000079,False,5,False,0,True,-1,327,391,511,590,0.9310080409049988,False,healthy,0.9475536346435547,0.9475536346435547,0.05244641378521919,False,pink,70.0,1.0,,0.0,0.0,0.0,0.0,True
79,video_02_frame_000079,False,11,False,0,True,-1,511,976,713,1160,0.8786922693252563,False,healthy,0.4082760810852051,0.4082760810852051,0.5917238593101501,False,pink,70.0,0.9815192921836553,,0.0,0.0,0.0,0.0,True
79,video_02_frame_000079,False,3,False,0,True,-1,0,467,144,729,0.8358367681503296,False,healthy,0.9932072758674622,0.9932072758674622,0.006792756263166666,False,pink,70.0,0.9755466356818422,,0.0,0.0,0.0,0.0,True
79,video_02_frame_000079,False,4,False,0,True,-1,322,255,490,409,0.8042232990264893,False,healthy,0.9984733462333679,0.9984733462333679,0.0015266176778823137,False,pink,70.0,0.8681207793215866,,0.0,0.0,0.0,0.0,True
80,video_02_frame_000080,False,1,False,0,True,-1,23,674,283,941,0.9906626343727112,False,healthy,0.9448022246360779,0.9448022246360779,0.055197808891534805,False,pink,70.0,0.9941728850507252,,0.0,0.0,0.0,0.0,True
80,video_02_frame_000080,False,6,False,0,True,-1,342,555,589,802,0.9840913414955139,False,healthy,0.8368513584136963,0.8368513584136963,0.1631486415863037,False,pink,70.0,0.8252312867956266,,0.0,0.0,0.0,0.0,True
80,video_02_frame_000080,False,2,False,0,True,-1,143,466,371,701,0.9621303677558899,False,unhealthy,0.8566920161247253,0.14330799877643585,0.8566920161247253,False,,,,,0.0,0.0,0.0,0.0,True
80,video_02_frame_000080,False,10,False,0,True,-1,262,1026,514,1176,0.9313740134239197,False,healthy,0.9831209182739258,0.9831209182739258,0.0168791264295578,False,pink,70.0,0.9972642607683353,,0.0,0.0,0.0,0.0,True
80,video_02_frame_000080,False,5,False,0,True,-1,320,391,504,590,0.9310080409049988,False,healthy,0.9475536346435547,0.9475536346435547,0.05244641378521919,False,pink,70.0,1.0,,0.0,0.0,0.0,0.0,True
80,video_02_frame_000080,False,11,False,0,True,-1,504,976,706,1160,0.8786922693252563,False,healthy,0.4082760810852051,0.4082760810852051,0.5917238593101501,False,pink,70.0,0.9815192921836553,,0.0,0.0,0.0,0.0,True
80,video_02_frame_000080,False,3,False,0,True,-1,0,467,135,729,0.8358367681503296,False,healthy,0.9932072758674622,0.9932072758674622,0.006792756263166666,False,pink,70.0,0.9755466356818422,,0.0,0.0,0.0,0.0,True
80,video_02_frame_000080,False,4,False,0,True,-1,316,254,484,408,0.8042232990264893,False,healthy,0.9984733462333679,0.9984733462333679,0.0015266176778823137,False,pink,70.0,0.8681207793215866,,0.0,0.0,0.0,0.0,True
81,video_02_frame_000081,False,1,False,0,True,-1,14,674,274,941,0.9906626343727112,False,healthy,0.9448022246360779,0.9448022246360779,0.055197808891534805,False,pink,70.0,0.9941728850507252,,0.0,0.0,0.0,0.0,True
81,video_02_frame_000081,False,6,False,0,True,-1,335,554,582,801,0.9840913414955139,False,healthy,0.8368513584136963,0.8368513584136963,0.1631486415863037,False,pink,70.0,0.8252312867956266,,0.0,0.0,0.0,0.0,True
81,video_02_frame_000081,False,2,False,0,True,-1,135,466,363,701,0.9621303677558899,False,unhealthy,0.8566920161247253,0.14330799877643585,0.8566920161247253,False,,,,,0.0,0.0,0.0,0.0,True
81,video_02_frame_000081,False,10,False,0,True,-1,253,1027,505,1177,0.9313740134239197,False,healthy,0.9831209182739258,0.9831209182739258,0.0168791264295578,False,pink,70.0,0.9972642607683353,,0.0,0.0,0.0,0.0,True
81,video_02_frame_000081,False,5,False,0,True,-1,313,390,497,589,0.9310080409049988,False,healthy,0.9475536346435547,0.9475536346435547,0.05244641378521919,False,pink,70.0,1.0,,0.0,0.0,0.0,0.0,True
81,video_02_frame_000081,False,11,False,0,True,-1,497,976,699,1160,0.8786922693252563,False,healthy,0.4082760810852051,0.4082760810852051,0.5917238593101501,False,pink,70.0,0.9815192921836553,,0.0,0.0,0.0,0.0,True
81,video_02_frame_000081,False,3,False,0,True,-1,0,467,126,729,0.8358367681503296,False,healthy,0.9932072758674622,0.9932072758674622,0.006792756263166666,False,pink,70.0,0.9755466356818422,,0.0,0.0,0.0,0.0,True
81,video_02_frame_000081,False,4,False,0,True,-1,311,253,479,407,0.8042232990264893,False,healthy,0.9984733462333679,0.9984733462333679,0.0015266176778823137,False,pink,70.0,0.8681207793215866,,0.0,0.0,0.0,0.0,True
82,video_02_frame_000082,False,1,False,0,True,-1,6,674,266,941,0.9906626343727112,False,healthy,0.9448022246360779,0.9448022246360779,0.055197808891534805,False,pink,70.0,0.9941728850507252,,0.0,0.0,0.0,0.0,True
82,video_02_frame_000082,False,6,False,0,True,-1,329,553,576,800,0.9840913414955139,False,healthy,0.8368513584136963,0.8368513584136963,0.1631486415863037,False,pink,70.0,0.8252312867956266,,0.0,0.0,0.0,0.0,True
82,video_02_frame_000082,False,2,False,0,True,-1,128,466,356,701,0.9621303677558899,False,unhealthy,0.8566920161247253,0.14330799877643585,0.8566920161247253,False,,,,,0.0,0.0,0.0,0.0,True
82,video_02_frame_000082,False,10,False,0,True,-1,245,1028,497,1178,0.9313740134239197,False,healthy,0.9831209182739258,0.9831209182739258,0.0168791264295578,False,pink,70.0,0.9972642607683353,,0.0,0.0,0.0,0.0,True
82,video_02_frame_000082,False,5,False,0,True,-1,307,389,491,588,0.9310080409049988,False,healthy,0.9475536346435547,0.9475536346435547,0.05244641378521919,False,pink,70.0,1.0,,0.0,0.0,0.0,0.0,True
82,video_02_frame_000082,False,11,False,0,True,-1,490,976,692,1160,0.8786922693252563,False,healthy,0.4082760810852051,0.4082760810852051,0.5917238593101501,False,pink,70.0,0.9815192921836553,,0.0,0.0,0.0,0.0,True
82,video_02_frame_000082,False,3,False,0,True,-1,0,467,118,729,0.8358367681503296,False,healthy,0.9932072758674622,0.9932072758674622,0.006792756263166666,False,pink,70.0,0.9755466356818422,,0.0,0.0,0.0,0.0,True
82,video_02_frame_000082,False,4,False,0,True,-1,306,252,474,406,0.8042232990264893,False,healthy,0.9984733462333679,0.9984733462333679,0.0015266176778823137,False,pink,70.0,0.8681207793215866,,0.0,0.0,0.0,0.0,True
83,video_02_frame_000083,False,1,False,0,True,-1,0,674,259,941,0.9906626343727112,False,healthy,0.9448022246360779,0.9448022246360779,0.055197808891534805,False,pink,70.0,0.9941728850507252,,0.0,0.0,0.0,0.0,True
83,video_02_frame_000083,False,6,False,0,True,-1,323,553,570,800,0.9840913414955139,False,healthy,0.8368513584136963,0.8368513584136963,0.1631486415863037,False,pink,70.0,0.8252312867956266,,0.0,0.0,0.0,0.0,True
83,video_02_frame_000083,False,2,False,0,True,-1,122,466,350,701,0.9621303677558899,False,unhealthy,0.8566920161247253,0.14330799877643585,0.8566920161247253,False,,,,,0.0,0.0,0.0,0.0,True
83,video_02_frame_000083,False,10,False,0,True,-1,238,1029,490,1179,0.9313740134239197,False,healthy,0.9831209182739258,0.9831209182739258,0.0168791264295578,False,pink,70.0,0.9972642607683353,,0.0,0.0,0.0,0.0,True
83,video_02_frame_000083,False,5,False,0,True,-1,301,389,485,588,0.9310080409049988,False,healthy,0.9475536346435547,0.9475536346435547,0.05244641378521919,False,pink,70.0,1.0,,0.0,0.0,0.0,0.0,True
83,video_02_frame_000083,False,11,False,0,True,-1,484,976,686,1160,0.8786922693252563,False,healthy,0.4082760810852051,0.4082760810852051,0.5917238593101501,False,pink,70.0,0.9815192921836553,,0.0,0.0,0.0,0.0,True
83,video_02_frame_000083,False,3,False,0,True,-1,0,467,111,729,0.8358367681503296,False,healthy,0.9932072758674622,0.9932072758674622,0.006792756263166666,False,pink,70.0,0.9755466356818422,,0.0,0.0,0.0,0.0,True
83,video_02_frame_000083,False,4,False,0,True,-1,301,251,469,405,0.8042232990264893,False,healthy,0.9984733462333679,0.9984733462333679,0.0015266176778823137,False,pink,70.0,0.8681207793215866,,0.0,0.0,0.0,0.0,True
84,video_02_frame_000084,False,1,False,0,True,-1,0,675,252,942,0.9906626343727112,False,healthy,0.9448022246360779,0.9448022246360779,0.055197808891534805,False,pink,70.0,0.9941728850507252,,0.0,0.0,0.0,0.0,True
84,video_02_frame_000084,False,6,False,0,True,-1,317,553,564,800,0.9840913414955139,False,healthy,0.8368513584136963,0.8368513584136963,0.1631486415863037,False,pink,70.0,0.8252312867956266,,0.0,0.0,0.0,0.0,True
84,video_02_frame_000084,False,2,False,0,True,-1,115,466,343,701,0.9621303677558899,False,unhealthy,0.8566920161247253,0.14330799877643585,0.8566920161247253,False,,,,,0.0,0.0,0.0,0.0,True
84,video_02_frame_000084,False,10,False,0,True,-1,230,1030,482,1180,0.9313740134239197,False,healthy,0.9831209182739258,0.9831209182739258,0.0168791264295578,False,pink,70.0,0.9972642607683353,,0.0,0.0,0.0,0.0,True
84,video_02_frame_000084,False,5,False,0,True,-1,295,389,479,588,0.9310080409049988,False,healthy,0.9475536346435547,0.9475536346435547,0.05244641378521919,False,pink,70.0,1.0,,0.0,0.0,0.0,0.0,True
84,video_02_frame_000084,False,11,False,0,True,-1,477,976,679,1160,0.8786922693252563,False,healthy,0.4082760810852051,0.4082760810852051,0.5917238593101501,False,pink,70.0,0.9815192921836553,,0.0,0.0,0.0,0.0,True
84,video_02_frame_000084,False,3,False,0,True,-1,0,467,103,729,0.8358367681503296,False,healthy,0.9932072758674622,0.9932072758674622,0.006792756263166666,False,pink,70.0,0.9755466356818422,,0.0,0.0,0.0,0.0,True
84,video_02_frame_000084,False,4,False,0,True,-1,296,251,464,405,0.8042232990264893,False,healthy,0.9984733462333679,0.9984733462333679,0.0015266176778823137,False,pink,70.0,0.8681207793215866,,0.0,0.0,0.0,0.0,True
85,video_02_frame_000085,False,1,False,0,True,-1,0,676,245,943,0.9906626343727112,False,healthy,0.9448022246360779,0.9448022246360779,0.055197808891534805,False,pink,70.0,0.9941728850507252,,0.0,0.0,0.0,0.0,True
85,video_02_frame_000085,False,6,False,0,True,-1,311,553,558,800,0.9840913414955139,False,healthy,0.8368513584136963,0.8368513584136963,0.1631486415863037,False,pink,70.0,0.8252312867956266,,0.0,0.0,0.0,0.0,True
85,video_02_frame_000085,False,2,False,0,True,-1,109,467,337,702,0.9621303677558899,False,unhealthy,0.8566920161247253,0.14330799877643585,0.8566920161247253,False,,,,,0.0,0.0,0.0,0.0,True
85,video_02_frame_000085,False,10,False,0,True,-1,223,1032,475,1182,0.9313740134239197,False,healthy,0.9831209182739258,0.9831209182739258,0.0168791264295578,False,pink,70.0,0.9972642607683353,,0.0,0.0,0.0,0.0,True
85,video_02_frame_000085,False,5,False,0,True,-1,289,389,473,588,0.9310080409049988,False,healthy,0.9475536346435547,0.9475536346435547,0.05244641378521919,False,pink,70.0,1.0,,0.0,0.0,0.0,0.0,True
85,video_02_frame_000085,False,11,False,0,True,-1,471,977,673,1161,0.8786922693252563,False,healthy,0.4082760810852051,0.4082760810852051,0.5917238593101501,False,pink,70.0,0.9815192921836553,,0.0,0.0,0.0,0.0,True
85,video_02_frame_000085,False,3,False,0,True,-1,0,468,96,730,0.8358367681503296,False,healthy,0.9932072758674622,0.9932072758674622,0.006792756263166666,False,pink,70.0,0.9755466356818422,,0.0,0.0,0.0,0.0,True
85,video_02_frame_000085,False,4,False,0,True,-1,291,251,459,405,0.8042232990264893,False,healthy,0.9984733462333679,0.9984733462333679,0.0015266176778823137,False,pink,70.0,0.8681207793215866,,0.0,0.0,0.0,0.0,True
86,video_02_frame_000086,False,1,False,0,True,-1,0,677,237,944,0.9906626343727112,False,healthy,0.9448022246360779,0.9448022246360779,0.055197808891534805,False,pink,70.0,0.9941728850507252,,0.0,0.0,0.0,0.0,True
86,video_02_frame_000086,False,6,False,0,True,-1,304,553,551,800,0.9840913414955139,False,healthy,0.8368513584136963,0.8368513584136963,0.1631486415863037,False,pink,70.0,0.8252312867956266,,0.0,0.0,0.0,0.0,True
86,video_02_frame_000086,False,2,False,0,True,-1,102,468,330,703,0.9621303677558899,False,unhealthy,0.8566920161247253,0.14330799877643585,0.8566920161247253,False,,,,,0.0,0.0,0.0,0.0,True
86,video_02_frame_000086,False,10,False,0,True,-1,215,1034,467,1184,0.9313740134239197,False,healthy,0.9831209182739258,0.9831209182739258,0.0168791264295578,False,pink,70.0,0.9972642607683353,,0.0,0.0,0.0,0.0,True
86,video_02_frame_000086,False,5,False,0,True,-1,283,389,467,588,0.9310080409049988,False,healthy,0.9475536346435547,0.9475536346435547,0.05244641378521919,False,pink,70.0,1.0,,0.0,0.0,0.0,0.0,True
86,video_02_frame_000086,False,11,False,0,True,-1,464,978,666,1162,0.8786922693252563,False,healthy,0.4082760810852051,0.4082760810852051,0.5917238593101501,False,pink,70.0,0.9815192921836553,,0.0,0.0,0.0,0.0,True
86,video_02_frame_000086,False,3,False,0,True,-1,0,469,88,731,0.8358367681503296,False,healthy,0.9932072758674622,0.9932072758674622,0.006792756263166666,False,pink,70.0,0.9755466356818422,,0.0,0.0,0.0,0.0,True
86,video_02_frame_000086,False,4,False,0,True,-1,286,251,454,405,0.8042232990264893,False,healthy,0.9984733462333679,0.9984733462333679,0.0015266176778823137,False,pink,70.0,0.8681207793215866,,0.0,0.0,0.0,0.0,True
87,video_02_frame_000087,False,1,False,0,True,-1,0,678,229,945,0.9906626343727112,False,healthy,0.9448022246360779,0.9448022246360779,0.055197808891534805,False,pink,70.0,0.9941728850507252,,0.0,0.0,0.0,0.0,True
87,video_02_frame_000087,False,6,False,0,True,-1,297,553,544,800,0.9840913414955139,False,healthy,0.8368513584136963,0.8368513584136963,0.1631486415863037,False,pink,70.0,0.8252312867956266,,0.0,0.0,0.0,0.0,True
87,video_02_frame_000087,False,2,False,0,True,-1,95,469,323,704,0.9621303677558899,False,unhealthy,0.8566920161247253,0.14330799877643585,0.8566920161247253,False,,,,,0.0,0.0,0.0,0.0,True
87,video_02_frame_000087,False,10,False,0,True,-1,207,1035,459,1185,0.9313740134239197,False,healthy,0.9831209182739258,0.9831209182739258,0.0168791264295578,False,pink,70.0,0.9972642607683353,,0.0,0.0,0.0,0.0,True
87,video_02_frame_000087,False,5,False,0,True,-1,277,389,461,588,0.9310080409049988,False,healthy,0.9475536346435547,0.9475536346435547,0.05244641378521919,False,pink,70.0,1.0,,0.0,0.0,0.0,0.0,True
87,video_02_frame_000087,False,11,False,0,True,-1,457,979,659,1163,0.8786922693252563,False,healthy,0.4082760810852051,0.4082760810852051,0.5917238593101501,False,pink,70.0,0.9815192921836553,,0.0,0.0,0.0,0.0,True
87,video_02_frame_000087,False,3,False,0,True,-1,0,470,80,732,0.8358367681503296,False,healthy,0.9932072758674622,0.9932072758674622,0.006792756263166666,False,pink,70.0,0.9755466356818422,,0.0,0.0,0.0,0.0,True
87,video_02_frame_000087,False,4,False,0,True,-1,281,251,449,405,0.8042232990264893,False,healthy,0.9984733462333679,0.9984733462333679,0.0015266176778823137,False,pink,70.0,0.8681207793215866,,0.0,0.0,0.0,0.0,True
88,video_02_frame_000088,False,1,False,0,True,-1,0,678,223,945,0.9906626343727112,False,healthy,0.9448022246360779,0.9448022246360779,0.055197808891534805,False,pink,70.0,0.9941728850507252,,0.0,0.0,0.0,0.0,True
88,video_02_frame_000088,False,6,False,0,True,-1,291,553,538,800,0.9840913414955139,False,healthy,0.8368513584136963,0.8368513584136963,0.1631486415863037,False,pink,70.0,0.8252312867956266,,0.0,0.0,0.0,0.0,True
88,video_02_frame_000088,False,2,False,0,True,-1,89,469,317,704,0.9621303677558899,False,unhealthy,0.8566920161247253,0.14330799877643585,0.8566920161247253,False,,,,,0.0,0.0,0.0,0.0,True
88,video_02_frame_000088,False,10,False,0,True,-1,200,1036,452,1186,0.9313740134239197,False,healthy,0.9831209182739258,0.9831209182739258,0.0168791264295578,False,pink,70.0,0.9972642607683353,,0.0,0.0,0.0,0.0,True
88,video_02_frame_000088,False,5,False,0,True,-1,271,389,455,588,0.9310080409049988,False,healthy,0.9475536346435547,0.9475536346435547,0.05244641378521919,False,pink,70.0,1.0,,0.0,0.0,0.0,0.0,True
88,video_02_frame_000088,False,11,False,0,True,-1,451,979,653,1163,0.8786922693252563,False,healthy,0.4082760810852051,0.4082760810852051,0.5917238593101501,False,pink,70.0,0.9815192921836553,,0.0,0.0,0.0,0.0,True
88,video_02_frame_000088,False,3,False,0,True,-1,0,470,72,732,0.8358367681503296,False,healthy,0.9932072758674622,0.9932072758674622,0.006792756263166666,False,pink,70.0,0.9755466356818422,,0.0,0.0,0.0,0.0,True
88,video_02_frame_000088,False,4,False,0,True,-1,276,251,444,405,0.8042232990264893,False,healthy,0.9984733462333679,0.9984733462333679,0.0015266176778823137,False,pink,70.0,0.8681207793215866,,0.0,0.0,0.0,0.0,True
89,video_02_frame_000089,False,1,False,0,True,-1,0,678,216,945,0.9906626343727112,False,healthy,0.9448022246360779,0.9448022246360779,0.055197808891534805,False,pink,70.0,0.9941728850507252,,0.0,0.0,0.0,0.0,True
89,video_02_frame_000089,False,6,False,0,True,-1,285,553,532,800,0.9840913414955139,False,healthy,0.8368513584136963,0.8368513584136963,0.1631486415863037,False,pink,70.0,0.8252312867956266,,0.0,0.0,0.0,0.0,True
89,video_02_frame_000089,False,2,False,0,True,-1,83,469,311,704,0.9621303677558899,False,unhealthy,0.8566920161247253,0.14330799877643585,0.8566920161247253,False,,,,,0.0,0.0,0.0,0.0,True
89,video_02_frame_000089,False,10,False,0,True,-1,193,1036,445,1186,0.9313740134239197,False,healthy,0.9831209182739258,0.9831209182739258,0.0168791264295578,False,pink,70.0,0.9972642607683353,,0.0,0.0,0.0,0.0,True
89,video_02_frame_000089,False,5,False,0,True,-1,265,389,449,588,0.9310080409049988,False,healthy,0.9475536346435547,0.9475536346435547,0.05244641378521919,False,pink,70.0,1.0,,0.0,0.0,0.0,0.0,True
89,video_02_frame_000089,False,11,False,0,True,-1,445,979,647,1163,0.8786922693252563,False,healthy,0.4082760810852051,0.4082760810852051,0.5917238593101501,False,pink,70.0,0.9815192921836553,,0.0,0.0,0.0,0.0,True
89,video_02_frame_000089,False,3,False,0,True,-1,0,470,72,732,0.8358367681503296,False,healthy,0.9932072758674622,0.9932072758674622,0.006792756263166666,False,pink,70.0,0.9755466356818422,,0.0,0.0,0.0,0.0,True
89,video_02_frame_000089,False,4,False,0,True,-1,271,250,439,404,0.8042232990264893,False,healthy,0.9984733462333679,0.9984733462333679,0.0015266176778823137,False,pink,70.0,0.8681207793215866,,0.0,0.0,0.0,0.0,True
90,video_02_frame_000090,False,1,False,0,True,-1,0,678,208,945,0.9906626343727112,False,healthy,0.9448022246360779,0.9448022246360779,0.055197808891534805,False,pink,70.0,0.9941728850507252,,0.0,0.0,0.0,0.0,True
90,video_02_frame_000090,False,6,False,0,True,-1,278,552,525,799,0.9840913414955139,False,healthy,0.8368513584136963,0.8368513584136963,0.1631486415863037,False,pink,70.0,0.8252312867956266,,0.0,0.0,0.0,0.0,True
90,video_02_frame_000090,False,2,False,0,True,-1,75,468,303,703,0.9621303677558899,False,unhealthy,0.8566920161247253,0.14330799877643585,0.8566920161247253,False,,,,,0.0,0.0,0.0,0.0,True
90,video_02_frame_000090,False,10,False,0,True,-1,185,1037,437,1187,0.9313740134239197,False,healthy,0.9831209182739258,0.9831209182739258,0.0168791264295578,False,pink,70.0,0.9972642607683353,,0.0,0.0,0.0,0.0,True
90,video_02_frame_000090,False,5,False,0,True,-1,259,388,443,587,0.9310080409049988,False,healthy,0.9475536346435547,0.9475536346435547,0.05244641378521919,False,pink,70.0,1.0,,0.0,0.0,0.0,0.0,True
90,video_02_frame_000090,False,11,False,0,True,-1,438,979,640,1163,0.8786922693252563,False,healthy,0.4082760810852051,0.4082760810852051,0.5917238593101501,False,pink,70.0,0.9815192921836553,,0.0,0.0,0.0,0.0,True
90,video_02_frame_000090,False,3,False,0,True,-1,0,469,64,731,0.8358367681503296,False,healthy,0.9932072758674622,0.9932072758674622,0.006792756263166666,False,pink,70.0,0.9755466356818422,,0.0,0.0,0.0,0.0,True
90,video_02_frame_000090,False,4,False,0,True,-1,265,249,433,403,0.8042232990264893,False,healthy,0.9984733462333679,0.9984733462333679,0.0015266176778823137,False,pink,70.0,0.8681207793215866,,0.0,0.0,0.0,0.0,True
91,video_02_frame_000091,True,2,False,8,True,1,57,460,300,707,0.9862804412841797,False,unhealthy,0.8566920161247253,0.14330799877643585,0.8566920161247253,False,,,,,0.0,0.0,0.0,0.0,False
91,video_02_frame_000091,True,6,False,7,True,2,275,547,521,804,0.980510413646698,False,healthy,0.8368513584136963,0.8368513584136963,0.1631486415863037,False,pink,70.0,0.8252312867956266,,0.0,0.0,0.0,0.0,False
91,video_02_frame_000091,True,1,False,8,True,3,0,679,208,955,0.9745758175849915,False,healthy,0.9448022246360779,0.9448022246360779,0.055197808891534805,False,pink,70.0,0.9941728850507252,,0.0,0.0,0.0,0.0,False
91,video_02_frame_000091,True,10,False,4,True,4,171,1034,436,1194,0.9307693243026733,False,healthy,0.9831209182739258,0.9831209182739258,0.0168791264295578,False,pink,70.0,0.9972642607683353,,0.0,0.0,0.0,0.0,False
91,video_02_frame_000091,True,11,False,2,True,5,585,875,720,1069,0.9086015820503235,False,healthy,0.4082760810852051,0.4082760810852051,0.5917238593101501,False,pink,70.0,0.9815192921836553,,0.0,0.0,0.0,0.0,False
91,video_02_frame_000091,True,12,True,1,False,6,430,983,684,1180,0.8834015727043152,True,unhealthy,0.8736779093742371,0.12632213532924652,0.8736779093742371,False,,,,,5.459785461425781e-05,0.0181581974029541,0.0,0.01821279525756836,False
91,video_02_frame_000091,True,5,False,8,True,7,259,384,442,561,0.8675055503845215,False,healthy,0.9475536346435547,0.9475536346435547,0.05244641378521919,False,pink,70.0,1.0,,0.0,0.0,0.0,0.0,False
92,video_02_frame_000092,False,2,False,0,True,-1,50,460,293,707,0.9862804412841797,False,unhealthy,0.8566920161247253,0.14330799877643585,0.8566920161247253,False,,,,,0.0,0.0,0.0,0.0,True
92,video_02_frame_000092,False,6,False,0,True,-1,268,547,514,804,0.980510413646698,False,healthy,0.8368513584136963,0.8368513584136963,0.1631486415863037,False,pink,70.0,0.8252312867956266,,0.0,0.0,0.0,0.0,True
92,video_02_frame_000092,False,1,False,0,True,-1,0,679,200,955,0.9745758175849915,False,healthy,0.9448022246360779,0.9448022246360779,0.055197808891534805,False,pink,70.0,0.9941728850507252,,0.0,0.0,0.0,0.0,True
92,video_02_frame_000092,False,10,False,0,True,-1,163,1035,428,1195,0.9307693243026733,False,healthy,0.9831209182739258,0.9831209182739258,0.0168791264295578,False,pink,70.0,0.9972642607683353,,0.0,0.0,0.0,0.0,True
92,video_02_frame_000092,False,11,False,0,True,-1,578,875,713,1069,0.9086015820503235,False,healthy,0.4082760810852051,0.4082760810852051,0.5917238593101501,False,pink,70.0,0.9815192921836553,,0.0,0.0,0.0,0.0,True
92,video_02_frame_000092,False,12,False,0,True,-1,423,983,677,1180,0.8834015727043152,False,unhealthy,0.8736779093742371,0.12632213532924652,0.8736779093742371,False,,,,,0.0,0.0,0.0,0.0,True
92,video_02_frame_000092,False,5,False,0,True,-1,252,384,435,561,0.8675055503845215,False,healthy,0.9475536346435547,0.9475536346435547,0.05244641378521919,False,pink,70.0,1.0,,0.0,0.0,0.0,0.0,True
93,video_02_frame_000093,False,2,False,0,True,-1,42,460,285,707,0.9862804412841797,False,unhealthy,0.8566920161247253,0.14330799877643585,0.8566920161247253,False,,,,,0.0,0.0,0.0,0.0,True
93,video_02_frame_000093,False,6,False,0,True,-1,261,547,507,804,0.980510413646698,False,healthy,0.8368513584136963,0.8368513584136963,0.1631486415863037,False,pink,70.0,0.8252312867956266,,0.0,0.0,0.0,0.0,True
93,video_02_frame_000093,False,1,False,0,True,-1,0,680,191,956,0.9745758175849915,False,healthy,0.9448022246360779,0.9448022246360779,0.055197808891534805,False,pink,70.0,0.9941728850507252,,0.0,0.0,0.0,0.0,True
93,video_02_frame_000093,False,10,False,0,True,-1,154,1037,419,1197,0.9307693243026733,False,healthy,0.9831209182739258,0.9831209182739258,0.0168791264295578,False,pink,70.0,0.9972642607683353,,0.0,0.0,0.0,0.0,True
93,video_02_frame_000093,False,11,False,0,True,-1,571,876,706,1070,0.9086015820503235,False,healthy,0.4082760810852051,0.4082760810852051,0.5917238593101501,False,pink,70.0,0.9815192921836553,,0.0,0.0,0.0,0.0,True
93,video_02_frame_000093,False,12,False,0,True,-1,416,984,670,1181,0.8834015727043152,False,unhealthy,0.8736779093742371,0.12632213532924652,0.8736779093742371,False,,,,,0.0,0.0,0.0,0.0,True
93,video_02_frame_000093,False,5,False,0,True,-1,245,384,428,561,0.8675055503845215,False,healthy,0.9475536346435547,0.9475536346435547,0.05244641378521919,False,pink,70.0,1.0,,0.0,0.0,0.0,0.0,True
94,video_02_frame_000094,False,2,False,0,True,-1,34,461,277,708,0.9862804412841797,False,unhealthy,0.8566920161247253,0.14330799877643585,0.8566920161247253,False,,,,,0.0,0.0,0.0,0.0,True
94,video_02_frame_000094,False,6,False,0,True,-1,254,547,500,804,0.980510413646698,False,healthy,0.8368513584136963,0.8368513584136963,0.1631486415863037,False,pink,70.0,0.8252312867956266,,0.0,0.0,0.0,0.0,True
94,video_02_frame_000094,False,1,False,0,True,-1,0,681,183,957,0.9745758175849915,False,healthy,0.9448022246360779,0.9448022246360779,0.055197808891534805,False,pink,70.0,0.9941728850507252,,0.0,0.0,0.0,0.0,True
94,video_02_frame_000094,False,10,False,0,True,-1,145,1039,410,1199,0.9307693243026733,False,healthy,0.9831209182739258,0.9831209182739258,0.0168791264295578,False,pink,70.0,0.9972642607683353,,0.0,0.0,0.0,0.0,True
94,video_02_frame_000094,False,11,False,0,True,-1,564,876,699,1070,0.9086015820503235,False,healthy,0.4082760810852051,0.4082760810852051,0.5917238593101501,False,pink,70.0,0.9815192921836553,,0.0,0.0,0.0,0.0,True
94,video_02_frame_000094,False,12,False,0,True,-1,408,985,662,1182,0.8834015727043152,False,unhealthy,0.8736779093742371,0.12632213532924652,0.8736779093742371,False,,,,,0.0,0.0,0.0,0.0,True
94,video_02_frame_000094,False,5,False,0,True,-1,238,384,421,561,0.8675055503845215,False,healthy,0.9475536346435547,0.9475536346435547,0.05244641378521919,False,pink,70.0,1.0,,0.0,0.0,0.0,0.0,True
95,video_02_frame_000095,False,2,False,0,True,-1,26,463,269,710,0.9862804412841797,False,unhealthy,0.8566920161247253,0.14330799877643585,0.8566920161247253,False,,,,,0.0,0.0,0.0,0.0,True
95,video_02_frame_000095,False,6,False,0,True,-1,247,548,493,805,0.980510413646698,False,healthy,0.8368513584136963,0.8368513584136963,0.1631486415863037,False,pink,70.0,0.8252312867956266,,0.0,0.0,0.0,0.0,True
95,video_02_frame_000095,False,1,False,0,True,-1,0,683,174,959,0.9745758175849915,False,healthy,0.9448022246360779,0.9448022246360779,0.055197808891534805,False,pink,70.0,0.9941728850507252,,0.0,0.0,0.0,0.0,True
95,video_02_frame_000095,False,10,False,0,True,-1,136,1042,401,1202,0.9307693243026733,False,healthy,0.9831209182739258,0.9831209182739258,0.0168791264295578,False,pink,70.0,0.9972642607683353,,0.0,0.0,0.0,0.0,True
95,video_02_frame_000095,False,11,False,0,True,-1,557,877,692,1071,0.9086015820503235,False,healthy,0.4082760810852051,0.4082760810852051,0.5917238593101501,False,pink,70.0,0.9815192921836553,,0.0,0.0,0.0,0.0,True
95,video_02_frame_000095,False,12,False,0,True,-1,400,987,654,1184,0.8834015727043152,False,unhealthy,0.8736779093742371,0.12632213532924652,0.8736779093742371,False,,,,,0.0,0.0,0.0,0.0,True
95,video_02_frame_000095,False,5,False,0,True,-1,231,385,414,562,0.8675055503845215,False,healthy,0.9475536346435547,0.9475536346435547,0.05244641378521919,False,pink,70.0,1.0,,0.0,0.0,0.0,0.0,True
96,video_02_frame_000096,False,2,False,0,True,-1,18,465,261,712,0.9862804412841797,False,unhealthy,0.8566920161247253,0.14330799877643585,0.8566920161247253,False,,,,,0.0,0.0,0.0,0.0,True
96,video_02_frame_000096,False,6,False,0,True,-1,239,549,485,806,0.980510413646698,False,healthy,0.8368513584136963,0.8368513584136963,0.1631486415863037,False,pink,70.0,0.8252312867956266,,0.0,0.0,0.0,0.0,True
96,video_02_frame_000096,False,1,False,0,True,-1,0,685,165,961,0.9745758175849915,False,healthy,0.9448022246360779,0.9448022246360779,0.055197808891534805,False,pink,70.0,0.9941728850507252,,0.0,0.0,0.0,0.0,True
96,video_02_frame_000096,False,10,False,0,True,-1,126,1045,391,1205,0.9307693243026733,False,healthy,0.9831209182739258,0.9831209182739258,0.0168791264295578,False,pink,70.0,0.9972642607683353,,0.0,0.0,0.0,0.0,True
96,video_02_frame_000096,False,11,False,0,True,-1,550,879,685,1073,0.9086015820503235,False,healthy,0.4082760810852051,0.4082760810852051,0.5917238593101501,False,pink,70.0,0.9815192921836553,,0.0,0.0,0.0,0.0,True
96,video_02_frame_000096,False,12,False,0,True,-1,392,989,646,1186,0.8834015727043152,False,unhealthy,0.8736779093742371,0.12632213532924652,0.8736779093742371,False,,,,,0.0,0.0,0.0,0.0,True
96,video_02_frame_000096,False,5,False,0,True,-1,224,386,407,563,0.8675055503845215,False,healthy,0.9475536346435547,0.9475536346435547,0.05244641378521919,False,pink,70.0,1.0,,0.0,0.0,0.0,0.0,True
97,video_02_frame_000097,False,2,False,0,True,-1,9,467,252,714,0.9862804412841797,False,unhealthy,0.8566920161247253,0.14330799877643585,0.8566920161247253,False,,,,,0.0,0.0,0.0,0.0,True
97,video_02_frame_000097,False,6,False,0,True,-1,231,550,477,807,0.980510413646698,False,healthy,0.8368513584136963,0.8368513584136963,0.1631486415863037,False,pink,70.0,0.8252312867956266,,0.0,0.0,0.0,0.0,True
97,video_02_frame_000097,False,1,False,0,True,-1,0,688,156,964,0.9745758175849915,False,healthy,0.9448022246360779,0.9448022246360779,0.055197808891534805,False,pink,70.0,0.9941728850507252,,0.0,0.0,0.0,0.0,True
97,video_02_frame_000097,False,10,False,0,True,-1,116,1049,381,1209,0.9307693243026733,False,healthy,0.9831209182739258,0.9831209182739258,0.0168791264295578,False,pink,70.0,0.9972642607683353,,0.0,0.0,0.0,0.0,True
97,video_02_frame_000097,False,11,False,0,True,-1,543,881,678,1075,0.9086015820503235,False,healthy,0.4082760810852051,0.4082760810852051,0.5917238593101501,False,pink,70.0,0.9815192921836553,,0.0,0.0,0.0,0.0,True
97,video_02_frame_000097,False,12,False,0,True,-1,384,992,638,1189,0.8834015727043152,False,unhealthy,0.8736779093742371,0.12632213532924652,0.8736779093742371,False,,,,,0.0,0.0,0.0,0.0,True
97,video_02_frame_000097,False,5,False,0,True,-1,217,387,400,564,0.8675055503845215,False,healthy,0.9475536346435547,0.9475536346435547,0.05244641378521919,False,pink,70.0,1.0,,0.0,0.0,0.0,0.0,True
98,video_02_frame_000098,False,2,False,0,True,-1,2,470,245,717,0.9862804412841797,False,unhealthy,0.8566920161247253,0.14330799877643585,0.8566920161247253,False,,,,,0.0,0.0,0.0,0.0,True
98,video_02_frame_000098,False,6,False,0,True,-1,225,552,471,809,0.980510413646698,False,healthy,0.8368513584136963,0.8368513584136963,0.1631486415863037,False,pink,70.0,0.8252312867956266,,0.0,0.0,0.0,0.0,True
98,video_02_frame_000098,False,1,False,0,True,-1,0,691,148,967,0.9745758175849915,False,healthy,0.9448022246360779,0.9448022246360779,0.055197808891534805,False,pink,70.0,0.9941728850507252,,0.0,0.0,0.0,0.0,True
98,video_02_frame_000098,False,10,False,0,True,-1,108,1054,373,1214,0.9307693243026733,False,healthy,0.9831209182739258,0.9831209182739258,0.0168791264295578,False,pink,70.0,0.9972642607683353,,0.0,0.0,0.0,0.0,True
98,video_02_frame_000098,False,11,False,0,True,-1,537,883,672,1077,0.9086015820503235,False,healthy,0.4082760810852051,0.4082760810852051,0.5917238593101501,False,pink,70.0,0.9815192921836553,,0.0,0.0,0.0,0.0,True
98,video_02_frame_000098,False,12,False,0,True,-1,377,996,631,1193,0.8834015727043152,False,unhealthy,0.8736779093742371,0.12632213532924652,0.8736779093742371,False,,,,,0.0,0.0,0.0,0.0,True
98,video_02_frame_000098,False,5,False,0,True,-1,211,389,394,566,0.8675055503845215,False,healthy,0.9475536346435547,0.9475536346435547,0.05244641378521919,False,pink,70.0,1.0,,0.0,0.0,0.0,0.0,True
99,video_02_frame_000099,False,2,False,0,True,-1,0,473,238,720,0.9862804412841797,False,unhealthy,0.8566920161247253,0.14330799877643585,0.8566920161247253,False,,,,,0.0,0.0,0.0,0.0,True
99,video_02_frame_000099,False,6,False,0,True,-1,220,555,466,812,0.980510413646698,False,healthy,0.8368513584136963,0.8368513584136963,0.1631486415863037,False,pink,70.0,0.8252312867956266,,0.0,0.0,0.0,0.0,True
99,video_02_frame_000099,False,1,False,0,True,-1,0,695,141,971,0.9745758175849915,False,healthy,0.9448022246360779,0.9448022246360779,0.055197808891534805,False,pink,70.0,0.9941728850507252,,0.0,0.0,0.0,0.0,True
99,video_02_frame_000099,False,10,False,0,True,-1,101,1060,366,1220,0.9307693243026733,False,healthy,0.9831209182739258,0.9831209182739258,0.0168791264295578,False,pink,70.0,0.9972642607683353,,0.0,0.0,0.0,0.0,True
99,video_02_frame_000099,False,11,False,0,True,-1,532,887,667,1081,0.9086015820503235,False,healthy,0.4082760810852051,0.4082760810852051,0.5917238593101501,False,pink,70.0,0.9815192921836553,,0.0,0.0,0.0,0.0,True
99,video_02_frame_000099,False,12,False,0,True,-1,372,1000,626,1197,0.8834015727043152,False,unhealthy,0.8736779093742371,0.12632213532924652,0.8736779093742371,False,,,,,0.0,0.0,0.0,0.0,True
99,video_02_frame_000099,False,5,False,0,True,-1,206,391,389,568,0.8675055503845215,False,healthy,0.9475536346435547,0.9475536346435547,0.05244641378521919,False,pink,70.0,1.0,,0.0,0.0,0.0,0.0,True
100,video_02_frame_000100,False,2,False,0,True,-1,0,477,232,724,0.9862804412841797,False,unhealthy,0.8566920161247253,0.14330799877643585,0.8566920161247253,False,,,,,0.0,0.0,0.0,0.0,True
100,video_02_frame_000100,False,6,False,0,True,-1,215,558,461,815,0.980510413646698,False,healthy,0.8368513584136963,0.8368513584136963,0.1631486415863037,False,pink,70.0,0.8252312867956266,,0.0,0.0,0.0,0.0,True
100,video_02_frame_000100,False,1,False,0,True,-1,0,699,135,975,0.9745758175849915,False,healthy,0.9448022246360779,0.9448022246360779,0.055197808891534805,False,pink,70.0,0.9941728850507252,,0.0,0.0,0.0,0.0,True
100,video_02_frame_000100,False,10,False,0,True,-1,94,1067,359,1227,0.9307693243026733,False,healthy,0.9831209182739258,0.9831209182739258,0.0168791264295578,False,pink,70.0,0.9972642607683353,,0.0,0.0,0.0,0.0,True
100,video_02_frame_000100,False,11,False,0,True,-1,527,891,662,1085,0.9086015820503235,False,healthy,0.4082760810852051,0.4082760810852051,0.5917238593101501,False,pink,70.0,0.9815192921836553,,0.0,0.0,0.0,0.0,True
100,video_02_frame_000100,False,12,False,0,True,-1,367,1005,621,1202,0.8834015727043152,False,unhealthy,0.8736779093742371,0.12632213532924652,0.8736779093742371,False,,,,,0.0,0.0,0.0,0.0,True
100,video_02_frame_000100,False,5,False,0,True,-1,201,394,384,571,0.8675055503845215,False,healthy,0.9475536346435547,0.9475536346435547,0.05244641378521919,False,pink,70.0,1.0,,0.0,0.0,0.0,0.0,True
101,video_02_frame_000101,False,2,False,0,True,-1,0,481,226,728,0.9862804412841797,False,unhealthy,0.8566920161247253,0.14330799877643585,0.8566920161247253,False,,,,,0.0,0.0,0.0,0.0,True
101,video_02_frame_000101,False,6,False,0,True,-1,210,562,456,819,0.980510413646698,False,healthy,0.8368513584136963,0.8368513584136963,0.1631486415863037,False,pink,70.0,0.8252312867956266,,0.0,0.0,0.0,0.0,True
101,video_02_frame_000101,False,1,False,0,True,-1,0,704,129,980,0.9745758175849915,False,healthy,0.9448022246360779,0.9448022246360779,0.055197808891534805,False,pink,70.0,0.9941728850507252,,0.0,0.0,0.0,0.0,True
101,video_02_frame_000101,False,10,False,0,True,-1,88,1074,353,1234,0.9307693243026733,False,healthy,0.9831209182739258,0.9831209182739258,0.0168791264295578,False,pink,70.0,0.9972642607683353,,0.0,0.0,0.0,0.0,True
101,video_02_frame_000101,False,11,False,0,True,-1,523,896,658,1090,0.9086015820503235,False,healthy,0.4082760810852051,0.4082760810852051,0.5917238593101501,False,pink,70.0,0.9815192921836553,,0.0,0.0,0.0,0.0,True
101,video_02_frame_000101,False,12,False,0,True,-1,362,1010,616,1207,0.8834015727043152,False,unhealthy,0.8736779093742371,0.12632213532924652,0.8736779093742371,False,,,,,0.0,0.0,0.0,0.0,True
101,video_02_frame_000101,False,5,False,0,True,-1,196,397,379,574,0.8675055503845215,False,healthy,0.9475536346435547,0.9475536346435547,0.05244641378521919,False,pink,70.0,1.0,,0.0,0.0,0.0,0.0,True
102,video_02_frame_000102,False,2,False,0,True,-1,0,485,219,732,0.9862804412841797,False,unhealthy,0.8566920161247253,0.14330799877643585,0.8566920161247253,False,,,,,0.0,0.0,0.0,0.0,True
102,video_02_frame_000102,False,6,False,0,True,-1,204,565,450,822,0.980510413646698,False,healthy,0.8368513584136963,0.8368513584136963,0.1631486415863037,False,pink,70.0,0.8252312867956266,,0.0,0.0,0.0,0.0,True
102,video_02_frame_000102,False,1,False,0,True,-1,0,708,122,984,0.9745758175849915,False,healthy,0.9448022246360779,0.9448022246360779,0.055197808891534805,False,pink,70.0,0.9941728850507252,,0.0,0.0,0.0,0.0,True
102,video_02_frame_000102,False,10,False,0,True,-1,81,1080,346,1240,0.9307693243026733,False,healthy,0.9831209182739258,0.9831209182739258,0.0168791264295578,False,pink,70.0,0.9972642607683353,,0.0,0.0,0.0,0.0,True
102,video_02_frame_000102,False,11,False,0,True,-1,518,900,653,1094,0.9086015820503235,False,healthy,0.4082760810852051,0.4082760810852051,0.5917238593101501,False,pink,70.0,0.9815192921836553,,0.0,0.0,0.0,0.0,True
102,video_02_frame_000102,False,12,False,0,True,-1,356,1014,610,1211,0.8834015727043152,False,unhealthy,0.8736779093742371,0.12632213532924652,0.8736779093742371,False,,,,,0.0,0.0,0.0,0.0,True
102,video_02_frame_000102,False,5,False,0,True,-1,190,400,373,577,0.8675055503845215,False,healthy,0.9475536346435547,0.9475536346435547,0.05244641378521919,False,pink,70.0,1.0,,0.0,0.0,0.0,0.0,True
103,video_02_frame_000103,False,2,False,0,True,-1,0,488,212,735,0.9862804412841797,False,unhealthy,0.8566920161247253,0.14330799877643585,0.8566920161247253,False,,,,,0.0,0.0,0.0,0.0,True
103,video_02_frame_000103,False,6,False,0,True,-1,198,567,444,824,0.980510413646698,False,healthy,0.8368513584136963,0.8368513584136963,0.1631486415863037,False,pink,70.0,0.8252312867956266,,0.0,0.0,0.0,0.0,True
103,video_02_frame_000103,False,1,False,0,True,-1,0,711,115,987,0.9745758175849915,False,healthy,0.9448022246360779,0.9448022246360779,0.055197808891534805,False,pink,70.0,0.9941728850507252,,0.0,0.0,0.0,0.0,True
103,video_02_frame_000103,False,10,False,0,True,-1,74,1085,339,1245,0.9307693243026733,False,healthy,0.9831209182739258,0.9831209182739258,0.0168791264295578,False,pink,70.0,0.9972642607683353,,0.0,0.0,0.0,0.0,True
103,video_02_frame_000103,False,11,False,0,True,-1,513,903,648,1097,0.9086015820503235,False,healthy,0.4082760810852051,0.4082760810852051,0.5917238593101501,False,pink,70.0,0.9815192921836553,,0.0,0.0,0.0,0.0,True
103,video_02_frame_000103,False,12,False,0,True,-1,350,1018,604,1215,0.8834015727043152,False,unhealthy,0.8736779093742371,0.12632213532924652,0.8736779093742371,False,,,,,0.0,0.0,0.0,0.0,True
103,video_02_frame_000103,False,5,False,0,True,-1,184,402,367,579,0.8675055503845215,False,healthy,0.9475536346435547,0.9475536346435547,0.05244641378521919,False,pink,70.0,1.0,,0.0,0.0,0.0,0.0,True
104,video_02_frame_000104,True,6,False,8,True,1,184,571,445,832,0.9731754660606384,False,healthy,0.8368513584136963,0.8368513584136963,0.1631486415863037,False,pink,70.0,0.8252312867956266,,0.0,0.0,0.0,0.0,False
104,video_02_frame_000104,True,3,False,8,True,2,0,484,210,737,0.9724606275558472,False,healthy,0.9932072758674622,0.9932072758674622,0.006792756263166666,False,pink,70.0,0.9755466356818422,,0.0,0.0,0.0,0.0,False
104,video_02_frame_000104,True,10,False,5,True,3,72,1082,343,1254,0.9619330167770386,False,healthy,0.9831209182739258,0.9831209182739258,0.0168791264295578,False,pink,70.0,0.9972642607683353,,0.0,0.0,0.0,0.0,False
104,video_02_frame_000104,True,13,True,1,False,4,595,518,720,721,0.9478532075881958,True,unhealthy,0.9998623132705688,0.0001377058360958472,0.9998623132705688,False,,,,,3.409385681152344e-05,0.01885843276977539,0.0,0.018892526626586914,False
104,video_02_frame_000104,True,11,False,3,True,5,503,904,718,1108,0.9298323392868042,False,healthy,0.4082760810852051,0.4082760810852051,0.5917238593101501,False,pink,70.0,0.9815192921836553,,0.0,0.0,0.0,0.0,False
104,video_02_frame_000104,True,9,False,3,True,6,0,708,120,991,0.926741361618042,False,unhealthy,0.8186511397361755,0.18134884536266327,0.8186511397361755,False,,,,,0.0,0.0,0.0,0.0,False
104,video_02_frame_000104,True,14,True,1,False,7,554,314,700,411,0.8955790996551514,True,healthy,0.9985200762748718,0.9985200762748718,0.0014799287309870124,True,red,100.0,0.9933696930809539,,6.747245788574219e-05,0.01921868324279785,0.09431338310241699,0.11359953880310059,False
104,video_02_frame_000104,True,12,False,2,True,8,334,1021,595,1231,0.877325177192688,False,unhealthy,0.8736779093742371,0.12632213532924652,0.8736779093742371,False,,,,,0.0,0.0,0.0,0.0,False
104,video_02_frame_000104,True,15,True,1,False,9,192,257,369,416,0.8044919967651367,True,healthy,0.9514428377151489,0.9514428377151489,0.04855714365839958,True,pink,70.0,0.8904246794871795,,2.193450927734375e-05,0.01892375946044922,0.1840057373046875,0.20295143127441406,False
105,video_02_frame_000105,False,6,False,0,True,-1,179,573,440,834,0.9731754660606384,False,healthy,0.8368513584136963,0.8368513584136963,0.1631486415863037,False,pink,70.0,0.8252312867956266,,0.0,0.0,0.0,0.0,True
105,video_02_frame_000105,False,3,False,0,True,-1,0,486,204,739,0.9724606275558472,False,healthy,0.9932072758674622,0.9932072758674622,0.006792756263166666,False,pink,70.0,0.9755466356818422,,0.0,0.0,0.0,0.0,True
105,video_02_frame_000105,False,10,False,0,True,-1,65,1086,336,1258,0.9619330167770386,False,healthy,0.9831209182739258,0.9831209182739258,0.0168791264295578,False,pink,70.0,0.9972642607683353,,0.0,0.0,0.0,0.0,True
105,video_02_frame_000105,False,13,False,0,True,-1,590,519,715,722,0.9478532075881958,False,unhealthy,0.9998623132705688,0.0001377058360958472,0.9998623132705688,False,,,,,0.0,0.0,0.0,0.0,True
105,video_02_frame_000105,False,11,False,0,True,-1,498,906,713,1110,0.9298323392868042,False,healthy,0.4082760810852051,0.4082760810852051,0.5917238593101501,False,pink,70.0,0.9815192921836553,,0.0,0.0,0.0,0.0,True
105,video_02_frame_000105,False,9,False,0,True,-1,0,711,113,994,0.926741361618042,False,unhealthy,0.8186511397361755,0.18134884536266327,0.8186511397361755,False,,,,,0.0,0.0,0.0,0.0,True
105,video_02_frame_000105,False,14,False,0,True,-1,550,315,696,412,0.8955790996551514,False,healthy,0.9985200762748718,0.9985200762748718,0.0014799287309870124,False,red,100.0,0.9933696930809539,,0.0,0.0,0.0,0.0,True
105,video_02_frame_000105,False,12,False,0,True,-1,328,1024,589,1234,0.877325177192688,False,unhealthy,0.8736779093742371,0.12632213532924652,0.8736779093742371,False,,,,,0.0,0.0,0.0,0.0,True
105,video_02_frame_000105,False,15,False,0,True,-1,187,258,364,417,0.8044919967651367,False,healthy,0.9514428377151489,0.9514428377151489,0.04855714365839958,False,pink,70.0,0.8904246794871795,,0.0,0.0,0.0,0.0,True
106,video_02_frame_000106,False,6,False,0,True,-1,174,574,435,835,0.9731754660606384,False,healthy,0.8368513584136963,0.8368513584136963,0.1631486415863037,False,pink,70.0,0.8252312867956266,,0.0,0.0,0.0,0.0,True
106,video_02_frame_000106,False,3,False,0,True,-1,0,488,198,741,0.9724606275558472,False,healthy,0.9932072758674622,0.9932072758674622,0.006792756263166666,False,pink,70.0,0.9755466356818422,,0.0,0.0,0.0,0.0,True
106,video_02_frame_000106,False,10,False,0,True,-1,59,1089,330,1261,0.9619330167770386,False,healthy,0.9831209182739258,0.9831209182739258,0.0168791264295578,False,pink,70.0,0.9972642607683353,,0.0,0.0,0.0,0.0,True
106,video_02_frame_000106,False,13,False,0,True,-1,585,520,710,723,0.9478532075881958,False,unhealthy,0.9998623132705688,0.0001377058360958472,0.9998623132705688,False,,,,,0.0,0.0,0.0,0.0,True
106,video_02_frame_000106,False,11,False,0,True,-1,493,907,708,1111,0.9298323392868042,False,healthy,0.4082760810852051,0.4082760810852051,0.5917238593101501,False,pink,70.0,0.9815192921836553,,0.0,0.0,0.0,0.0,True
106,video_02_frame_000106,False,9,False,0,True,-1,0,713,107,996,0.926741361618042,False,unhealthy,0.8186511397361755,0.18134884536266327,0.8186511397361755,False,,,,,0.0,0.0,0.0,0.0,True
106,video_02_frame_000106,False,14,False,0,True,-1,546,316,692,413,0.8955790996551514,False,healthy,0.9985200762748718,0.9985200762748718,0.0014799287309870124,False,red,100.0,0.9933696930809539,,0.0,0.0,0.0,0.0,True
106,video_02_frame_000106,False,12,False,0,True,-1,323,1026,584,1236,0.877325177192688,False,unhealthy,0.8736779093742371,0.12632213532924652,0.8736779093742371,False,,,,,0.0,0.0,0.0,0.0,True
106,video_02_frame_000106,False,15,False,0,True,-1,182,259,359,418,0.8044919967651367,False,healthy,0.9514428377151489,0.9514428377151489,0.04855714365839958,False,pink,70.0,0.8904246794871795,,0.0,0.0,0.0,0.0,True
107,video_02_frame_000107,False,6,False,0,True,-1,169,575,430,836,0.9731754660606384,False,healthy,0.8368513584136963,0.8368513584136963,0.1631486415863037,False,pink,70.0,0.8252312867956266,,0.0,0.0,0.0,0.0,True
107,video_02_frame_000107,False,3,False,0,True,-1,0,489,193,742,0.9724606275558472,False,healthy,0.9932072758674622,0.9932072758674622,0.006792756263166666,False,pink,70.0,0.9755466356818422,,0.0,0.0,0.0,0.0,True
107,video_02_frame_000107,False,10,False,0,True,-1,53,1091,324,1263,0.9619330167770386,False,healthy,0.9831209182739258,0.9831209182739258,0.0168791264295578,False,pink,70.0,0.9972642607683353,,0.0,0.0,0.0,0.0,True
107,video_02_frame_000107,False,13,False,0,True,-1,580,521,705,724,0.9478532075881958,False,unhealthy,0.9998623132705688,0.0001377058360958472,0.9998623132705688,False,,,,,0.0,0.0,0.0,0.0,True
107,video_02_frame_000107,False,11,False,0,True,-1,488,908,703,1112,0.9298323392868042,False,healthy,0.4082760810852051,0.4082760810852051,0.5917238593101501,False,pink,70.0,0.9815192921836553,,0.0,0.0,0.0,0.0,True
107,video_02_frame_000107,False,9,False,0,True,-1,0,715,101,998,0.926741361618042,False,unhealthy,0.8186511397361755,0.18134884536266327,0.8186511397361755,False,,,,,0.0,0.0,0.0,0.0,True
107,video_02_frame_000107,False,14,False,0,True,-1,542,317,688,414,0.8955790996551514,False,healthy,0.9985200762748718,0.9985200762748718,0.0014799287309870124,False,red,100.0,0.9933696930809539,,0.0,0.0,0.0,0.0,True
107,video_02_frame_000107,False,12,False,0,True,-1,318,1028,579,1238,0.877325177192688,False,unhealthy,0.8736779093742371,0.12632213532924652,0.8736779093742371,False,,,,,0.0,0.0,0.0,0.0,True
107,video_02_frame_000107,False,15,False,0,True,-1,177,260,354,419,0.8044919967651367,False,healthy,0.9514428377151489,0.9514428377151489,0.04855714365839958,False,pink,70.0,0.8904246794871795,,0.0,0.0,0.0,0.0,True
108,video_02_frame_000108,False,6,False,0,True,-1,164,576,425,837,0.9731754660606384,False,healthy,0.8368513584136963,0.8368513584136963,0.1631486415863037,False,pink,70.0,0.8252312867956266,,0.0,0.0,0.0,0.0,True
108,video_02_frame_000108,False,3,False,0,True,-1,0,490,188,743,0.9724606275558472,False,healthy,0.9932072758674622,0.9932072758674622,0.006792756263166666,False,pink,70.0,0.9755466356818422,,0.0,0.0,0.0,0.0,True
108,video_02_frame_000108,False,10,False,0,True,-1,47,1094,318,1266,0.9619330167770386,False,healthy,0.9831209182739258,0.9831209182739258,0.0168791264295578,False,pink,70.0,0.9972642607683353,,0.0,0.0,0.0,0.0,True
108,video_02_frame_000108,False,13,False,0,True,-1,575,522,700,725,0.9478532075881958,False,unhealthy,0.9998623132705688,0.0001377058360958472,0.9998623132705688,False,,,,,0.0,0.0,0.0,0.0,True
108,video_02_frame_000108,False,11,False,0,True,-1,483,909,698,1113,0.9298323392868042,False,healthy,0.4082760810852051,0.4082760810852051,0.5917238593101501,False,pink,70.0,0.9815192921836553,,0.0,0.0,0.0,0.0,True
108,video_02_frame_000108,False,9,False,0,True,-1,0,717,95,1000,0.926741361618042,False,unhealthy,0.8186511397361755,0.18134884536266327,0.8186511397361755,False,,,,,0.0,0.0,0.0,0.0,True
108,video_02_frame_000108,False,14,False,0,True,-1,538,317,684,414,0.8955790996551514,False,healthy,0.9985200762748718,0.9985200762748718,0.0014799287309870124,False,red,100.0,0.9933696930809539,,0.0,0.0,0.0,0.0,True
108,video_02_frame_000108,False,12,False,0,True,-1,313,1029,574,1239,0.877325177192688,False,unhealthy,0.8736779093742371,0.12632213532924652,0.8736779093742371,False,,,,,0.0,0.0,0.0,0.0,True
108,video_02_frame_000108,False,15,False,0,True,-1,173,261,350,420,0.8044919967651367,False,healthy,0.9514428377151489,0.9514428377151489,0.04855714365839958,False,pink,70.0,0.8904246794871795,,0.0,0.0,0.0,0.0,True
109,video_02_frame_000109,False,6,False,0,True,-1,159,577,420,838,0.9731754660606384,False,healthy,0.8368513584136963,0.8368513584136963,0.1631486415863037,False,pink,70.0,0.8252312867956266,,0.0,0.0,0.0,0.0,True
109,video_02_frame_000109,False,3,False,0,True,-1,0,491,183,744,0.9724606275558472,False,healthy,0.9932072758674622,0.9932072758674622,0.006792756263166666,False,pink,70.0,0.9755466356818422,,0.0,0.0,0.0,0.0,True
109,video_02_frame_000109,False,10,False,0,True,-1,41,1096,312,1268,0.9619330167770386,False,healthy,0.9831209182739258,0.9831209182739258,0.0168791264295578,False,pink,70.0,0.9972642607683353,,0.0,0.0,0.0,0.0,True
109,video_02_frame_000109,False,13,False,0,True,-1,570,523,695,726,0.9478532075881958,False,unhealthy,0.9998623132705688,0.0001377058360958472,0.9998623132705688,False,,,,,0.0,0.0,0.0,0.0,True
109,video_02_frame_000109,False,11,False,0,True,-1,478,910,693,1114,0.9298323392868042,False,healthy,0.4082760810852051,0.4082760810852051,0.5917238593101501,False,pink,70.0,0.9815192921836553,,0.0,0.0,0.0,0.0,True
109,video_02_frame_000109,False,9,False,0,True,-1,0,719,89,1002,0.926741361618042,False,unhealthy,0.8186511397361755,0.18134884536266327,0.8186511397361755,False,,,,,0.0,0.0,0.0,0.0,True
109,video_02_frame_000109,False,14,False,0,True,-1,534,317,680,414,0.8955790996551514,False,healthy,0.9985200762748718,0.9985200762748718,0.0014799287309870124,False,red,100.0,0.9933696930809539,,0.0,0.0,0.0,0.0,True
109,video_02_frame_000109,False,12,False,0,True,-1,308,1031,569,1241,0.877325177192688,False,unhealthy,0.8736779093742371,0.12632213532924652,0.8736779093742371,False,,,,,0.0,0.0,0.0,0.0,True
109,video_02_frame_000109,False,15,False,0,True,-1,168,262,345,421,0.8044919967651367,False,healthy,0.9514428377151489,0.9514428377151489,0.04855714365839958,False,pink,70.0,0.8904246794871795,,0.0,0.0,0.0,0.0,True
110,video_02_frame_000110,False,6,False,0,True,-1,154,578,415,839,0.9731754660606384,False,healthy,0.8368513584136963,0.8368513584136963,0.1631486415863037,False,pink,70.0,0.8252312867956266,,0.0,0.0,0.0,0.0,True
110,video_02_frame_000110,False,3,False,0,True,-1,0,493,178,746,0.9724606275558472,False,healthy,0.9932072758674622,0.9932072758674622,0.006792756263166666,False,pink,70.0,0.9755466356818422,,0.0,0.0,0.0,0.0,True
110,video_02_frame_000110,False,10,False,0,True,-1,36,1098,307,1270,0.9619330167770386,False,healthy,0.9831209182739258,0.9831209182739258,0.0168791264295578,False,pink,70.0,0.9972642607683353,,0.0,0.0,0.0,0.0,True
110,video_02_frame_000110,False,13,False,0,True,-1,565,524,690,727,0.9478532075881958,False,unhealthy,0.9998623132705688,0.0001377058360958472,0.9998623132705688,False,,,,,0.0,0.0,0.0,0.0,True
110,video_02_frame_000110,False,11,False,0,True,-1,473,911,688,1115,0.9298323392868042,False,healthy,0.4082760810852051,0.4082760810852051,0.5917238593101501,False,pink,70.0,0.9815192921836553,,0.0,0.0,0.0,0.0,True
110,video_02_frame_000110,False,9,False,0,True,-1,0,719,89,1002,0.926741361618042,False,unhealthy,0.8186511397361755,0.18134884536266327,0.8186511397361755,False,,,,,0.0,0.0,0.0,0.0,True
110,video_02_frame_000110,False,14,False,0,True,-1,530,318,676,415,0.8955790996551514,False,healthy,0.9985200762748718,0.9985200762748718,0.0014799287309870124,False,red,100.0,0.9933696930809539,,0.0,0.0,0.0,0.0,True
110,video_02_frame_000110,False,12,False,0,True,-1,303,1032,564,1242,0.877325177192688,False,unhealthy,0.8736779093742371,0.12632213532924652,0.8736779093742371,False,,,,,0.0,0.0,0.0,0.0,True
110,video_02_frame_000110,False,15,False,0,True,-1,164,263,341,422,0.8044919967651367,False,healthy,0.9514428377151489,0.9514428377151489,0.04855714365839958,False,pink,70.0,0.8904246794871795,,0.0,0.0,0.0,0.0,True
111,video_02_frame_000111,False,6,False,0,True,-1,149,579,410,840,0.9731754660606384,False,healthy,0.8368513584136963,0.8368513584136963,0.1631486415863037,False,pink,70.0,0.8252312867956266,,0.0,0.0,0.0,0.0,True
111,video_02_frame_000111,False,3,False,0,True,-1,0,495,172,748,0.9724606275558472,False,healthy,0.9932072758674622,0.9932072758674622,0.006792756263166666,False,pink,70.0,0.9755466356818422,,0.0,0.0,0.0,0.0,True
111,video_02_frame_000111,False,10,False,0,True,-1,30,1099,301,1271,0.9619330167770386,False,healthy,0.9831209182739258,0.9831209182739258,0.0168791264295578,False,pink,70.0,0.9972642607683353,,0.0,0.0,0.0,0.0,True
111,video_02_frame_000111,False,13,False,0,True,-1,560,525,685,728,0.9478532075881958,False,unhealthy,0.9998623132705688,0.0001377058360958472,0.9998623132705688,False,,,,,0.0,0.0,0.0,0.0,True
111,video_02_frame_000111,False,11,False,0,True,-1,467,912,682,1116,0.9298323392868042,False,healthy,0.4082760810852051,0.4082760810852051,0.5917238593101501,False,pink,70.0,0.9815192921836553,,0.0,0.0,0.0,0.0,True
111,video_02_frame_000111,False,9,False,0,True,-1,0,721,83,1004,0.926741361618042,False,unhealthy,0.8186511397361755,0.18134884536266327,0.8186511397361755,False,,,,,0.0,0.0,0.0,0.0,True
111,video_02_frame_000111,False,14,False,0,True,-1,525,319,671,416,0.8955790996551514,False,healthy,0.9985200762748718,0.9985200762748718,0.0014799287309870124,False,red,100.0,0.9933696930809539,,0.0,0.0,0.0,0.0,True
111,video_02_frame_000111,False,12,False,0,True,-1,297,1033,558,1243,0.877325177192688,False,unhealthy,0.8736779093742371,0.12632213532924652,0.8736779093742371,False,,,,,0.0,0.0,0.0,0.0,True
111,video_02_frame_000111,False,15,False,0,True,-1,159,264,336,423,0.8044919967651367,False,healthy,0.9514428377151489,0.9514428377151489,0.04855714365839958,False,pink,70.0,0.8904246794871795,,0.0,0.0,0.0,0.0,True
112,video_02_frame_000112,False,6,False,0,True,-1,144,580,405,841,0.9731754660606384,False,healthy,0.8368513584136963,0.8368513584136963,0.1631486415863037,False,pink,70.0,0.8252312867956266,,0.0,0.0,0.0,0.0,True
112,video_02_frame_000112,False,3,False,0,True,-1,0,497,167,750,0.9724606275558472,False,healthy,0.9932072758674622,0.9932072758674622,0.006792756263166666,False,pink,70.0,0.9755466356818422,,0.0,0.0,0.0,0.0,True
112,video_02_frame_000112,False,10,False,0,True,-1,24,1101,295,1273,0.9619330167770386,False,healthy,0.9831209182739258,0.9831209182739258,0.0168791264295578,False,pink,70.0,0.9972642607683353,,0.0,0.0,0.0,0.0,True
112,video_02_frame_000112,False,13,False,0,True,-1,555,526,680,729,0.9478532075881958,False,unhealthy,0.9998623132705688,0.0001377058360958472,0.9998623132705688,False,,,,,0.0,0.0,0.0,0.0,True
112,video_02_frame_000112,False,11,False,0,True,-1,461,913,676,1117,0.9298323392868042,False,healthy,0.4082760810852051,0.4082760810852051,0.5917238593101501,False,pink,70.0,0.9815192921836553,,0.0,0.0,0.0,0.0,True
112,video_02_frame_000112,False,9,False,0,True,-1,0,723,78,1006,0.926741361618042,False,unhealthy,0.8186511397361755,0.18134884536266327,0.8186511397361755,False,,,,,0.0,0.0,0.0,0.0,True
112,video_02_frame_000112,False,14,False,0,True,-1,521,320,667,417,0.8955790996551514,False,healthy,0.9985200762748718,0.9985200762748718,0.0014799287309870124,False,red,100.0,0.9933696930809539,,0.0,0.0,0.0,0.0,True
112,video_02_frame_000112,False,12,False,0,True,-1,292,1034,553,1244,0.877325177192688,False,unhealthy,0.8736779093742371,0.12632213532924652,0.8736779093742371,False,,,,,0.0,0.0,0.0,0.0,True
112,video_02_frame_000112,False,15,False,0,True,-1,154,265,331,424,0.8044919967651367,False,healthy,0.9514428377151489,0.9514428377151489,0.04855714365839958,False,pink,70.0,0.8904246794871795,,0.0,0.0,0.0,0.0,True
113,video_02_frame_000113,False,6,False,0,True,-1,139,581,400,842,0.9731754660606384,False,healthy,0.8368513584136963,0.8368513584136963,0.1631486415863037,False,pink,70.0,0.8252312867956266,,0.0,0.0,0.0,0.0,True
113,video_02_frame_000113,False,3,False,0,True,-1,0,499,162,752,0.9724606275558472,False,healthy,0.9932072758674622,0.9932072758674622,0.006792756263166666,False,pink,70.0,0.9755466356818422,,0.0,0.0,0.0,0.0,True
113,video_02_frame_000113,False,10,False,0,True,-1,19,1103,290,1275,0.9619330167770386,False,healthy,0.9831209182739258,0.9831209182739258,0.0168791264295578,False,pink,70.0,0.9972642607683353,,0.0,0.0,0.0,0.0,True
113,video_02_frame_000113,False,13,False,0,True,-1,550,527,675,730,0.9478532075881958,False,unhealthy,0.9998623132705688,0.0001377058360958472,0.9998623132705688,False,,,,,0.0,0.0,0.0,0.0,True
113,video_02_frame_000113,False,11,False,0,True,-1,456,914,671,1118,0.9298323392868042,False,healthy,0.4082760810852051,0.4082760810852051,0.5917238593101501,False,pink,70.0,0.9815192921836553,,0.0,0.0,0.0,0.0,True
113,video_02_frame_000113,False,9,False,0,True,-1,0,725,74,1008,0.926741361618042,False,unhealthy,0.8186511397361755,0.18134884536266327,0.8186511397361755,False,,,,,0.0,0.0,0.0,0.0,True
113,video_02_frame_000113,False,14,False,0,True,-1,517,321,663,418,0.8955790996551514,False,healthy,0.9985200762748718,0.9985200762748718,0.0014799287309870124,False,red,100.0,0.9933696930809539,,0.0,0.0,0.0,0.0,True
113,video_02_frame_000113,False,12,False,0,True,-1,287,1035,548,1245,0.877325177192688,False,unhealthy,0.8736779093742371,0.12632213532924652,0.8736779093742371,False,,,,,0.0,0.0,0.0,0.0,True
113,video_02_frame_000113,False,15,False,0,True,-1,150,266,327,425,0.8044919967651367,False,healthy,0.9514428377151489,0.9514428377151489,0.04855714365839958,False,pink,70.0,0.8904246794871795,,0.0,0.0,0.0,0.0,True
114,video_02_frame_000114,False,6,False,0,True,-1,135,582,396,843,0.9731754660606384,False,healthy,0.8368513584136963,0.8368513584136963,0.1631486415863037,False,pink,70.0,0.8252312867956266,,0.0,0.0,0.0,0.0,True
114,video_02_frame_000114,False,3,False,0,True,-1,0,501,158,754,0.9724606275558472,False,healthy,0.9932072758674622,0.9932072758674622,0.006792756263166666,False,pink,70.0,0.9755466356818422,,0.0,0.0,0.0,0.0,True
114,video_02_frame_000114,False,10,False,0,True,-1,15,1104,286,1276,0.9619330167770386,False,healthy,0.9831209182739258,0.9831209182739258,0.0168791264295578,False,pink,70.0,0.9972642607683353,,0.0,0.0,0.0,0.0,True
114,video_02_frame_000114,False,13,False,0,True,-1,546,528,671,731,0.9478532075881958,False,unhealthy,0.9998623132705688,0.0001377058360958472,0.9998623132705688,False,,,,,0.0,0.0,0.0,0.0,True
114,video_02_frame_000114,False,11,False,0,True,-1,452,915,667,1119,0.9298323392868042,False,healthy,0.4082760810852051,0.4082760810852051,0.5917238593101501,False,pink,70.0,0.9815192921836553,,0.0,0.0,0.0,0.0,True
114,video_02_frame_000114,False,9,False,0,True,-1,0,727,70,1010,0.926741361618042,False,unhealthy,0.8186511397361755,0.18134884536266327,0.8186511397361755,False,,,,,0.0,0.0,0.0,0.0,True
114,video_02_frame_000114,False,14,False,0,True,-1,513,322,659,419,0.8955790996551514,False,healthy,0.9985200762748718,0.9985200762748718,0.0014799287309870124,False,red,100.0,0.9933696930809539,,0.0,0.0,0.0,0.0,True
114,video_02_frame_000114,False,12,False,0,True,-1,283,1036,544,1246,0.877325177192688,False,unhealthy,0.8736779093742371,0.12632213532924652,0.8736779093742371,False,,,,,0.0,0.0,0.0,0.0,True
114,video_02_frame_000114,False,15,False,0,True,-1,146,268,323,427,0.8044919967651367,False,healthy,0.9514428377151489,0.9514428377151489,0.04855714365839958,False,pink,70.0,0.8904246794871795,,0.0,0.0,0.0,0.0,True
115,video_02_frame_000115,False,6,False,0,True,-1,131,583,392,844,0.9731754660606384,False,healthy,0.8368513584136963,0.8368513584136963,0.1631486415863037,False,pink,70.0,0.8252312867956266,,0.0,0.0,0.0,0.0,True
115,video_02_frame_000115,False,3,False,0,True,-1,0,503,154,756,0.9724606275558472,False,healthy,0.9932072758674622,0.9932072758674622,0.006792756263166666,False,pink,70.0,0.9755466356818422,,0.0,0.0,0.0,0.0,True
115,video_02_frame_000115,False,10,False,0,True,-1,11,1105,282,1277,0.9619330167770386,False,healthy,0.9831209182739258,0.9831209182739258,0.0168791264295578,False,pink,70.0,0.9972642607683353,,0.0,0.0,0.0,0.0,True
115,video_02_frame_000115,False,13,False,0,True,-1,542,529,667,732,0.9478532075881958,False,unhealthy,0.9998623132705688,0.0001377058360958472,0.9998623132705688,False,,,,,0.0,0.0,0.0,0.0,True
115,video_02_frame_000115,False,11,False,0,True,-1,447,916,662,1120,0.9298323392868042,False,healthy,0.4082760810852051,0.4082760810852051,0.5917238593101501,False,pink,70.0,0.9815192921836553,,0.0,0.0,0.0,0.0,True
115,video_02_frame_000115,False,9,False,0,True,-1,0,729,66,1012,0.926741361618042,False,unhealthy,0.8186511397361755,0.18134884536266327,0.8186511397361755,False,,,,,0.0,0.0,0.0,0.0,True
115,video_02_frame_000115,False,14,False,0,True,-1,509,323,655,420,0.8955790996551514,False,healthy,0.9985200762748718,0.9985200762748718,0.0014799287309870124,False,red,100.0,0.9933696930809539,,0.0,0.0,0.0,0.0,True
115,video_02_frame_000115,False,12,False,0,True,-1,279,1037,540,1247,0.877325177192688,False,unhealthy,0.8736779093742371,0.12632213532924652,0.8736779093742371,False,,,,,0.0,0.0,0.0,0.0,True
115,video_02_frame_000115,False,15,False,0,True,-1,142,269,319,428,0.8044919967651367,False,healthy,0.9514428377151489,0.9514428377151489,0.04855714365839958,False,pink,70.0,0.8904246794871795,,0.0,0.0,0.0,0.0,True
116,video_02_frame_000116,False,6,False,0,True,-1,127,585,388,846,0.9731754660606384,False,healthy,0.8368513584136963,0.8368513584136963,0.1631486415863037,False,pink,70.0,0.8252312867956266,,0.0,0.0,0.0,0.0,True
116,video_02_frame_000116,False,3,False,0,True,-1,0,505,150,758,0.9724606275558472,False,healthy,0.9932072758674622,0.9932072758674622,0.006792756263166666,False,pink,70.0,0.9755466356818422,,0.0,0.0,0.0,0.0,True
116,video_02_frame_000116,False,10,False,0,True,-1,6,1107,277,1279,0.9619330167770386,False,healthy,0.9831209182739258,0.9831209182739258,0.0168791264295578,False,pink,70.0,0.9972642607683353,,0.0,0.0,0.0,0.0,True
116,video_02_frame_000116,False,13,False,0,True,-1,537,530,662,733,0.9478532075881958,False,unhealthy,0.9998623132705688,0.0001377058360958472,0.9998623132705688,False,,,,,0.0,0.0,0.0,0.0,True
116,video_02_frame_000116,False,11,False,0,True,-1,442,917,657,1121,0.9298323392868042,False,healthy,0.4082760810852051,0.4082760810852051,0.5917238593101501,False,pink,70.0,0.9815192921836553,,0.0,0.0,0.0,0.0,True
116,video_02_frame_000116,False,9,False,0,True,-1,0,731,62,1014,0.926741361618042,False,unhealthy,0.8186511397361755,0.18134884536266327,0.8186511397361755,False,,,,,0.0,0.0,0.0,0.0,True
116,video_02_frame_000116,False,14,False,0,True,-1,505,324,651,421,0.8955790996551514,False,healthy,0.9985200762748718,0.9985200762748718,0.0014799287309870124,False,red,100.0,0.9933696930809539,,0.0,0.0,0.0,0.0,True
116,video_02_frame_000116,False,12,False,0,True,-1,275,1038,536,1248,0.877325177192688,False,unhealthy,0.8736779093742371,0.12632213532924652,0.8736779093742371,False,,,,,0.0,0.0,0.0,0.0,True
116,video_02_frame_000116,False,15,False,0,True,-1,138,271,315,430,0.8044919967651367,False,healthy,0.9514428377151489,0.9514428377151489,0.04855714365839958,False,pink,70.0,0.8904246794871795,,0.0,0.0,0.0,0.0,True
117,video_02_frame_000117,True,6,False,9,True,1,120,592,380,850,0.9815846681594849,False,healthy,0.8368513584136963,0.8368513584136963,0.1631486415863037,False,pink,70.0,0.8252312867956266,,0.0,0.0,0.0,0.0,False
117,video_02_frame_000117,True,3,False,9,True,2,0,505,148,761,0.9643480181694031,False,healthy,0.9932072758674622,0.9932072758674622,0.006792756263166666,False,pink,70.0,0.9755466356818422,,0.0,0.0,0.0,0.0,False
117,video_02_frame_000117,True,13,False,2,True,3,537,530,720,730,0.9616091251373291,False,unhealthy,0.9998623132705688,0.0001377058360958472,0.9998623132705688,False,,,,,0.0,0.0,0.0,0.0,False
117,video_02_frame_000117,True,10,False,6,True,4,4,1106,273,1275,0.9336525797843933,False,healthy,0.9831209182739258,0.9831209182739258,0.0168791264295578,False,pink,70.0,0.9972642607683353,,0.0,0.0,0.0,0.0,False
117,video_02_frame_000117,True,11,False,4,True,5,438,918,717,1137,0.9294394254684448,False,healthy,0.4082760810852051,0.4082760810852051,0.5917238593101501,False,pink,70.0,0.9815192921836553,,0.0,0.0,0.0,0.0,False
117,video_02_frame_000117,True,14,False,2,True,6,500,324,647,427,0.8978979587554932,False,healthy,0.9985200762748718,0.9985200762748718,0.0014799287309870124,False,red,100.0,0.9933696930809539,,0.0,0.0,0.0,0.0,False
117,video_02_frame_000117,True,12,False,3,True,7,268,1047,529,1249,0.8765884637832642,False,unhealthy,0.8736779093742371,0.12632213532924652,0.8736779093742371,False,,,,,0.0,0.0,0.0,0.0,False
117,video_02_frame_000117,True,2,False,9,True,8,120,416,319,624,0.8334614634513855,False,unhealthy,0.8566920161247253,0.14330799877643585,0.8566920161247253,False,,,,,0.0,0.0,0.0,0.0,False
117,video_02_frame_000117,True,15,False,2,True,9,137,274,316,429,0.8008873462677002,False,healthy,0.9514428377151489,0.9514428377151489,0.04855714365839958,False,pink,70.0,0.8904246794871795,,0.0,0.0,0.0,0.0,False
118,video_02_frame_000118,False,6,False,0,True,-1,114,593,374,851,0.9815846681594849,False,healthy,0.8368513584136963,0.8368513584136963,0.1631486415863037,False,pink,70.0,0.8252312867956266,,0.0,0.0,0.0,0.0,True
118,video_02_frame_000118,False,3,False,0,True,-1,0,507,143,763,0.9643480181694031,False,healthy,0.9932072758674622,0.9932072758674622,0.006792756263166666,False,pink,70.0,0.9755466356818422,,0.0,0.0,0.0,0.0,True
118,video_02_frame_000118,False,13,False,0,True,-1,531,531,714,731,0.9616091251373291,False,unhealthy,0.9998623132705688,0.0001377058360958472,0.9998623132705688,False,,,,,0.0,0.0,0.0,0.0,True
118,video_02_frame_000118,False,10,False,0,True,-1,0,1107,267,1276,0.9336525797843933,False,healthy,0.9831209182739258,0.9831209182739258,0.0168791264295578,False,pink,70.0,0.9972642607683353,,0.0,0.0,0.0,0.0,True
118,video_02_frame_000118,False,11,False,0,True,-1,432,919,711,1138,0.9294394254684448,False,healthy,0.4082760810852051,0.4082760810852051,0.5917238593101501,False,pink,70.0,0.9815192921836553,,0.0,0.0,0.0,0.0,True
118,video_02_frame_000118,False,14,False,0,True,-1,496,325,643,428,0.8978979587554932,False,healthy,0.9985200762748718,0.9985200762748718,0.0014799287309870124,False,red,100.0,0.9933696930809539,,0.0,0.0,0.0,0.0,True
118,video_02_frame_000118,False,12,False,0,True,-1,262,1048,523,1250,0.8765884637832642,False,unhealthy,0.8736779093742371,0.12632213532924652,0.8736779093742371,False,,,,,0.0,0.0,0.0,0.0,True
118,video_02_frame_000118,False,2,False,0,True,-1,115,417,314,625,0.8334614634513855,False,unhealthy,0.8566920161247253,0.14330799877643585,0.8566920161247253,False,,,,,0.0,0.0,0.0,0.0,True
118,video_02_frame_000118,False,15,False,0,True,-1,132,275,311,430,0.8008873462677002,False,healthy,0.9514428377151489,0.9514428377151489,0.04855714365839958,False,pink,70.0,0.8904246794871795,,0.0,0.0,0.0,0.0,True
119,video_02_frame_000119,False,6,False,0,True,-1,109,594,369,852,0.9815846681594849,False,healthy,0.8368513584136963,0.8368513584136963,0.1631486415863037,False,pink,70.0,0.8252312867956266,,0.0,0.0,0.0,0.0,True
119,video_02_frame_000119,False,3,False,0,True,-1,0,509,138,765,0.9643480181694031,False,healthy,0.9932072758674622,0.9932072758674622,0.006792756263166666,False,pink,70.0,0.9755466356818422,,0.0,0.0,0.0,0.0,True
119,video_02_frame_000119,False,13,False,0,True,-1,526,532,709,732,0.9616091251373291,False,unhealthy,0.9998623132705688,0.0001377058360958472,0.9998623132705688,False,,,,,0.0,0.0,0.0,0.0,True
119,video_02_frame_000119,False,10,False,0,True,-1,0,1108,262,1277,0.9336525797843933,False,healthy,0.9831209182739258,0.9831209182739258,0.0168791264295578,False,pink,70.0,0.9972642607683353,,0.0,0.0,0.0,0.0,True
119,video_02_frame_000119,False,11,False,0,True,-1,426,920,705,1139,0.9294394254684448,False,healthy,0.4082760810852051,0.4082760810852051,0.5917238593101501,False,pink,70.0,0.9815192921836553,,0.0,0.0,0.0,0.0,True
119,video_02_frame_000119,False,14,False,0,True,-1,492,326,639,429,0.8978979587554932,False,healthy,0.9985200762748718,0.9985200762748718,0.0014799287309870124,False,red,100.0,0.9933696930809539,,0.0,0.0,0.0,0.0,True
119,video_02_frame_000119,False,12,False,0,True,-1,257,1049,518,1251,0.8765884637832642,False,unhealthy,0.8736779093742371,0.12632213532924652,0.8736779093742371,False,,,,,0.0,0.0,0.0,0.0,True
119,video_02_frame_000119,False,2,False,0,True,-1,110,419,309,627,0.8334614634513855,False,unhealthy,0.8566920161247253,0.14330799877643585,0.8566920161247253,False,,,,,0.0,0.0,0.0,0.0,True
119,video_02_frame_000119,False,15,False,0,True,-1,128,276,307,431,0.8008873462677002,False,healthy,0.9514428377151489,0.9514428377151489,0.04855714365839958,False,pink,70.0,0.8904246794871795,,0.0,0.0,0.0,0.0,True
120,video_02_frame_000120,False,6,False,0,True,-1,104,595,364,853,0.9815846681594849,False,healthy,0.8368513584136963,0.8368513584136963,0.1631486415863037,False,pink,70.0,0.8252312867956266,,0.0,0.0,0.0,0.0,True
120,video_02_frame_000120,False,3,False,0,True,-1,0,511,133,767,0.9643480181694031,False,healthy,0.9932072758674622,0.9932072758674622,0.006792756263166666,False,pink,70.0,0.9755466356818422,,0.0,0.0,0.0,0.0,True
120,video_02_frame_000120,False,13,False,0,True,-1,521,533,704,733,0.9616091251373291,False,unhealthy,0.9998623132705688,0.0001377058360958472,0.9998623132705688,False,,,,,0.0,0.0,0.0,0.0,True
120,video_02_frame_000120,False,10,False,0,True,-1,0,1109,256,1278,0.9336525797843933,False,healthy,0.9831209182739258,0.9831209182739258,0.0168791264295578,False,pink,70.0,0.9972642607683353,,0.0,0.0,0.0,0.0,True
120,video_02_frame_000120,False,11,False,0,True,-1,420,920,699,1139,0.9294394254684448,False,healthy,0.4082760810852051,0.4082760810852051,0.5917238593101501,False,pink,70.0,0.9815192921836553,,0.0,0.0,0.0,0.0,True
120,video_02_frame_000120,False,14,False,0,True,-1,488,327,635,430,0.8978979587554932,False,healthy,0.9985200762748718,0.9985200762748718,0.0014799287309870124,False,red,100.0,0.9933696930809539,,0.0,0.0,0.0,0.0,True
120,video_02_frame_000120,False,12,False,0,True,-1,251,1050,512,1252,0.8765884637832642,False,unhealthy,0.8736779093742371,0.12632213532924652,0.8736779093742371,False,,,,,0.0,0.0,0.0,0.0,True
120,video_02_frame_000120,False,2,False,0,True,-1,105,420,304,628,0.8334614634513855,False,unhealthy,0.8566920161247253,0.14330799877643585,0.8566920161247253,False,,,,,0.0,0.0,0.0,0.0,True
120,video_02_frame_000120,False,15,False,0,True,-1,123,277,302,432,0.8008873462677002,False,healthy,0.9514428377151489,0.9514428377151489,0.04855714365839958,False,pink,70.0,0.8904246794871795,,0.0,0.0,0.0,0.0,True
121,video_02_frame_000121,False,6,False,0,True,-1,98,596,358,854,0.9815846681594849,False,healthy,0.8368513584136963,0.8368513584136963,0.1631486415863037,False,pink,70.0,0.8252312867956266,,0.0,0.0,0.0,0.0,True
121,video_02_frame_000121,False,3,False,0,True,-1,0,512,127,768,0.9643480181694031,False,healthy,0.9932072758674622,0.9932072758674622,0.006792756263166666,False,pink,70.0,0.9755466356818422,,0.0,0.0,0.0,0.0,True
121,video_02_frame_000121,False,13,False,0,True,-1,515,534,698,734,0.9616091251373291,False,unhealthy,0.9998623132705688,0.0001377058360958472,0.9998623132705688,False,,,,,0.0,0.0,0.0,0.0,True
121,video_02_frame_000121,False,10,False,0,True,-1,0,1110,249,1279,0.9336525797843933,False,healthy,0.9831209182739258,0.9831209182739258,0.0168791264295578,False,pink,70.0,0.9972642607683353,,0.0,0.0,0.0,0.0,True
121,video_02_frame_000121,False,11,False,0,True,-1,413,921,692,1140,0.9294394254684448,False,healthy,0.4082760810852051,0.4082760810852051,0.5917238593101501,False,pink,70.0,0.9815192921836553,,0.0,0.0,0.0,0.0,True
121,video_02_frame_000121,False,14,False,0,True,-1,483,328,630,431,0.8978979587554932,False,healthy,0.9985200762748718,0.9985200762748718,0.0014799287309870124,False,red,100.0,0.9933696930809539,,0.0,0.0,0.0,0.0,True
121,video_02_frame_000121,False,12,False,0,True,-1,244,1051,505,1253,0.8765884637832642,False,unhealthy,0.8736779093742371,0.12632213532924652,0.8736779093742371,False,,,,,0.0,0.0,0.0,0.0,True
121,video_02_frame_000121,False,2,False,0,True,-1,99,421,298,629,0.8334614634513855,False,unhealthy,0.8566920161247253,0.14330799877643585,0.8566920161247253,False,,,,,0.0,0.0,0.0,0.0,True
121,video_02_frame_000121,False,15,False,0,True,-1,118,278,297,433,0.8008873462677002,False,healthy,0.9514428377151489,0.9514428377151489,0.04855714365839958,False,pink,70.0,0.8904246794871795,,0.0,0.0,0.0,0.0,True
122,video_02_frame_000122,False,6,False,0,True,-1,92,597,352,855,0.9815846681594849,False,healthy,0.8368513584136963,0.8368513584136963,0.1631486415863037,False,pink,70.0,0.8252312867956266,,0.0,0.0,0.0,0.0,True
122,video_02_frame_000122,False,3,False,0,True,-1,0,514,121,770,0.9643480181694031,False,healthy,0.9932072758674622,0.9932072758674622,0.006792756263166666,False,pink,70.0,0.9755466356818422,,0.0,0.0,0.0,0.0,True
122,video_02_frame_000122,False,13,False,0,True,-1,508,535,691,735,0.9616091251373291,False,unhealthy,0.9998623132705688,0.0001377058360958472,0.9998623132705688,False,,,,,0.0,0.0,0.0,0.0,True
122,video_02_frame_000122,False,10,False,0,True,-1,0,1111,242,1280,0.9336525797843933,False,healthy,0.9831209182739258,0.9831209182739258,0.0168791264295578,False,pink,70.0,0.9972642607683353,,0.0,0.0,0.0,0.0,True
122,video_02_frame_000122,False,11,False,0,True,-1,405,922,684,1141,0.9294394254684448,False,healthy,0.4082760810852051,0.4082760810852051,0.5917238593101501,False,pink,70.0,0.9815192921836553,,0.0,0.0,0.0,0.0,True
122,video_02_frame_000122,False,14,False,0,True,-1,478,330,625,433,0.8978979587554932,False,healthy,0.9985200762748718,0.9985200762748718,0.0014799287309870124,False,red,100.0,0.9933696930809539,,0.0,0.0,0.0,0.0,True
122,video_02_frame_000122,False,12,False,0,True,-1,237,1052,498,1254,0.8765884637832642,False,unhealthy,0.8736779093742371,0.12632213532924652,0.8736779093742371,False,,,,,0.0,0.0,0.0,0.0,True
122,video_02_frame_000122,False,2,False,0,True,-1,93,423,292,631,0.8334614634513855,False,unhealthy,0.8566920161247253,0.14330799877643585,0.8566920161247253,False,,,,,0.0,0.0,0.0,0.0,True
122,video_02_frame_000122,False,15,False,0,True,-1,113,280,292,435,0.8008873462677002,False,healthy,0.9514428377151489,0.9514428377151489,0.04855714365839958,False,pink,70.0,0.8904246794871795,,0.0,0.0,0.0,0.0,True
123,video_02_frame_000123,False,6,False,0,True,-1,87,599,347,857,0.9815846681594849,False,healthy,0.8368513584136963,0.8368513584136963,0.1631486415863037,False,pink,70.0,0.8252312867956266,,0.0,0.0,0.0,0.0,True
123,video_02_frame_000123,False,3,False,0,True,-1,0,517,116,773,0.9643480181694031,False,healthy,0.9932072758674622,0.9932072758674622,0.006792756263166666,False,pink,70.0,0.9755466356818422,,0.0,0.0,0.0,0.0,True
123,video_02_frame_000123,False,13,False,0,True,-1,502,537,685,737,0.9616091251373291,False,unhealthy,0.9998623132705688,0.0001377058360958472,0.9998623132705688,False,,,,,0.0,0.0,0.0,0.0,True
123,video_02_frame_000123,False,10,False,0,True,-1,0,1113,236,1280,0.9336525797843933,False,healthy,0.9831209182739258,0.9831209182739258,0.0168791264295578,False,pink,70.0,0.9972642607683353,,0.0,0.0,0.0,0.0,True
123,video_02_frame_000123,False,11,False,0,True,-1,398,923,677,1142,0.9294394254684448,False,healthy,0.4082760810852051,0.4082760810852051,0.5917238593101501,False,pink,70.0,0.9815192921836553,,0.0,0.0,0.0,0.0,True
123,video_02_frame_000123,False,14,False,0,True,-1,473,332,620,435,0.8978979587554932,False,healthy,0.9985200762748718,0.9985200762748718,0.0014799287309870124,False,red,100.0,0.9933696930809539,,0.0,0.0,0.0,0.0,True
123,video_02_frame_000123,False,12,False,0,True,-1,231,1053,492,1255,0.8765884637832642,False,unhealthy,0.8736779093742371,0.12632213532924652,0.8736779093742371,False,,,,,0.0,0.0,0.0,0.0,True
123,video_02_frame_000123,False,2,False,0,True,-1,88,425,287,633,0.8334614634513855,False,unhealthy,0.8566920161247253,0.14330799877643585,0.8566920161247253,False,,,,,0.0,0.0,0.0,0.0,True
123,video_02_frame_000123,False,15,False,0,True,-1,108,282,287,437,0.8008873462677002,False,healthy,0.9514428377151489,0.9514428377151489,0.04855714365839958,False,pink,70.0,0.8904246794871795,,0.0,0.0,0.0,0.0,True
124,video_02_frame_000124,False,6,False,0,True,-1,82,601,342,859,0.9815846681594849,False,healthy,0.8368513584136963,0.8368513584136963,0.1631486415863037,False,pink,70.0,0.8252312867956266,,0.0,0.0,0.0,0.0,True
124,video_02_frame_000124,False,3,False,0,True,-1,0,520,111,776,0.9643480181694031,False,healthy,0.9932072758674622,0.9932072758674622,0.006792756263166666,False,pink,70.0,0.9755466356818422,,0.0,0.0,0.0,0.0,True
124,video_02_frame_000124,False,13,False,0,True,-1,496,539,679,739,0.9616091251373291,False,unhealthy,0.9998623132705688,0.0001377058360958472,0.9998623132705688,False,,,,,0.0,0.0,0.0,0.0,True
124,video_02_frame_000124,False,10,False,0,True,-1,0,1115,230,1280,0.9336525797843933,False,healthy,0.9831209182739258,0.9831209182739258,0.0168791264295578,False,pink,70.0,0.9972642607683353,,0.0,0.0,0.0,0.0,True
124,video_02_frame_000124,False,11,False,0,True,-1,391,925,670,1144,0.9294394254684448,False,healthy,0.4082760810852051,0.4082760810852051,0.5917238593101501,False,pink,70.0,0.9815192921836553,,0.0,0.0,0.0,0.0,True
124,video_02_frame_000124,False,14,False,0,True,-1,469,334,616,437,0.8978979587554932,False,healthy,0.9985200762748718,0.9985200762748718,0.0014799287309870124,False,red,100.0,0.9933696930809539,,0.0,0.0,0.0,0.0,True
124,video_02_frame_000124,False,12,False,0,True,-1,225,1055,486,1257,0.8765884637832642,False,unhealthy,0.8736779093742371,0.12632213532924652,0.8736779093742371,False,,,,,0.0,0.0,0.0,0.0,True
124,video_02_frame_000124,False,2,False,0,True,-1,83,427,282,635,0.8334614634513855,False,unhealthy,0.8566920161247253,0.14330799877643585,0.8566920161247253,False,,,,,0.0,0.0,0.0,0.0,True
124,video_02_frame_000124,False,15,False,0,True,-1,103,284,282,439,0.8008873462677002,False,healthy,0.9514428377151489,0.9514428377151489,0.04855714365839958,False,pink,70.0,0.8904246794871795,,0.0,0.0,0.0,0.0,True
125,video_02_frame_000125,False,6,False,0,True,-1,76,603,336,861,0.9815846681594849,False,healthy,0.8368513584136963,0.8368513584136963,0.1631486415863037,False,pink,70.0,0.8252312867956266,,0.0,0.0,0.0,0.0,True
125,video_02_frame_000125,False,3,False,0,True,-1,0,522,106,778,0.9643480181694031,False,healthy,0.9932072758674622,0.9932072758674622,0.006792756263166666,False,pink,70.0,0.9755466356818422,,0.0,0.0,0.0,0.0,True
125,video_02_frame_000125,False,13,False,0,True,-1,490,541,673,741,0.9616091251373291,False,unhealthy,0.9998623132705688,0.0001377058360958472,0.9998623132705688,False,,,,,0.0,0.0,0.0,0.0,True
125,video_02_frame_000125,False,10,False,0,True,-1,0,1117,224,1280,0.9336525797843933,False,healthy,0.9831209182739258,0.9831209182739258,0.0168791264295578,False,pink,70.0,0.9972642607683353,,0.0,0.0,0.0,0.0,True
125,video_02_frame_000125,False,11,False,0,True,-1,384,926,663,1145,0.9294394254684448,False,healthy,0.4082760810852051,0.4082760810852051,0.5917238593101501,False,pink,70.0,0.9815192921836553,,0.0,0.0,0.0,0.0,True
125,video_02_frame_000125,False,14,False,0,True,-1,464,336,611,439,0.8978979587554932,False,healthy,0.9985200762748718,0.9985200762748718,0.0014799287309870124,False,red,100.0,0.9933696930809539,,0.0,0.0,0.0,0.0,True
125,video_02_frame_000125,False,12,False,0,True,-1,219,1056,480,1258,0.8765884637832642,False,unhealthy,0.8736779093742371,0.12632213532924652,0.8736779093742371,False,,,,,0.0,0.0,0.0,0.0,True
125,video_02_frame_000125,False,2,False,0,True,-1,77,429,276,637,0.8334614634513855,False,unhealthy,0.8566920161247253,0.14330799877643585,0.8566920161247253,False,,,,,0.0,0.0,0.0,0.0,True
125,video_02_frame_000125,False,15,False,0,True,-1,98,286,277,441,0.8008873462677002,False,healthy,0.9514428377151489,0.9514428377151489,0.04855714365839958,False,pink,70.0,0.8904246794871795,,0.0,0.0,0.0,0.0,True
126,video_02_frame_000126,False,6,False,0,True,-1,70,604,330,862,0.9815846681594849,False,healthy,0.8368513584136963,0.8368513584136963,0.1631486415863037,False,pink,70.0,0.8252312867956266,,0.0,0.0,0.0,0.0,True
126,video_02_frame_000126,False,3,False,0,True,-1,0,524,101,780,0.9643480181694031,False,healthy,0.9932072758674622,0.9932072758674622,0.006792756263166666,False,pink,70.0,0.9755466356818422,,0.0,0.0,0.0,0.0,True
126,video_02_frame_000126,False,13,False,0,True,-1,484,542,667,742,0.9616091251373291,False,unhealthy,0.9998623132705688,0.0001377058360958472,0.9998623132705688,False,,,,,0.0,0.0,0.0,0.0,True
126,video_02_frame_000126,False,10,False,0,True,-1,0,1118,218,1280,0.9336525797843933,False,healthy,0.9831209182739258,0.9831209182739258,0.0168791264295578,False,pink,70.0,0.9972642607683353,,0.0,0.0,0.0,0.0,True
126,video_02_frame_000126,False,11,False,0,True,-1,377,927,656,1146,0.9294394254684448,False,healthy,0.4082760810852051,0.4082760810852051,0.5917238593101501,False,pink,70.0,0.9815192921836553,,0.0,0.0,0.0,0.0,True
126,video_02_frame_000126,False,14,False,0,True,-1,459,337,606,440,0.8978979587554932,False,healthy,0.9985200762748718,0.9985200762748718,0.0014799287309870124,False,red,100.0,0.9933696930809539,,0.0,0.0,0.0,0.0,True
126,video_02_frame_000126,False,12,False,0,True,-1,213,1057,474,1259,0.8765884637832642,False,unhealthy,0.8736779093742371,0.12632213532924652,0.8736779093742371,False,,,,,0.0,0.0,0.0,0.0,True
126,video_02_frame_000126,False,2,False,0,True,-1,71,431,270,639,0.8334614634513855,False,unhealthy,0.8566920161247253,0.14330799877643585,0.8566920161247253,False,,,,,0.0,0.0,0.0,0.0,True
126,video_02_frame_000126,False,15,False,0,True,-1,93,288,272,443,0.8008873462677002,False,healthy,0.9514428377151489,0.9514428377151489,0.04855714365839958,False,pink,70.0,0.8904246794871795,,0.0,0.0,0.0,0.0,True
127,video_02_frame_000127,False,6,False,0,True,-1,65,605,325,863,0.9815846681594849,False,healthy,0.8368513584136963,0.8368513584136963,0.1631486415863037,False,pink,70.0,0.8252312867956266,,0.0,0.0,0.0,0.0,True
127,video_02_frame_000127,False,3,False,0,True,-1,0,526,97,782,0.9643480181694031,False,healthy,0.9932072758674622,0.9932072758674622,0.006792756263166666,False,pink,70.0,0.9755466356818422,,0.0,0.0,0.0,0.0,True
127,video_02_frame_000127,False,13,False,0,True,-1,479,543,662,743,0.9616091251373291,False,unhealthy,0.9998623132705688,0.0001377058360958472,0.9998623132705688,False,,,,,0.0,0.0,0.0,0.0,True
127,video_02_frame_000127,False,10,False,0,True,-1,0,1119,213,1280,0.9336525797843933,False,healthy,0.9831209182739258,0.9831209182739258,0.0168791264295578,False,pink,70.0,0.9972642607683353,,0.0,0.0,0.0,0.0,True
127,video_02_frame_000127,False,11,False,0,True,-1,371,927,650,1146,0.9294394254684448,False,healthy,0.4082760810852051,0.4082760810852051,0.5917238593101501,False,pink,70.0,0.9815192921836553,,0.0,0.0,0.0,0.0,True
127,video_02_frame_000127,False,14,False,0,True,-1,455,338,602,441,0.8978979587554932,False,healthy,0.9985200762748718,0.9985200762748718,0.0014799287309870124,False,red,100.0,0.9933696930809539,,0.0,0.0,0.0,0.0,True
127,video_02_frame_000127,False,12,False,0,True,-1,208,1057,469,1259,0.8765884637832642,False,unhealthy,0.8736779093742371,0.12632213532924652,0.8736779093742371,False,,,,,0.0,0.0,0.0,0.0,True
127,video_02_frame_000127,False,2,False,0,True,-1,66,432,265,640,0.8334614634513855,False,unhealthy,0.8566920161247253,0.14330799877643585,0.8566920161247253,False,,,,,0.0,0.0,0.0,0.0,True
127,video_02_frame_000127,False,15,False,0,True,-1,89,290,268,445,0.8008873462677002,False,healthy,0.9514428377151489,0.9514428377151489,0.04855714365839958,False,pink,70.0,0.8904246794871795,,0.0,0.0,0.0,0.0,True
128,video_02_frame_000128,False,6,False,0,True,-1,60,606,320,864,0.9815846681594849,False,healthy,0.8368513584136963,0.8368513584136963,0.1631486415863037,False,pink,70.0,0.8252312867956266,,0.0,0.0,0.0,0.0,True
128,video_02_frame_000128,False,3,False,0,True,-1,0,527,93,783,0.9643480181694031,False,healthy,0.9932072758674622,0.9932072758674622,0.006792756263166666,False,pink,70.0,0.9755466356818422,,0.0,0.0,0.0,0.0,True
128,video_02_frame_000128,False,13,False,0,True,-1,474,544,657,744,0.9616091251373291,False,unhealthy,0.9998623132705688,0.0001377058360958472,0.9998623132705688,False,,,,,0.0,0.0,0.0,0.0,True
128,video_02_frame_000128,False,10,False,0,True,-1,0,1119,208,1280,0.9336525797843933,False,healthy,0.9831209182739258,0.9831209182739258,0.0168791264295578,False,pink,70.0,0.9972642607683353,,0.0,0.0,0.0,0.0,True
128,video_02_frame_000128,False,11,False,0,True,-1,365,927,644,1146,0.9294394254684448,False,healthy,0.4082760810852051,0.4082760810852051,0.5917238593101501,False,pink,70.0,0.9815192921836553,,0.0,0.0,0.0,0.0,True
128,video_02_frame_000128,False,14,False,0,True,-1,451,339,598,442,0.8978979587554932,False,healthy,0.9985200762748718,0.9985200762748718,0.0014799287309870124,False,red,100.0,0.9933696930809539,,0.0,0.0,0.0,0.0,True
128,video_02_frame_000128,False,12,False,0,True,-1,203,1057,464,1259,0.8765884637832642,False,unhealthy,0.8736779093742371,0.12632213532924652,0.8736779093742371,False,,,,,0.0,0.0,0.0,0.0,True
128,video_02_frame_000128,False,2,False,0,True,-1,61,433,260,641,0.8334614634513855,False,unhealthy,0.8566920161247253,0.14330799877643585,0.8566920161247253,False,,,,,0.0,0.0,0.0,0.0,True
128,video_02_frame_000128,False,15,False,0,True,-1,85,291,264,446,0.8008873462677002,False,healthy,0.9514428377151489,0.9514428377151489,0.04855714365839958,False,pink,70.0,0.8904246794871795,,0.0,0.0,0.0,0.0,True
129,video_02_frame_000129,False,6,False,0,True,-1,56,607,316,865,0.9815846681594849,False,healthy,0.8368513584136963,0.8368513584136963,0.1631486415863037,False,pink,70.0,0.8252312867956266,,0.0,0.0,0.0,0.0,True
129,video_02_frame_000129,False,3,False,0,True,-1,0,528,89,784,0.9643480181694031,False,healthy,0.9932072758674622,0.9932072758674622,0.006792756263166666,False,pink,70.0,0.9755466356818422,,0.0,0.0,0.0,0.0,True
129,video_02_frame_000129,False,13,False,0,True,-1,469,544,652,744,0.9616091251373291,False,unhealthy,0.9998623132705688,0.0001377058360958472,0.9998623132705688,False,,,,,0.0,0.0,0.0,0.0,True
129,video_02_frame_000129,False,10,False,0,True,-1,0,1118,204,1279,0.9336525797843933,False,healthy,0.9831209182739258,0.9831209182739258,0.0168791264295578,False,pink,70.0,0.9972642607683353,,0.0,0.0,0.0,0.0,True
129,video_02_frame_000129,False,11,False,0,True,-1,360,926,639,1145,0.9294394254684448,False,healthy,0.4082760810852051,0.4082760810852051,0.5917238593101501,False,pink,70.0,0.9815192921836553,,0.0,0.0,0.0,0.0,True
129,video_02_frame_000129,False,14,False,0,True,-1,447,340,594,443,0.8978979587554932,False,healthy,0.9985200762748718,0.9985200762748718,0.0014799287309870124,False,red,100.0,0.9933696930809539,,0.0,0.0,0.0,0.0,True
129,video_02_frame_000129,False,12,False,0,True,-1,198,1056,459,1258,0.8765884637832642,False,unhealthy,0.8736779093742371,0.12632213532924652,0.8736779093742371,False,,,,,0.0,0.0,0.0,0.0,True
129,video_02_frame_000129,False,2,False,0,True,-1,57,434,256,642,0.8334614634513855,False,unhealthy,0.8566920161247253,0.14330799877643585,0.8566920161247253,False,,,,,0.0,0.0,0.0,0.0,True
129,video_02_frame_000129,False,15,False,0,True,-1,81,292,260,447,0.8008873462677002,False,healthy,0.9514428377151489,0.9514428377151489,0.04855714365839958,False,pink,70.0,0.8904246794871795,,0.0,0.0,0.0,0.0,True
130,video_02_frame_000130,True,6,False,10,True,1,57,607,312,868,0.9679493308067322,False,healthy,0.8368513584136963,0.8368513584136963,0.1631486415863037,False,pink,70.0,0.8252312867956266,,0.0,0.0,0.0,0.0,False
130,video_02_frame_000130,True,13,False,3,True,2,471,547,676,740,0.9634146094322205,False,unhealthy,0.9998623132705688,0.0001377058360958472,0.9998623132705688,False,,,,,0.0,0.0,0.0,0.0,False
130,video_02_frame_000130,True,14,False,3,True,3,445,343,588,438,0.9376087188720703,False,healthy,0.9985200762748718,0.9985200762748718,0.0014799287309870124,False,red,100.0,0.9933696930809539,,0.0,0.0,0.0,0.0,False
130,video_02_frame_000130,True,11,False,5,True,4,367,933,638,1138,0.9227278232574463,False,healthy,0.4082760810852051,0.4082760810852051,0.5917238593101501,False,pink,70.0,0.9815192921836553,,0.0,0.0,0.0,0.0,False
130,video_02_frame_000130,True,12,False,4,True,5,195,1050,452,1258,0.9181455373764038,False,unhealthy,0.8736779093742371,0.12632213532924652,0.8736779093742371,False,,,,,0.0,0.0,0.0,0.0,False
130,video_02_frame_000130,True,16,True,1,False,6,526,739,720,983,0.8412514925003052,True,healthy,0.9206770658493042,0.9206770658493042,0.0793229416012764,True,pink,70.0,0.8920939417448339,,5.14984130859375e-05,0.02399730682373047,0.3558168411254883,0.3798656463623047,False
130,video_02_frame_000130,True,2,False,10,True,7,63,432,279,640,0.8022483587265015,False,unhealthy,0.8566920161247253,0.14330799877643585,0.8566920161247253,False,,,,,0.0,0.0,0.0,0.0,False
130,video_02_frame_000130,True,15,False,3,True,8,84,297,264,446,0.8022341728210449,False,healthy,0.9514428377151489,0.9514428377151489,0.04855714365839958,False,pink,70.0,0.8904246794871795,,0.0,0.0,0.0,0.0,False
131,video_02_frame_000131,False,6,False,0,True,-1,54,608,309,869,0.9679493308067322,False,healthy,0.8368513584136963,0.8368513584136963,0.1631486415863037,False,pink,70.0,0.8252312867956266,,0.0,0.0,0.0,0.0,True
131,video_02_frame_000131,False,13,False,0,True,-1,468,548,673,741,0.9634146094322205,False,unhealthy,0.9998623132705688,0.0001377058360958472,0.9998623132705688,False,,,,,0.0,0.0,0.0,0.0,True
131,video_02_frame_000131,False,14,False,0,True,-1,442,344,585,439,0.9376087188720703,False,healthy,0.9985200762748718,0.9985200762748718,0.0014799287309870124,False,red,100.0,0.9933696930809539,,0.0,0.0,0.0,0.0,True
131,video_02_frame_000131,False,11,False,0,True,-1,363,933,634,1138,0.9227278232574463,False,healthy,0.4082760810852051,0.4082760810852051,0.5917238593101501,False,pink,70.0,0.9815192921836553,,0.0,0.0,0.0,0.0,True
131,video_02_frame_000131,False,12,False,0,True,-1,192,1050,449,1258,0.9181455373764038,False,unhealthy,0.8736779093742371,0.12632213532924652,0.8736779093742371,False,,,,,0.0,0.0,0.0,0.0,True
131,video_02_frame_000131,False,16,False,0,True,-1,522,739,716,983,0.8412514925003052,False,healthy,0.9206770658493042,0.9206770658493042,0.0793229416012764,False,pink,70.0,0.8920939417448339,,0.0,0.0,0.0,0.0,True
131,video_02_frame_000131,False,2,False,0,True,-1,60,433,276,641,0.8022483587265015,False,unhealthy,0.8566920161247253,0.14330799877643585,0.8566920161247253,False,,,,,0.0,0.0,0.0,0.0,True
131,video_02_frame_000131,False,15,False,0,True,-1,81,299,261,448,0.8022341728210449,False,healthy,0.9514428377151489,0.9514428377151489,0.04855714365839958,False,pink,70.0,0.8904246794871795,,0.0,0.0,0.0,0.0,True
132,video_02_frame_000132,False,6,False,0,True,-1,51,610,306,871,0.9679493308067322,False,healthy,0.8368513584136963,0.8368513584136963,0.1631486415863037,False,pink,70.0,0.8252312867956266,,0.0,0.0,0.0,0.0,True
132,video_02_frame_000132,False,13,False,0,True,-1,464,550,669,743,0.9634146094322205,False,unhealthy,0.9998623132705688,0.0001377058360958472,0.9998623132705688,False,,,,,0.0,0.0,0.0,0.0,True
132,video_02_frame_000132,False,14,False,0,True,-1,439,346,582,441,0.9376087188720703,False,healthy,0.9985200762748718,0.9985200762748718,0.0014799287309870124,False,red,100.0,0.9933696930809539,,0.0,0.0,0.0,0.0,True
132,video_02_frame_000132,False,11,False,0,True,-1,359,934,630,1139,0.9227278232574463,False,healthy,0.4082760810852051,0.4082760810852051,0.5917238593101501,False,pink,70.0,0.9815192921836553,,0.0,0.0,0.0,0.0,True
132,video_02_frame_000132,False,12,False,0,True,-1,189,1051,446,1259,0.9181455373764038,False,unhealthy,0.8736779093742371,0.12632213532924652,0.8736779093742371,False,,,,,0.0,0.0,0.0,0.0,True
132,video_02_frame_000132,False,16,False,0,True,-1,518,740,712,984,0.8412514925003052,False,healthy,0.9206770658493042,0.9206770658493042,0.0793229416012764,False,pink,70.0,0.8920939417448339,,0.0,0.0,0.0,0.0,True
132,video_02_frame_000132,False,2,False,0,True,-1,57,435,273,643,0.8022483587265015,False,unhealthy,0.8566920161247253,0.14330799877643585,0.8566920161247253,False,,,,,0.0,0.0,0.0,0.0,True
132,video_02_frame_000132,False,15,False,0,True,-1,78,301,258,450,0.8022341728210449,False,healthy,0.9514428377151489,0.9514428377151489,0.04855714365839958,False,pink,70.0,0.8904246794871795,,0.0,0.0,0.0,0.0,True
133,video_02_frame_000133,False,6,False,0,True,-1,48,612,303,873,0.9679493308067322,False,healthy,0.8368513584136963,0.8368513584136963,0.1631486415863037,False,pink,70.0,0.8252312867956266,,0.0,0.0,0.0,0.0,True
133,video_02_frame_000133,False,13,False,0,True,-1,460,552,665,745,0.9634146094322205,False,unhealthy,0.9998623132705688,0.0001377058360958472,0.9998623132705688,False,,,,,0.0,0.0,0.0,0.0,True
133,video_02_frame_000133,False,14,False,0,True,-1,436,348,579,443,0.9376087188720703,False,healthy,0.9985200762748718,0.9985200762748718,0.0014799287309870124,False,red,100.0,0.9933696930809539,,0.0,0.0,0.0,0.0,True
133,video_02_frame_000133,False,11,False,0,True,-1,355,935,626,1140,0.9227278232574463,False,healthy,0.4082760810852051,0.4082760810852051,0.5917238593101501,False,pink,70.0,0.9815192921836553,,0.0,0.0,0.0,0.0,True
133,video_02_frame_000133,False,12,False,0,True,-1,186,1052,443,1260,0.9181455373764038,False,unhealthy,0.8736779093742371,0.12632213532924652,0.8736779093742371,False,,,,,0.0,0.0,0.0,0.0,True
133,video_02_frame_000133,False,16,False,0,True,-1,514,741,708,985,0.8412514925003052,False,healthy,0.9206770658493042,0.9206770658493042,0.0793229416012764,False,pink,70.0,0.8920939417448339,,0.0,0.0,0.0,0.0,True
133,video_02_frame_000133,False,2,False,0,True,-1,54,437,270,645,0.8022483587265015,False,unhealthy,0.8566920161247253,0.14330799877643585,0.8566920161247253,False,,,,,0.0,0.0,0.0,0.0,True
133,video_02_frame_000133,False,15,False,0,True,-1,75,304,255,453,0.8022341728210449,False,healthy,0.9514428377151489,0.9514428377151489,0.04855714365839958,False,pink,70.0,0.8904246794871795,,0.0,0.0,0.0,0.0,True
134,video_02_frame_000134,False,6,False,0,True,-1,45,614,300,875,0.9679493308067322,False,healthy,0.8368513584136963,0.8368513584136963,0.1631486415863037,False,pink,70.0,0.8252312867956266,,0.0,0.0,0.0,0.0,True
134,video_02_frame_000134,False,13,False,0,True,-1,457,554,662,747,0.9634146094322205,False,unhealthy,0.9998623132705688,0.0001377058360958472,0.9998623132705688,False,,,,,0.0,0.0,0.0,0.0,True
134,video_02_frame_000134,False,14,False,0,True,-1,433,350,576,445,0.9376087188720703,False,healthy,0.9985200762748718,0.9985200762748718,0.0014799287309870124,False,red,100.0,0.9933696930809539,,0.0,0.0,0.0,0.0,True
134,video_02_frame_000134,False,11,False,0,True,-1,351,937,622,1142,0.9227278232574463,False,healthy,0.4082760810852051,0.4082760810852051,0.5917238593101501,False,pink,70.0,0.9815192921836553,,0.0,0.0,0.0,0.0,True
134,video_02_frame_000134,False,12,False,0,True,-1,183,1053,440,1261,0.9181455373764038,False,unhealthy,0.8736779093742371,0.12632213532924652,0.8736779093742371,False,,,,,0.0,0.0,0.0,0.0,True
134,video_02_frame_000134,False,16,False,0,True,-1,510,743,704,987,0.8412514925003052,False,healthy,0.9206770658493042,0.9206770658493042,0.0793229416012764,False,pink,70.0,0.8920939417448339,,0.0,0.0,0.0,0.0,True
134,video_02_frame_000134,False,2,False,0,True,-1,51,440,267,648,0.8022483587265015,False,unhealthy,0.8566920161247253,0.14330799877643585,0.8566920161247253,False,,,,,0.0,0.0,0.0,0.0,True
134,video_02_frame_000134,False,15,False,0,True,-1,72,307,252,456,0.8022341728210449,False,healthy,0.9514428377151489,0.9514428377151489,0.04855714365839958,False,pink,70.0,0.8904246794871795,,0.0,0.0,0.0,0.0,True
135,video_02_frame_000135,False,6,False,0,True,-1,42,616,297,877,0.9679493308067322,False,healthy,0.8368513584136963,0.8368513584136963,0.1631486415863037,False,pink,70.0,0.8252312867956266,,0.0,0.0,0.0,0.0,True
135,video_02_frame_000135,False,13,False,0,True,-1,453,556,658,749,0.9634146094322205,False,unhealthy,0.9998623132705688,0.0001377058360958472,0.9998623132705688,False,,,,,0.0,0.0,0.0,0.0,True
135,video_02_frame_000135,False,14,False,0,True,-1,430,352,573,447,0.9376087188720703,False,healthy,0.9985200762748718,0.9985200762748718,0.0014799287309870124,False,red,100.0,0.9933696930809539,,0.0,0.0,0.0,0.0,True
135,video_02_frame_000135,False,11,False,0,True,-1,347,938,618,1143,0.9227278232574463,False,healthy,0.4082760810852051,0.4082760810852051,0.5917238593101501,False,pink,70.0,0.9815192921836553,,0.0,0.0,0.0,0.0,True
135,video_02_frame_000135,False,12,False,0,True,-1,180,1054,437,1262,0.9181455373764038,False,unhealthy,0.8736779093742371,0.12632213532924652,0.8736779093742371,False,,,,,0.0,0.0,0.0,0.0,True
135,video_02_frame_000135,False,16,False,0,True,-1,506,744,700,988,0.8412514925003052,False,healthy,0.9206770658493042,0.9206770658493042,0.0793229416012764,False,pink,70.0,0.8920939417448339,,0.0,0.0,0.0,0.0,True
135,video_02_frame_000135,False,2,False,0,True,-1,48,442,264,650,0.8022483587265015,False,unhealthy,0.8566920161247253,0.14330799877643585,0.8566920161247253,False,,,,,0.0,0.0,0.0,0.0,True
135,video_02_frame_000135,False,15,False,0,True,-1,69,309,249,458,0.8022341728210449,False,healthy,0.9514428377151489,0.9514428377151489,0.04855714365839958,False,pink,70.0,0.8904246794871795,,0.0,0.0,0.0,0.0,True
136,video_02_frame_000136,False,6,False,0,True,-1,40,618,295,879,0.9679493308067322,False,healthy,0.8368513584136963,0.8368513584136963,0.1631486415863037,False,pink,70.0,0.8252312867956266,,0.0,0.0,0.0,0.0,True
136,video_02_frame_000136,False,13,False,0,True,-1,450,558,655,751,0.9634146094322205,False,unhealthy,0.9998623132705688,0.0001377058360958472,0.9998623132705688,False,,,,,0.0,0.0,0.0,0.0,True
136,video_02_frame_000136,False,14,False,0,True,-1,427,354,570,449,0.9376087188720703,False,healthy,0.9985200762748718,0.9985200762748718,0.0014799287309870124,False,red,100.0,0.9933696930809539,,0.0,0.0,0.0,0.0,True
136,video_02_frame_000136,False,11,False,0,True,-1,344,939,615,1144,0.9227278232574463,False,healthy,0.4082760810852051,0.4082760810852051,0.5917238593101501,False,pink,70.0,0.9815192921836553,,0.0,0.0,0.0,0.0,True
136,video_02_frame_000136,False,12,False,0,True,-1,177,1056,434,1264,0.9181455373764038,False,unhealthy,0.8736779093742371,0.12632213532924652,0.8736779093742371,False,,,,,0.0,0.0,0.0,0.0,True
136,video_02_frame_000136,False,16,False,0,True,-1,503,745,697,989,0.8412514925003052,False,healthy,0.9206770658493042,0.9206770658493042,0.0793229416012764,False,pink,70.0,0.8920939417448339,,0.0,0.0,0.0,0.0,True
136,video_02_frame_000136,False,2,False,0,True,-1,46,444,262,652,0.8022483587265015,False,unhealthy,0.8566920161247253,0.14330799877643585,0.8566920161247253,False,,,,,0.0,0.0,0.0,0.0,True
136,video_02_frame_000136,False,15,False,0,True,-1,67,312,247,461,0.8022341728210449,False,healthy,0.9514428377151489,0.9514428377151489,0.04855714365839958,False,pink,70.0,0.8904246794871795,,0.0,0.0,0.0,0.0,True
137,video_02_frame_000137,False,6,False,0,True,-1,37,620,292,881,0.9679493308067322,False,healthy,0.8368513584136963,0.8368513584136963,0.1631486415863037,False,pink,70.0,0.8252312867956266,,0.0,0.0,0.0,0.0,True
137,video_02_frame_000137,False,13,False,0,True,-1,446,560,651,753,0.9634146094322205,False,unhealthy,0.9998623132705688,0.0001377058360958472,0.9998623132705688,False,,,,,0.0,0.0,0.0,0.0,True
137,video_02_frame_000137,False,14,False,0,True,-1,424,356,567,451,0.9376087188720703,False,healthy,0.9985200762748718,0.9985200762748718,0.0014799287309870124,False,red,100.0,0.9933696930809539,,0.0,0.0,0.0,0.0,True
137,video_02_frame_000137,False,11,False,0,True,-1,340,940,611,1145,0.9227278232574463,False,healthy,0.4082760810852051,0.4082760810852051,0.5917238593101501,False,pink,70.0,0.9815192921836553,,0.0,0.0,0.0,0.0,True
137,video_02_frame_000137,False,12,False,0,True,-1,174,1057,431,1265,0.9181455373764038,False,unhealthy,0.8736779093742371,0.12632213532924652,0.8736779093742371,False,,,,,0.0,0.0,0.0,0.0,True
137,video_02_frame_000137,False,16,False,0,True,-1,499,746,693,990,0.8412514925003052,False,healthy,0.9206770658493042,0.9206770658493042,0.0793229416012764,False,pink,70.0,0.8920939417448339,,0.0,0.0,0.0,0.0,True
137,video_02_frame_000137,False,2,False,0,True,-1,43,446,259,654,0.8022483587265015,False,unhealthy,0.8566920161247253,0.14330799877643585,0.8566920161247253,False,,,,,0.0,0.0,0.0,0.0,True
137,video_02_frame_000137,False,15,False,0,True,-1,64,314,244,463,0.8022341728210449,False,healthy,0.9514428377151489,0.9514428377151489,0.04855714365839958,False,pink,70.0,0.8904246794871795,,0.0,0.0,0.0,0.0,True
138,video_02_frame_000138,False,6,False,0,True,-1,33,622,288,883,0.9679493308067322,False,healthy,0.8368513584136963,0.8368513584136963,0.1631486415863037,False,pink,70.0,0.8252312867956266,,0.0,0.0,0.0,0.0,True
138,video_02_frame_000138,False,13,False,0,True,-1,442,561,647,754,0.9634146094322205,False,unhealthy,0.9998623132705688,0.0001377058360958472,0.9998623132705688,False,,,,,0.0,0.0,0.0,0.0,True
138,video_02_frame_000138,False,14,False,0,True,-1,421,358,564,453,0.9376087188720703,False,healthy,0.9985200762748718,0.9985200762748718,0.0014799287309870124,False,red,100.0,0.9933696930809539,,0.0,0.0,0.0,0.0,True
138,video_02_frame_000138,False,11,False,0,True,-1,335,941,606,1146,0.9227278232574463,False,healthy,0.4082760810852051,0.4082760810852051,0.5917238593101501,False,pink,70.0,0.9815192921836553,,0.0,0.0,0.0,0.0,True
138,video_02_frame_000138,False,12,False,0,True,-1,170,1057,427,1265,0.9181455373764038,False,unhealthy,0.8736779093742371,0.12632213532924652,0.8736779093742371,False,,,,,0.0,0.0,0.0,0.0,True
138,video_02_frame_000138,False,16,False,0,True,-1,494,747,688,991,0.8412514925003052,False,healthy,0.9206770658493042,0.9206770658493042,0.0793229416012764,False,pink,70.0,0.8920939417448339,,0.0,0.0,0.0,0.0,True
138,video_02_frame_000138,False,2,False,0,True,-1,40,448,256,656,0.8022483587265015,False,unhealthy,0.8566920161247253,0.14330799877643585,0.8566920161247253,False,,,,,0.0,0.0,0.0,0.0,True
138,video_02_frame_000138,False,15,False,0,True,-1,61,316,241,465,0.8022341728210449,False,healthy,0.9514428377151489,0.9514428377151489,0.04855714365839958,False,pink,70.0,0.8904246794871795,,0.0,0.0,0.0,0.0,True
139,video_02_frame_000139,False,6,False,0,True,-1,30,623,285,884,0.9679493308067322,False,healthy,0.8368513584136963,0.8368513584136963,0.1631486415863037,False,pink,70.0,0.8252312867956266,,0.0,0.0,0.0,0.0,True
139,video_02_frame_000139,False,13,False,0,True,-1,438,562,643,755,0.9634146094322205,False,unhealthy,0.9998623132705688,0.0001377058360958472,0.9998623132705688,False,,,,,0.0,0.0,0.0,0.0,True
139,video_02_frame_000139,False,14,False,0,True,-1,418,360,561,455,0.9376087188720703,False,healthy,0.9985200762748718,0.9985200762748718,0.0014799287309870124,False,red,100.0,0.9933696930809539,,0.0,0.0,0.0,0.0,True
139,video_02_frame_000139,False,11,False,0,True,-1,331,941,602,1146,0.9227278232574463,False,healthy,0.4082760810852051,0.4082760810852051,0.5917238593101501,False,pink,70.0,0.9815192921836553,,0.0,0.0,0.0,0.0,True
139,video_02_frame_000139,False,12,False,0,True,-1,167,1057,424,1265,0.9181455373764038,False,unhealthy,0.8736779093742371,0.12632213532924652,0.8736779093742371,False,,,,,0.0,0.0,0.0,0.0,True
139,video_02_frame_000139,False,16,False,0,True,-1,490,747,684,991,0.8412514925003052,False,healthy,0.9206770658493042,0.9206770658493042,0.0793229416012764,False,pink,70.0,0.8920939417448339,,0.0,0.0,0.0,0.0,True
139,video_02_frame_000139,False,2,False,0,True,-1,37,450,253,658,0.8022483587265015,False,unhealthy,0.8566920161247253,0.14330799877643585,0.8566920161247253,False,,,,,0.0,0.0,0.0,0.0,True
139,video_02_frame_000139,False,15,False,0,True,-1,59,318,239,467,0.8022341728210449,False,healthy,0.9514428377151489,0.9514428377151489,0.04855714365839958,False,pink,70.0,0.8904246794871795,,0.0,0.0,0.0,0.0,True
140,video_02_frame_000140,False,6,False,0,True,-1,27,624,282,885,0.9679493308067322,False,healthy,0.8368513584136963,0.8368513584136963,0.1631486415863037,False,pink,70.0,0.8252312867956266,,0.0,0.0,0.0,0.0,True
140,video_02_frame_000140,False,13,False,0,True,-1,434,563,639,756,0.9634146094322205,False,unhealthy,0.9998623132705688,0.0001377058360958472,0.9998623132705688,False,,,,,0.0,0.0,0.0,0.0,True
140,video_02_frame_000140,False,14,False,0,True,-1,415,361,558,456,0.9376087188720703,False,healthy,0.9985200762748718,0.9985200762748718,0.0014799287309870124,False,red,100.0,0.9933696930809539,,0.0,0.0,0.0,0.0,True
140,video_02_frame_000140,False,11,False,0,True,-1,327,941,598,1146,0.9227278232574463,False,healthy,0.4082760810852051,0.4082760810852051,0.5917238593101501,False,pink,70.0,0.9815192921836553,,0.0,0.0,0.0,0.0,True
140,video_02_frame_000140,False,12,False,0,True,-1,164,1057,421,1265,0.9181455373764038,False,unhealthy,0.8736779093742371,0.12632213532924652,0.8736779093742371,False,,,,,0.0,0.0,0.0,0.0,True
140,video_02_frame_000140,False,16,False,0,True,-1,486,747,680,991,0.8412514925003052,False,healthy,0.9206770658493042,0.9206770658493042,0.0793229416012764,False,pink,70.0,0.8920939417448339,,0.0,0.0,0.0,0.0,True
140,video_02_frame_000140,False,2,False,0,True,-1,34,451,250,659,0.8022483587265015,False,unhealthy,0.8566920161247253,0.14330799877643585,0.8566920161247253,False,,,,,0.0,0.0,0.0,0.0,True
140,video_02_frame_000140,False,15,False,0,True,-1,57,320,237,469,0.8022341728210449,False,healthy,0.9514428377151489,0.9514428377151489,0.04855714365839958,False,pink,70.0,0.8904246794871795,,0.0,0.0,0.0,0.0,True
141,video_02_frame_000141,False,6,False,0,True,-1,24,625,279,886,0.9679493308067322,False,healthy,0.8368513584136963,0.8368513584136963,0.1631486415863037,False,pink,70.0,0.8252312867956266,,0.0,0.0,0.0,0.0,True
141,video_02_frame_000141,False,13,False,0,True,-1,430,564,635,757,0.9634146094322205,False,unhealthy,0.9998623132705688,0.0001377058360958472,0.9998623132705688,False,,,,,0.0,0.0,0.0,0.0,True
141,video_02_frame_000141,False,14,False,0,True,-1,412,362,555,457,0.9376087188720703,False,healthy,0.9985200762748718,0.9985200762748718,0.0014799287309870124,False,red,100.0,0.9933696930809539,,0.0,0.0,0.0,0.0,True
141,video_02_frame_000141,False,11,False,0,True,-1,323,941,594,1146,0.9227278232574463,False,healthy,0.4082760810852051,0.4082760810852051,0.5917238593101501,False,pink,70.0,0.9815192921836553,,0.0,0.0,0.0,0.0,True
141,video_02_frame_000141,False,12,False,0,True,-1,161,1057,418,1265,0.9181455373764038,False,unhealthy,0.8736779093742371,0.12632213532924652,0.8736779093742371,False,,,,,0.0,0.0,0.0,0.0,True
141,video_02_frame_000141,False,16,False,0,True,-1,482,747,676,991,0.8412514925003052,False,healthy,0.9206770658493042,0.9206770658493042,0.0793229416012764,False,pink,70.0,0.8920939417448339,,0.0,0.0,0.0,0.0,True
141,video_02_frame_000141,False,2,False,0,True,-1,31,452,247,660,0.8022483587265015,False,unhealthy,0.8566920161247253,0.14330799877643585,0.8566920161247253,False,,,,,0.0,0.0,0.0,0.0,True
141,video_02_frame_000141,False,15,False,0,True,-1,55,322,235,471,0.8022341728210449,False,healthy,0.9514428377151489,0.9514428377151489,0.04855714365839958,False,pink,70.0,0.8904246794871795,,0.0,0.0,0.0,0.0,True
142,video_02_frame_000142,False,6,False,0,True,-1,22,626,277,887,0.9679493308067322,False,healthy,0.8368513584136963,0.8368513584136963,0.1631486415863037,False,pink,70.0,0.8252312867956266,,0.0,0.0,0.0,0.0,True
142,video_02_frame_000142,False,13,False,0,True,-1,427,565,632,758,0.9634146094322205,False,unhealthy,0.9998623132705688,0.0001377058360958472,0.9998623132705688,False,,,,,0.0,0.0,0.0,0.0,True
142,video_02_frame_000142,False,14,False,0,True,-1,409,364,552,459,0.9376087188720703,False,healthy,0.9985200762748718,0.9985200762748718,0.0014799287309870124,False,red,100.0,0.9933696930809539,,0.0,0.0,0.0,0.0,True
142,video_02_frame_000142,False,11,False,0,True,-1,320,941,591,1146,0.9227278232574463,False,healthy,0.4082760810852051,0.4082760810852051,0.5917238593101501,False,pink,70.0,0.9815192921836553,,0.0,0.0,0.0,0.0,True
142,video_02_frame_000142,False,12,False,0,True,-1,158,1056,415,1264,0.9181455373764038,False,unhealthy,0.8736779093742371,0.12632213532924652,0.8736779093742371,False,,,,,0.0,0.0,0.0,0.0,True
142,video_02_frame_000142,False,16,False,0,True,-1,479,747,673,991,0.8412514925003052,False,healthy,0.9206770658493042,0.9206770658493042,0.0793229416012764,False,pink,70.0,0.8920939417448339,,0.0,0.0,0.0,0.0,True
142,video_02_frame_000142,False,2,False,0,True,-1,29,453,245,661,0.8022483587265015,False,unhealthy,0.8566920161247253,0.14330799877643585,0.8566920161247253,False,,,,,0.0,0.0,0.0,0.0,True
142,video_02_frame_000142,False,15,False,0,True,-1,53,324,233,473,0.8022341728210449,False,healthy,0.9514428377151489,0.9514428377151489,0.04855714365839958,False,pink,70.0,0.8904246794871795,,0.0,0.0,0.0,0.0,True
143,video_02_frame_000143,True,13,False,4,True,1,431,567,627,756,0.9710744023323059,False,unhealthy,0.9998623132705688,0.0001377058360958472,0.9998623132705688,False,,,,,0.0,0.0,0.0,0.0,False
143,video_02_frame_000143,True,6,False,11,True,2,31,637,272,878,0.9466718435287476,False,healthy,0.8368513584136963,0.8368513584136963,0.1631486415863037,False,pink,70.0,0.8252312867956266,,0.0,0.0,0.0,0.0,False
143,video_02_frame_000143,True,16,False,2,True,3,487,749,717,987,0.9380093216896057,False,healthy,0.9206770658493042,0.9206770658493042,0.0793229416012764,False,pink,70.0,0.8920939417448339,,0.0,0.0,0.0,0.0,False
143,video_02_frame_000143,True,12,False,5,True,4,155,1056,399,1250,0.9283459186553955,False,unhealthy,0.8736779093742371,0.12632213532924652,0.8736779093742371,False,,,,,0.0,0.0,0.0,0.0,False
143,video_02_frame_000143,True,11,False,6,True,5,327,942,571,1137,0.8663365840911865,False,healthy,0.4082760810852051,0.4082760810852051,0.5917238593101501,False,pink,70.0,0.9815192921836553,,0.0,0.0,0.0,0.0,False
143,video_02_frame_000143,True,14,False,4,True,6,410,367,546,464,0.8626028895378113,False,healthy,0.9985200762748718,0.9985200762748718,0.0014799287309870124,False,red,100.0,0.9933696930809539,,0.0,0.0,0.0,0.0,False
143,video_02_frame_000143,True,2,False,11,True,7,36,464,234,656,0.8517828583717346,False,unhealthy,0.8566920161247253,0.14330799877643585,0.8566920161247253,False,,,,,0.0,0.0,0.0,0.0,False
144,video_02_frame_000144,False,13,False,0,True,-1,427,567,623,756,0.9710744023323059,False,unhealthy,0.9998623132705688,0.0001377058360958472,0.9998623132705688,False,,,,,0.0,0.0,0.0,0.0,True
144,video_02_frame_000144,False,6,False,0,True,-1,28,637,269,878,0.9466718435287476,False,healthy,0.8368513584136963,0.8368513584136963,0.1631486415863037,False,pink,70.0,0.8252312867956266,,0.0,0.0,0.0,0.0,True
144,video_02_frame_000144,False,16,False,0,True,-1,483,748,713,986,0.9380093216896057,False,healthy,0.9206770658493042,0.9206770658493042,0.0793229416012764,False,pink,70.0,0.8920939417448339,,0.0,0.0,0.0,0.0,True
144,video_02_frame_000144,False,12,False,0,True,-1,152,1054,396,1248,0.9283459186553955,False,unhealthy,0.8736779093742371,0.12632213532924652,0.8736779093742371,False,,,,,0.0,0.0,0.0,0.0,True
144,video_02_frame_000144,False,11,False,0,True,-1,323,941,567,1136,0.8663365840911865,False,healthy,0.4082760810852051,0.4082760810852051,0.5917238593101501,False,pink,70.0,0.9815192921836553,,0.0,0.0,0.0,0.0,True
144,video_02_frame_000144,False,14,False,0,True,-1,407,368,543,465,0.8626028895378113,False,healthy,0.9985200762748718,0.9985200762748718,0.0014799287309870124,False,red,100.0,0.9933696930809539,,0.0,0.0,0.0,0.0,True
144,video_02_frame_000144,False,2,False,0,True,-1,33,464,231,656,0.8517828583717346,False,unhealthy,0.8566920161247253,0.14330799877643585,0.8566920161247253,False,,,,,0.0,0.0,0.0,0.0,True
145,video_02_frame_000145,False,13,False,0,True,-1,424,567,620,756,0.9710744023323059,False,unhealthy,0.9998623132705688,0.0001377058360958472,0.9998623132705688,False,,,,,0.0,0.0,0.0,0.0,True
145,video_02_frame_000145,False,6,False,0,True,-1,26,637,267,878,0.9466718435287476,False,healthy,0.8368513584136963,0.8368513584136963,0.1631486415863037,False,pink,70.0,0.8252312867956266,,0.0,0.0,0.0,0.0,True
145,video_02_frame_000145,False,16,False,0,True,-1,480,747,710,985,0.9380093216896057,False,healthy,0.9206770658493042,0.9206770658493042,0.0793229416012764,False,pink,70.0,0.8920939417448339,,0.0,0.0,0.0,0.0,True
145,video_02_frame_000145,False,12,False,0,True,-1,150,1052,394,1246,0.9283459186553955,False,unhealthy,0.8736779093742371,0.12632213532924652,0.8736779093742371,False,,,,,0.0,0.0,0.0,0.0,True
145,video_02_frame_000145,False,11,False,0,True,-1,320,939,564,1134,0.8663365840911865,False,healthy,0.4082760810852051,0.4082760810852051,0.5917238593101501,False,pink,70.0,0.9815192921836553,,0.0,0.0,0.0,0.0,True
145,video_02_frame_000145,False,14,False,0,True,-1,405,369,541,466,0.8626028895378113,False,healthy,0.9985200762748718,0.9985200762748718,0.0014799287309870124,False,red,100.0,0.9933696930809539,,0.0,0.0,0.0,0.0,True
145,video_02_frame_000145,False,2,False,0,True,-1,31,464,229,656,0.8517828583717346,False,unhealthy,0.8566920161247253,0.14330799877643585,0.8566920161247253,False,,,,,0.0,0.0,0.0,0.0,True
146,video_02_frame_000146,False,13,False,0,True,-1,422,567,618,756,0.9710744023323059,False,unhealthy,0.9998623132705688,0.0001377058360958472,0.9998623132705688,False,,,,,0.0,0.0,0.0,0.0,True
146,video_02_frame_000146,False,6,False,0,True,-1,24,637,265,878,0.9466718435287476,False,healthy,0.8368513584136963,0.8368513584136963,0.1631486415863037,False,pink,70.0,0.8252312867956266,,0.0,0.0,0.0,0.0,True
146,video_02_frame_000146,False,16,False,0,True,-1,477,746,707,984,0.9380093216896057,False,healthy,0.9206770658493042,0.9206770658493042,0.0793229416012764,False,pink,70.0,0.8920939417448339,,0.0,0.0,0.0,0.0,True
146,video_02_frame_000146,False,12,False,0,True,-1,148,1050,392,1244,0.9283459186553955,False,unhealthy,0.8736779093742371,0.12632213532924652,0.8736779093742371,False,,,,,0.0,0.0,0.0,0.0,True
146,video_02_frame_000146,False,11,False,0,True,-1,317,938,561,1133,0.8663365840911865,False,healthy,0.4082760810852051,0.4082760810852051,0.5917238593101501,False,pink,70.0,0.9815192921836553,,0.0,0.0,0.0,0.0,True
146,video_02_frame_000146,False,14,False,0,True,-1,403,370,539,467,0.8626028895378113,False,healthy,0.9985200762748718,0.9985200762748718,0.0014799287309870124,False,red,100.0,0.9933696930809539,,0.0,0.0,0.0,0.0,True
146,video_02_frame_000146,False,2,False,0,True,-1,29,465,227,657,0.8517828583717346,False,unhealthy,0.8566920161247253,0.14330799877643585,0.8566920161247253,False,,,,,0.0,0.0,0.0,0.0,True
147,video_02_frame_000147,False,13,False,0,True,-1,419,567,615,756,0.9710744023323059,False,unhealthy,0.9998623132705688,0.0001377058360958472,0.9998623132705688,False,,,,,0.0,0.0,0.0,0.0,True
147,video_02_frame_000147,False,6,False,0,True,-1,22,638,263,879,0.9466718435287476,False,healthy,0.8368513584136963,0.8368513584136963,0.1631486415863037,False,pink,70.0,0.8252312867956266,,0.0,0.0,0.0,0.0,True
147,video_02_frame_000147,False,16,False,0,True,-1,473,745,703,983,0.9380093216896057,False,healthy,0.9206770658493042,0.9206770658493042,0.0793229416012764,False,pink,70.0,0.8920939417448339,,0.0,0.0,0.0,0.0,True
147,video_02_frame_000147,False,12,False,0,True,-1,145,1049,389,1243,0.9283459186553955,False,unhealthy,0.8736779093742371,0.12632213532924652,0.8736779093742371,False,,,,,0.0,0.0,0.0,0.0,True
147,video_02_frame_000147,False,11,False,0,True,-1,313,937,557,1132,0.8663365840911865,False,healthy,0.4082760810852051,0.4082760810852051,0.5917238593101501,False,pink,70.0,0.9815192921836553,,0.0,0.0,0.0,0.0,True
147,video_02_frame_000147,False,14,False,0,True,-1,400,371,536,468,0.8626028895378113,False,healthy,0.9985200762748718,0.9985200762748718,0.0014799287309870124,False,red,100.0,0.9933696930809539,,0.0,0.0,0.0,0.0,True
147,video_02_frame_000147,False,2,False,0,True,-1,27,466,225,658,0.8517828583717346,False,unhealthy,0.8566920161247253,0.14330799877643585,0.8566920161247253,False,,,,,0.0,0.0,0.0,0.0,True
148,video_02_frame_000148,False,13,False,0,True,-1,416,568,612,757,0.9710744023323059,False,unhealthy,0.9998623132705688,0.0001377058360958472,0.9998623132705688,False,,,,,0.0,0.0,0.0,0.0,True
148,video_02_frame_000148,False,6,False,0,True,-1,20,639,261,880,0.9466718435287476,False,healthy,0.8368513584136963,0.8368513584136963,0.1631486415863037,False,pink,70.0,0.8252312867956266,,0.0,0.0,0.0,0.0,True
148,video_02_frame_000148,False,16,False,0,True,-1,470,744,700,982,0.9380093216896057,False,healthy,0.9206770658493042,0.9206770658493042,0.0793229416012764,False,pink,70.0,0.8920939417448339,,0.0,0.0,0.0,0.0,True
148,video_02_frame_000148,False,12,False,0,True,-1,143,1048,387,1242,0.9283459186553955,False,unhealthy,0.8736779093742371,0.12632213532924652,0.8736779093742371,False,,,,,0.0,0.0,0.0,0.0,True
148,video_02_frame_000148,False,11,False,0,True,-1,309,936,553,1131,0.8663365840911865,False,healthy,0.4082760810852051,0.4082760810852051,0.5917238593101501,False,pink,70.0,0.9815192921836553,,0.0,0.0,0.0,0.0,True
148,video_02_frame_000148,False,14,False,0,True,-1,398,372,534,469,0.8626028895378113,False,healthy,0.9985200762748718,0.9985200762748718,0.0014799287309870124,False,red,100.0,0.9933696930809539,,0.0,0.0,0.0,0.0,True
148,video_02_frame_000148,False,2,False,0,True,-1,25,467,223,659,0.8517828583717346,False,unhealthy,0.8566920161247253,0.14330799877643585,0.8566920161247253,False,,,,,0.0,0.0,0.0,0.0,True
149,video_02_frame_000149,False,13,False,0,True,-1,414,569,610,758,0.9710744023323059,False,unhealthy,0.9998623132705688,0.0001377058360958472,0.9998623132705688,False,,,,,0.0,0.0,0.0,0.0,True
149,video_02_frame_000149,False,6,False,0,True,-1,19,640,260,881,0.9466718435287476,False,healthy,0.8368513584136963,0.8368513584136963,0.1631486415863037,False,pink,70.0,0.8252312867956266,,0.0,0.0,0.0,0.0,True
149,video_02_frame_000149,False,16,False,0,True,-1,467,744,697,982,0.9380093216896057,False,healthy,0.9206770658493042,0.9206770658493042,0.0793229416012764,False,pink,70.0,0.8920939417448339,,0.0,0.0,0.0,0.0,True
149,video_02_frame_000149,False,12,False,0,True,-1,142,1047,386,1241,0.9283459186553955,False,unhealthy,0.8736779093742371,0.12632213532924652,0.8736779093742371,False,,,,,0.0,0.0,0.0,0.0,True
149,video_02_frame_000149,False,11,False,0,True,-1,306,935,550,1130,0.8663365840911865,False,healthy,0.4082760810852051,0.4082760810852051,0.5917238593101501,False,pink,70.0,0.9815192921836553,,0.0,0.0,0.0,0.0,True
149,video_02_frame_000149,False,14,False,0,True,-1,396,374,532,471,0.8626028895378113,False,healthy,0.9985200762748718,0.9985200762748718,0.0014799287309870124,False,red,100.0,0.9933696930809539,,0.0,0.0,0.0,0.0,True
149,video_02_frame_000149,False,2,False,0,True,-1,24,468,222,660,0.8517828583717346,False,unhealthy,0.8566920161247253,0.14330799877643585,0.8566920161247253,False,,,,,0.0,0.0,0.0,0.0,True
150,video_02_frame_000150,False,13,False,0,True,-1,412,570,608,759,0.9710744023323059,False,unhealthy,0.9998623132705688,0.0001377058360958472,0.9998623132705688,False,,,,,0.0,0.0,0.0,0.0,True
150,video_02_frame_000150,False,6,False,0,True,-1,18,641,259,882,0.9466718435287476,False,healthy,0.8368513584136963,0.8368513584136963,0.1631486415863037,False,pink,70.0,0.8252312867956266,,0.0,0.0,0.0,0.0,True
150,video_02_frame_000150,False,16,False,0,True,-1,464,744,694,982,0.9380093216896057,False,healthy,0.9206770658493042,0.9206770658493042,0.0793229416012764,False,pink,70.0,0.8920939417448339,,0.0,0.0,0.0,0.0,True
150,video_02_frame_000150,False,12,False,0,True,-1,141,1047,385,1241,0.9283459186553955,False,unhealthy,0.8736779093742371,0.12632213532924652,0.8736779093742371,False,,,,,0.0,0.0,0.0,0.0,True
150,video_02_frame_000150,False,11,False,0,True,-1,303,935,547,1130,0.8663365840911865,False,healthy,0.4082760810852051,0.4082760810852051,0.5917238593101501,False,pink,70.0,0.9815192921836553,,0.0,0.0,0.0,0.0,True
150,video_02_frame_000150,False,14,False,0,True,-1,394,376,530,473,0.8626028895378113,False,healthy,0.9985200762748718,0.9985200762748718,0.0014799287309870124,False,red,100.0,0.9933696930809539,,0.0,0.0,0.0,0.0,True
150,video_02_frame_000150,False,2,False,0,True,-1,23,469,221,661,0.8517828583717346,False,unhealthy,0.8566920161247253,0.14330799877643585,0.8566920161247253,False,,,,,0.0,0.0,0.0,0.0,True
151,video_02_frame_000151,False,13,False,0,True,-1,410,571,606,760,0.9710744023323059,False,unhealthy,0.9998623132705688,0.0001377058360958472,0.9998623132705688,False,,,,,0.0,0.0,0.0,0.0,True
151,video_02_frame_000151,False,6,False,0,True,-1,16,642,257,883,0.9466718435287476,False,healthy,0.8368513584136963,0.8368513584136963,0.1631486415863037,False,pink,70.0,0.8252312867956266,,0.0,0.0,0.0,0.0,True
151,video_02_frame_000151,False,16,False,0,True,-1,461,744,691,982,0.9380093216896057,False,healthy,0.9206770658493042,0.9206770658493042,0.0793229416012764,False,pink,70.0,0.8920939417448339,,0.0,0.0,0.0,0.0,True
151,video_02_frame_000151,False,12,False,0,True,-1,139,1046,383,1240,0.9283459186553955,False,unhealthy,0.8736779093742371,0.12632213532924652,0.8736779093742371,False,,,,,0.0,0.0,0.0,0.0,True
151,video_02_frame_000151,False,11,False,0,True,-1,300,935,544,1130,0.8663365840911865,False,healthy,0.4082760810852051,0.4082760810852051,0.5917238593101501,False,pink,70.0,0.9815192921836553,,0.0,0.0,0.0,0.0,True
151,video_02_frame_000151,False,14,False,0,True,-1,392,378,528,475,0.8626028895378113,False,healthy,0.9985200762748718,0.9985200762748718,0.0014799287309870124,False,red,100.0,0.9933696930809539,,0.0,0.0,0.0,0.0,True
151,video_02_frame_000151,False,2,False,0,True,-1,21,470,219,662,0.8517828583717346,False,unhealthy,0.8566920161247253,0.14330799877643585,0.8566920161247253,False,,,,,0.0,0.0,0.0,0.0,True
152,video_02_frame_000152,False,13,False,0,True,-1,408,572,604,761,0.9710744023323059,False,unhealthy,0.9998623132705688,0.0001377058360958472,0.9998623132705688,False,,,,,0.0,0.0,0.0,0.0,True
152,video_02_frame_000152,False,6,False,0,True,-1,15,643,256,884,0.9466718435287476,False,healthy,0.8368513584136963,0.8368513584136963,0.1631486415863037,False,pink,70.0,0.8252312867956266,,0.0,0.0,0.0,0.0,True
152,video_02_frame_000152,False,16,False,0,True,-1,459,744,689,982,0.9380093216896057,False,healthy,0.9206770658493042,0.9206770658493042,0.0793229416012764,False,pink,70.0,0.8920939417448339,,0.0,0.0,0.0,0.0,True
152,video_02_frame_000152,False,12,False,0,True,-1,138,1045,382,1239,0.9283459186553955,False,unhealthy,0.8736779093742371,0.12632213532924652,0.8736779093742371,False,,,,,0.0,0.0,0.0,0.0,True
152,video_02_frame_000152,False,11,False,0,True,-1,298,934,542,1129,0.8663365840911865,False,healthy,0.4082760810852051,0.4082760810852051,0.5917238593101501,False,pink,70.0,0.9815192921836553,,0.0,0.0,0.0,0.0,True
152,video_02_frame_000152,False,14,False,0,True,-1,390,379,526,476,0.8626028895378113,False,healthy,0.9985200762748718,0.9985200762748718,0.0014799287309870124,False,red,100.0,0.9933696930809539,,0.0,0.0,0.0,0.0,True
152,video_02_frame_000152,False,2,False,0,True,-1,20,471,218,663,0.8517828583717346,False,unhealthy,0.8566920161247253,0.14330799877643585,0.8566920161247253,False,,,,,0.0,0.0,0.0,0.0,True
153,video_02_frame_000153,False,13,False,0,True,-1,406,572,602,761,0.9710744023323059,False,unhealthy,0.9998623132705688,0.0001377058360958472,0.9998623132705688,False,,,,,0.0,0.0,0.0,0.0,True
153,video_02_frame_000153,False,6,False,0,True,-1,14,644,255,885,0.9466718435287476,False,healthy,0.8368513584136963,0.8368513584136963,0.1631486415863037,False,pink,70.0,0.8252312867956266,,0.0,0.0,0.0,0.0,True
153,video_02_frame_000153,False,16,False,0,True,-1,457,744,687,982,0.9380093216896057,False,healthy,0.9206770658493042,0.9206770658493042,0.0793229416012764,False,pink,70.0,0.8920939417448339,,0.0,0.0,0.0,0.0,True
153,video_02_frame_000153,False,12,False,0,True,-1,137,1044,381,1238,0.9283459186553955,False,unhealthy,0.8736779093742371,0.12632213532924652,0.8736779093742371,False,,,,,0.0,0.0,0.0,0.0,True
153,video_02_frame_000153,False,11,False,0,True,-1,296,934,540,1129,0.8663365840911865,False,healthy,0.4082760810852051,0.4082760810852051,0.5917238593101501,False,pink,70.0,0.9815192921836553,,0.0,0.0,0.0,0.0,True
153,video_02_frame_000153,False,14,False,0,True,-1,389,380,525,477,0.8626028895378113,False,healthy,0.9985200762748718,0.9985200762748718,0.0014799287309870124,False,red,100.0,0.9933696930809539,,0.0,0.0,0.0,0.0,True
153,video_02_frame_000153,False,2,False,0,True,-1,19,472,217,664,0.8517828583717346,False,unhealthy,0.8566920161247253,0.14330799877643585,0.8566920161247253,False,,,,,0.0,0.0,0.0,0.0,True
154,video_02_frame_000154,False,13,False,0,True,-1,404,572,600,761,0.9710744023323059,False,unhealthy,0.9998623132705688,0.0001377058360958472,0.9998623132705688,False,,,,,0.0,0.0,0.0,0.0,True
154,video_02_frame_000154,False,6,False,0,True,-1,13,644,254,885,0.9466718435287476,False,healthy,0.8368513584136963,0.8368513584136963,0.1631486415863037,False,pink,70.0,0.8252312867956266,,0.0,0.0,0.0,0.0,True
154,video_02_frame_000154,False,16,False,0,True,-1,454,743,684,981,0.9380093216896057,False,healthy,0.9206770658493042,0.9206770658493042,0.0793229416012764,False,pink,70.0,0.8920939417448339,,0.0,0.0,0.0,0.0,True
154,video_02_frame_000154,False,12,False,0,True,-1,136,1042,380,1236,0.9283459186553955,False,unhealthy,0.8736779093742371,0.12632213532924652,0.8736779093742371,False,,,,,0.0,0.0,0.0,0.0,True
154,video_02_frame_000154,False,11,False,0,True,-1,293,933,537,1128,0.8663365840911865,False,healthy,0.4082760810852051,0.4082760810852051,0.5917238593101501,False,pink,70.0,0.9815192921836553,,0.0,0.0,0.0,0.0,True
154,video_02_frame_000154,False,14,False,0,True,-1,387,381,523,478,0.8626028895378113,False,healthy,0.9985200762748718,0.9985200762748718,0.0014799287309870124,False,red,100.0,0.9933696930809539,,0.0,0.0,0.0,0.0,True
154,video_02_frame_000154,False,2,False,0,True,-1,18,472,216,664,0.8517828583717346,False,unhealthy,0.8566920161247253,0.14330799877643585,0.8566920161247253,False,,,,,0.0,0.0,0.0,0.0,True
155,video_02_frame_000155,False,13,False,0,True,-1,402,572,598,761,0.9710744023323059,False,unhealthy,0.9998623132705688,0.0001377058360958472,0.9998623132705688,False,,,,,0.0,0.0,0.0,0.0,True
155,video_02_frame_000155,False,6,False,0,True,-1,12,645,253,886,0.9466718435287476,False,healthy,0.8368513584136963,0.8368513584136963,0.1631486415863037,False,pink,70.0,0.8252312867956266,,0.0,0.0,0.0,0.0,True
155,video_02_frame_000155,False,16,False,0,True,-1,452,742,682,980,0.9380093216896057,False,healthy,0.9206770658493042,0.9206770658493042,0.0793229416012764,False,pink,70.0,0.8920939417448339,,0.0,0.0,0.0,0.0,True
155,video_02_frame_000155,False,12,False,0,True,-1,136,1041,380,1235,0.9283459186553955,False,unhealthy,0.8736779093742371,0.12632213532924652,0.8736779093742371,False,,,,,0.0,0.0,0.0,0.0,True
155,video_02_frame_000155,False,11,False,0,True,-1,291,932,535,1127,0.8663365840911865,False,healthy,0.4082760810852051,0.4082760810852051,0.5917238593101501,False,pink,70.0,0.9815192921836553,,0.0,0.0,0.0,0.0,True
155,video_02_frame_000155,False,14,False,0,True,-1,386,382,522,479,0.8626028895378113,False,healthy,0.9985200762748718,0.9985200762748718,0.0014799287309870124,False,red,100.0,0.9933696930809539,,0.0,0.0,0.0,0.0,True
155,video_02_frame_000155,False,2,False,0,True,-1,18,473,216,665,0.8517828583717346,False,unhealthy,0.8566920161247253,0.14330799877643585,0.8566920161247253,False,,,,,0.0,0.0,0.0,0.0,True
156,video_02_frame_000156,True,6,False,12,True,1,19,645,253,876,0.9610676765441895,False,healthy,0.8368513584136963,0.8368513584136963,0.1631486415863037,False,pink,70.0,0.8252312867956266,,0.0,0.0,0.0,0.0,False
156,video_02_frame_000156,True,13,False,5,True,2,404,579,590,758,0.9584841132164001,False,unhealthy,0.9998623132705688,0.0001377058360958472,0.9998623132705688,False,,,,,0.0,0.0,0.0,0.0,False
156,video_02_frame_000156,True,16,False,3,True,3,449,748,690,974,0.9349933862686157,False,healthy,0.9206770658493042,0.9206770658493042,0.0793229416012764,False,pink,70.0,0.8920939417448339,,0.0,0.0,0.0,0.0,False
156,video_02_frame_000156,True,14,False,5,True,4,386,383,520,474,0.9256836175918579,False,healthy,0.9985200762748718,0.9985200762748718,0.0014799287309870124,False,red,100.0,0.9933696930809539,,0.0,0.0,0.0,0.0,False
156,video_02_frame_000156,True,2,False,12,True,5,24,481,213,654,0.9230349659919739,False,unhealthy,0.8566920161247253,0.14330799877643585,0.8566920161247253,False,,,,,0.0,0.0,0.0,0.0,False
156,video_02_frame_000156,True,12,False,6,True,6,138,1043,370,1243,0.854404091835022,False,unhealthy,0.8736779093742371,0.12632213532924652,0.8736779093742371,False,,,,,0.0,0.0,0.0,0.0,False
156,video_02_frame_000156,True,15,False,4,True,7,42,347,207,490,0.8226176500320435,False,healthy,0.9514428377151489,0.9514428377151489,0.04855714365839958,False,pink,70.0,0.8904246794871795,,0.0,0.0,0.0,0.0,False
156,video_02_frame_000156,True,11,False,7,True,8,304,932,520,1124,0.8196776509284973,False,healthy,0.4082760810852051,0.4082760810852051,0.5917238593101501,False,pink,70.0,0.9815192921836553,,0.0,0.0,0.0,0.0,False
157,video_02_frame_000157,False,6,False,0,True,-1,18,646,252,877,0.9610676765441895,False,healthy,0.8368513584136963,0.8368513584136963,0.1631486415863037,False,pink,70.0,0.8252312867956266,,0.0,0.0,0.0,0.0,True
157,video_02_frame_000157,False,13,False,0,True,-1,402,580,588,759,0.9584841132164001,False,unhealthy,0.9998623132705688,0.0001377058360958472,0.9998623132705688,False,,,,,0.0,0.0,0.0,0.0,True
157,video_02_frame_000157,False,16,False,0,True,-1,447,748,688,974,0.9349933862686157,False,healthy,0.9206770658493042,0.9206770658493042,0.0793229416012764,False,pink,70.0,0.8920939417448339,,0.0,0.0,0.0,0.0,True
157,video_02_frame_000157,False,14,False,0,True,-1,385,384,519,475,0.9256836175918579,False,healthy,0.9985200762748718,0.9985200762748718,0.0014799287309870124,False,red,100.0,0.9933696930809539,,0.0,0.0,0.0,0.0,True
157,video_02_frame_000157,False,2,False,0,True,-1,23,482,212,655,0.9230349659919739,False,unhealthy,0.8566920161247253,0.14330799877643585,0.8566920161247253,False,,,,,0.0,0.0,0.0,0.0,True
157,video_02_frame_000157,False,12,False,0,True,-1,137,1043,369,1243,0.854404091835022,False,unhealthy,0.8736779093742371,0.12632213532924652,0.8736779093742371,False,,,,,0.0,0.0,0.0,0.0,True
157,video_02_frame_000157,False,15,False,0,True,-1,41,348,206,491,0.8226176500320435,False,healthy,0.9514428377151489,0.9514428377151489,0.04855714365839958,False,pink,70.0,0.8904246794871795,,0.0,0.0,0.0,0.0,True
157,video_02_frame_000157,False,11,False,0,True,-1,302,932,518,1124,0.8196776509284973,False,healthy,0.4082760810852051,0.4082760810852051,0.5917238593101501,False,pink,70.0,0.9815192921836553,,0.0,0.0,0.0,0.0,True
158,video_02_frame_000158,False,6,False,0,True,-1,18,647,252,878,0.9610676765441895,False,healthy,0.8368513584136963,0.8368513584136963,0.1631486415863037,False,pink,70.0,0.8252312867956266,,0.0,0.0,0.0,0.0,True
158,video_02_frame_000158,False,13,False,0,True,-1,401,581,587,760,0.9584841132164001,False,unhealthy,0.9998623132705688,0.0001377058360958472,0.9998623132705688,False,,,,,0.0,0.0,0.0,0.0,True
158,video_02_frame_000158,False,16,False,0,True,-1,446,749,687,975,0.9349933862686157,False,healthy,0.9206770658493042,0.9206770658493042,0.0793229416012764,False,pink,70.0,0.8920939417448339,,0.0,0.0,0.0,0.0,True
158,video_02_frame_000158,False,14,False,0,True,-1,384,386,518,477,0.9256836175918579,False,healthy,0.9985200762748718,0.9985200762748718,0.0014799287309870124,False,red,100.0,0.9933696930809539,,0.0,0.0,0.0,0.0,True
158,video_02_frame_000158,False,2,False,0,True,-1,23,483,212,656,0.9230349659919739,False,unhealthy,0.8566920161247253,0.14330799877643585,0.8566920161247253,False,,,,,0.0,0.0,0.0,0.0,True
158,video_02_frame_000158,False,12,False,0,True,-1,136,1042,368,1242,0.854404091835022,False,unhealthy,0.8736779093742371,0.12632213532924652,0.8736779093742371,False,,,,,0.0,0.0,0.0,0.0,True
158,video_02_frame_000158,False,15,False,0,True,-1,41,350,206,493,0.8226176500320435,False,healthy,0.9514428377151489,0.9514428377151489,0.04855714365839958,False,pink,70.0,0.8904246794871795,,0.0,0.0,0.0,0.0,True
158,video_02_frame_000158,False,11,False,0,True,-1,301,932,517,1124,0.8196776509284973,False,healthy,0.4082760810852051,0.4082760810852051,0.5917238593101501,False,pink,70.0,0.9815192921836553,,0.0,0.0,0.0,0.0,True
159,video_02_frame_000159,False,6,False,0,True,-1,17,648,251,879,0.9610676765441895,False,healthy,0.8368513584136963,0.8368513584136963,0.1631486415863037,False,pink,70.0,0.8252312867956266,,0.0,0.0,0.0,0.0,True
159,video_02_frame_000159,False,13,False,0,True,-1,399,582,585,761,0.9584841132164001,False,unhealthy,0.9998623132705688,0.0001377058360958472,0.9998623132705688,False,,,,,0.0,0.0,0.0,0.0,True
159,video_02_frame_000159,False,16,False,0,True,-1,444,750,685,976,0.9349933862686157,False,healthy,0.9206770658493042,0.9206770658493042,0.0793229416012764,False,pink,70.0,0.8920939417448339,,0.0,0.0,0.0,0.0,True
159,video_02_frame_000159,False,14,False,0,True,-1,383,387,517,478,0.9256836175918579,False,healthy,0.9985200762748718,0.9985200762748718,0.0014799287309870124,False,red,100.0,0.9933696930809539,,0.0,0.0,0.0,0.0,True
159,video_02_frame_000159,False,2,False,0,True,-1,22,484,211,657,0.9230349659919739,False,unhealthy,0.8566920161247253,0.14330799877643585,0.8566920161247253,False,,,,,0.0,0.0,0.0,0.0,True
159,video_02_frame_000159,False,12,False,0,True,-1,135,1042,367,1242,0.854404091835022,False,unhealthy,0.8736779093742371,0.12632213532924652,0.8736779093742371,False,,,,,0.0,0.0,0.0,0.0,True
159,video_02_frame_000159,False,15,False,0,True,-1,40,352,205,495,0.8226176500320435,False,healthy,0.9514428377151489,0.9514428377151489,0.04855714365839958,False,pink,70.0,0.8904246794871795,,0.0,0.0,0.0,0.0,True
159,video_02_frame_000159,False,11,False,0,True,-1,299,932,515,1124,0.8196776509284973,False,healthy,0.4082760810852051,0.4082760810852051,0.5917238593101501,False,pink,70.0,0.9815192921836553,,0.0,0.0,0.0,0.0,True
160,video_02_frame_000160,False,6,False,0,True,-1,17,649,251,880,0.9610676765441895,False,healthy,0.8368513584136963,0.8368513584136963,0.1631486415863037,False,pink,70.0,0.8252312867956266,,0.0,0.0,0.0,0.0,True
160,video_02_frame_000160,False,13,False,0,True,-1,398,583,584,762,0.9584841132164001,False,unhealthy,0.9998623132705688,0.0001377058360958472,0.9998623132705688,False,,,,,0.0,0.0,0.0,0.0,True
160,video_02_frame_000160,False,16,False,0,True,-1,443,750,684,976,0.9349933862686157,False,healthy,0.9206770658493042,0.9206770658493042,0.0793229416012764,False,pink,70.0,0.8920939417448339,,0.0,0.0,0.0,0.0,True
160,video_02_frame_000160,False,14,False,0,True,-1,383,389,517,480,0.9256836175918579,False,healthy,0.9985200762748718,0.9985200762748718,0.0014799287309870124,False,red,100.0,0.9933696930809539,,0.0,0.0,0.0,0.0,True
160,video_02_frame_000160,False,2,False,0,True,-1,23,485,212,658,0.9230349659919739,False,unhealthy,0.8566920161247253,0.14330799877643585,0.8566920161247253,False,,,,,0.0,0.0,0.0,0.0,True
160,video_02_frame_000160,False,12,False,0,True,-1,135,1042,367,1242,0.854404091835022,False,unhealthy,0.8736779093742371,0.12632213532924652,0.8736779093742371,False,,,,,0.0,0.0,0.0,0.0,True
160,video_02_frame_000160,False,15,False,0,True,-1,40,354,205,497,0.8226176500320435,False,healthy,0.9514428377151489,0.9514428377151489,0.04855714365839958,False,pink,70.0,0.8904246794871795,,0.0,0.0,0.0,0.0,True
160,video_02_frame_000160,False,11,False,0,True,-1,299,932,515,1124,0.8196776509284973,False,healthy,0.4082760810852051,0.4082760810852051,0.5917238593101501,False,pink,70.0,0.9815192921836553,,0.0,0.0,0.0,0.0,True
161,video_02_frame_000161,False,6,False,0,True,-1,17,650,251,881,0.9610676765441895,False,healthy,0.8368513584136963,0.8368513584136963,0.1631486415863037,False,pink,70.0,0.8252312867956266,,0.0,0.0,0.0,0.0,True
161,video_02_frame_000161,False,13,False,0,True,-1,397,584,583,763,0.9584841132164001,False,unhealthy,0.9998623132705688,0.0001377058360958472,0.9998623132705688,False,,,,,0.0,0.0,0.0,0.0,True
161,video_02_frame_000161,False,16,False,0,True,-1,442,750,683,976,0.9349933862686157,False,healthy,0.9206770658493042,0.9206770658493042,0.0793229416012764,False,pink,70.0,0.8920939417448339,,0.0,0.0,0.0,0.0,True
161,video_02_frame_000161,False,14,False,0,True,-1,382,391,516,482,0.9256836175918579,False,healthy,0.9985200762748718,0.9985200762748718,0.0014799287309870124,False,red,100.0,0.9933696930809539,,0.0,0.0,0.0,0.0,True
161,video_02_frame_000161,False,2,False,0,True,-1,24,486,213,659,0.9230349659919739,False,unhealthy,0.8566920161247253,0.14330799877643585,0.8566920161247253,False,,,,,0.0,0.0,0.0,0.0,True
161,video_02_frame_000161,False,12,False,0,True,-1,135,1042,367,1242,0.854404091835022,False,unhealthy,0.8736779093742371,0.12632213532924652,0.8736779093742371,False,,,,,0.0,0.0,0.0,0.0,True
161,video_02_frame_000161,False,15,False,0,True,-1,40,356,205,499,0.8226176500320435,False,healthy,0.9514428377151489,0.9514428377151489,0.04855714365839958,False,pink,70.0,0.8904246794871795,,0.0,0.0,0.0,0.0,True
161,video_02_frame_000161,False,11,False,0,True,-1,298,932,514,1124,0.8196776509284973,False,healthy,0.4082760810852051,0.4082760810852051,0.5917238593101501,False,pink,70.0,0.9815192921836553,,0.0,0.0,0.0,0.0,True
162,video_02_frame_000162,False,6,False,0,True,-1,17,651,251,882,0.9610676765441895,False,healthy,0.8368513584136963,0.8368513584136963,0.1631486415863037,False,pink,70.0,0.8252312867956266,,0.0,0.0,0.0,0.0,True
162,video_02_frame_000162,False,13,False,0,True,-1,396,585,582,764,0.9584841132164001,False,unhealthy,0.9998623132705688,0.0001377058360958472,0.9998623132705688,False,,,,,0.0,0.0,0.0,0.0,True
162,video_02_frame_000162,False,16,False,0,True,-1,441,750,682,976,0.9349933862686157,False,healthy,0.9206770658493042,0.9206770658493042,0.0793229416012764,False,pink,70.0,0.8920939417448339,,0.0,0.0,0.0,0.0,True
162,video_02_frame_000162,False,14,False,0,True,-1,381,392,515,483,0.9256836175918579,False,healthy,0.9985200762748718,0.9985200762748718,0.0014799287309870124,False,red,100.0,0.9933696930809539,,0.0,0.0,0.0,0.0,True
162,video_02_frame_000162,False,2,False,0,True,-1,24,487,213,660,0.9230349659919739,False,unhealthy,0.8566920161247253,0.14330799877643585,0.8566920161247253,False,,,,,0.0,0.0,0.0,0.0,True
162,video_02_frame_000162,False,12,False,0,True,-1,135,1041,367,1241,0.854404091835022,False,unhealthy,0.8736779093742371,0.12632213532924652,0.8736779093742371,False,,,,,0.0,0.0,0.0,0.0,True
162,video_02_frame_000162,False,15,False,0,True,-1,40,358,205,501,0.8226176500320435,False,healthy,0.9514428377151489,0.9514428377151489,0.04855714365839958,False,pink,70.0,0.8904246794871795,,0.0,0.0,0.0,0.0,True
162,video_02_frame_000162,False,11,False,0,True,-1,297,932,513,1124,0.8196776509284973,False,healthy,0.4082760810852051,0.4082760810852051,0.5917238593101501,False,pink,70.0,0.9815192921836553,,0.0,0.0,0.0,0.0,True
