frame_idx,frame_name,detector_ran,track_id,is_new_track,track_hits,reused_previous_result,detection_id,x1,y1,x2,y2,det_score,health_executed,health_label,health_confidence,prob_healthy,prob_unhealthy,maturity_executed,usda_stage,maturity_percent,maturity_confidence,maturity_warning,crop_sec,health_sec,maturity_sec,detection_pipeline_sec,propagated
0,video_02_frame_000000,True,1,True,1,False,1,411,652,623,858,0.9599406123161316,True,healthy,0.9685794711112976,0.9685794711112976,0.031420592218637466,True,red,99.66,0.999,,7.915496826171875e-05,0.0629279613494873,0.4971473217010498,0.5601544380187988,False
0,video_02_frame_000000,True,2,True,1,False,2,500,489,682,679,0.9460235834121704,True,healthy,0.44449979066848755,0.44449979066848755,0.5555001497268677,True,red,98.86,0.992,,5.221366882324219e-05,0.06937766075134277,0.400815486907959,0.470245361328125,False
0,video_02_frame_000000,True,3,True,1,False,3,298,490,500,690,0.9453297853469849,True,healthy,0.9693148732185364,0.9693148732185364,0.030685119330883026,True,red,97.74,0.985,,5.817413330078125e-05,0.06045675277709961,0.3558690547943115,0.4163839817047119,False
0,video_02_frame_000000,True,4,True,1,False,4,576,326,718,464,0.900318443775177,True,healthy,0.9983641505241394,0.9983641505241394,0.0016359012806788087,True,light_red,67.04,0.884,,7.677078247070312e-05,0.057119131088256836,0.14731192588806152,0.20450782775878906,False
0,video_02_frame_000000,True,5,True,1,False,5,615,435,720,596,0.83503258228302,True,healthy,0.9572108387947083,0.9572108387947083,0.042789217084646225,True,red,90.1,0.93,,3.0994415283203125e-05,0.06752967834472656,0.2300562858581543,0.29761695861816406,False
1,video_02_frame_000001,True,1,False,2,True,1,409,652,620,858,0.9522435665130615,False,healthy,0.9685794711112976,0.9685794711112976,0.031420592218637466,False,red,99.66,0.999,,0.0,0.0,0.0,0.0,False
1,video_02_frame_000001,True,2,False,2,True,2,495,493,682,679,0.9493221044540405,False,healthy,0.44449979066848755,0.44449979066848755,0.5555001497268677,False,red,98.86,0.992,,0.0,0.0,0.0,0.0,False
1,video_02_frame_000001,True,3,False,2,True,3,294,494,494,691,0.942955732345581,False,healthy,0.9693148732185364,0.9693148732185364,0.030685119330883026,False,red,97.74,0.985,,0.0,0.0,0.0,0.0,False
1,video_02_frame_000001,True,4,False,2,True,4,573,325,715,464,0.9062612652778625,False,healthy,0.9983641505241394,0.9983641505241394,0.0016359012806788087,False,light_red,67.04,0.884,,0.0,0.0,0.0,0.0,False
1,video_02_frame_000001,True,5,False,2,True,5,613,434,720,598,0.8521724343299866,False,healthy,0.9572108387947083,0.9572108387947083,0.042789217084646225,False,red,90.1,0.93,,0.0,0.0,0.0,0.0,False
2,video_02_frame_000002,True,2,False,3,True,1,492,489,678,680,0.95256108045578,False,healthy,0.44449979066848755,0.44449979066848755,0.5555001497268677,False,red,98.86,0.992,,0.0,0.0,0.0,0.0,False
2,video_02_frame_000002,True,1,False,3,True,2,404,651,616,861,0.9518927335739136,False,healthy,0.9685794711112976,0.9685794711112976,0.031420592218637466,False,red,99.66,0.999,,0.0,0.0,0.0,0.0,False
2,video_02_frame_000002,True,3,False,3,True,3,289,496,489,691,0.9508638978004456,False,healthy,0.9693148732185364,0.9693148732185364,0.030685119330883026,False,red,97.74,0.985,,0.0,0.0,0.0,0.0,False
2,video_02_frame_000002,True,4,False,3,True,4,570,325,716,464,0.8972445130348206,False,healthy,0.9983641505241394,0.9983641505241394,0.0016359012806788087,False,light_red,67.04,0.884,,0.0,0.0,0.0,0.0,False
2,video_02_frame_000002,True,5,False,3,True,5,608,434,720,601,0.8428654074668884,False,healthy,0.9572108387947083,0.9572108387947083,0.042789217084646225,False,red,90.1,0.93,,0.0,0.0,0.0,0.0,False
2,video_02_frame_000002,True,6,True,1,False,6,201,542,316,704,0.8296434879302979,True,healthy,0.9979497790336609,0.9979497790336609,0.0020502011757344007,True,red,95.98,0.973,,6.461143493652344e-05,0.06630802154541016,0.28319406509399414,0.3495666980743408,False
3,video_02_frame_000003,True,1,False,4,True,1,403,652,611,861,0.9564117193222046,False,healthy,0.9685794711112976,0.9685794711112976,0.031420592218637466,False,red,99.66,0.999,,0.0,0.0,0.0,0.0,False
3,video_02_frame_000003,True,2,False,4,True,2,489,490,672,680,0.9555848240852356,False,healthy,0.44449979066848755,0.44449979066848755,0.5555001497268677,False,red,98.86,0.992,,0.0,0.0,0.0,0.0,False
3,video_02_frame_000003,True,3,False,4,True,3,287,496,486,692,0.94476318359375,False,healthy,0.9693148732185364,0.9693148732185364,0.030685119330883026,False,red,97.74,0.985,,0.0,0.0,0.0,0.0,False
3,video_02_frame_000003,True,4,False,4,True,4,568,324,714,463,0.8594740629196167,False,healthy,0.9983641505241394,0.9983641505241394,0.0016359012806788087,False,light_red,67.04,0.884,,0.0,0.0,0.0,0.0,False
3,video_02_frame_000003,True,6,False,2,True,5,198,540,315,701,0.8509198427200317,False,healthy,0.9979497790336609,0.9979497790336609,0.0020502011757344007,False,red,95.98,0.973,,0.0,0.0,0.0,0.0,False
3,video_02_frame_000003,True,5,False,4,True,6,603,436,720,598,0.8336649537086487,False,healthy,0.9572108387947083,0.9572108387947083,0.042789217084646225,False,red,90.1,0.93,,0.0,0.0,0.0,0.0,False
4,video_02_frame_000004,True,1,False,5,True,1,399,653,608,861,0.9599980711936951,False,healthy,0.9685794711112976,0.9685794711112976,0.031420592218637466,False,red,99.66,0.999,,0.0,0.0,0.0,0.0,False
4,video_02_frame_000004,True,2,False,5,True,2,486,490,666,679,0.9517260789871216,False,healthy,0.44449979066848755,0.44449979066848755,0.5555001497268677,False,red,98.86,0.992,,0.0,0.0,0.0,0.0,False
4,video_02_frame_000004,True,3,False,5,True,3,285,495,484,692,0.9431934952735901,False,healthy,0.9693148732185364,0.9693148732185364,0.030685119330883026,False,red,97.74,0.985,,0.0,0.0,0.0,0.0,False
4,video_02_frame_000004,True,4,False,5,True,4,565,324,713,463,0.8531457781791687,False,healthy,0.9983641505241394,0.9983641505241394,0.0016359012806788087,False,light_red,67.04,0.884,,0.0,0.0,0.0,0.0,False
4,video_02_frame_000004,True,5,False,5,True,5,602,435,720,599,0.831239640712738,False,healthy,0.9572108387947083,0.9572108387947083,0.042789217084646225,False,red,90.1,0.93,,0.0,0.0,0.0,0.0,False
4,video_02_frame_000004,True,6,False,3,True,6,195,541,314,705,0.8230676651000977,False,healthy,0.9979497790336609,0.9979497790336609,0.0020502011757344007,False,red,95.98,0.973,,0.0,0.0,0.0,0.0,False
5,video_02_frame_000005,True,1,False,6,True,1,397,654,606,863,0.9595080018043518,False,healthy,0.9685794711112976,0.9685794711112976,0.031420592218637466,False,red,99.66,0.999,,0.0,0.0,0.0,0.0,False
5,video_02_frame_000005,True,2,False,6,True,2,482,494,667,681,0.9564878344535828,False,healthy,0.44449979066848755,0.44449979066848755,0.5555001497268677,False,red,98.86,0.992,,0.0,0.0,0.0,0.0,False
5,video_02_frame_000005,True,3,False,6,True,3,282,492,483,691,0.9388102889060974,False,healthy,0.9693148732185364,0.9693148732185364,0.030685119330883026,False,red,97.74,0.985,,0.0,0.0,0.0,0.0,False
5,video_02_frame_000005,True,4,False,6,True,4,564,324,714,463,0.8525529503822327,False,healthy,0.9983641505241394,0.9983641505241394,0.0016359012806788087,False,light_red,67.04,0.884,,0.0,0.0,0.0,0.0,False
5,video_02_frame_000005,True,5,False,6,True,5,599,436,720,596,0.8470001220703125,False,healthy,0.9572108387947083,0.9572108387947083,0.042789217084646225,False,red,90.1,0.93,,0.0,0.0,0.0,0.0,False
5,video_02_frame_000005,True,6,False,4,True,6,193,540,312,705,0.8417331576347351,False,healthy,0.9979497790336609,0.9979497790336609,0.0020502011757344007,False,red,95.98,0.973,,0.0,0.0,0.0,0.0,False
6,video_02_frame_000006,True,2,False,7,True,1,480,494,664,679,0.9608978033065796,False,healthy,0.44449979066848755,0.44449979066848755,0.5555001497268677,False,red,98.86,0.992,,0.0,0.0,0.0,0.0,False
6,video_02_frame_000006,True,1,False,7,True,2,394,653,603,862,0.9570578336715698,False,healthy,0.9685794711112976,0.9685794711112976,0.031420592218637466,False,red,99.66,0.999,,0.0,0.0,0.0,0.0,False
6,video_02_frame_000006,True,3,False,7,True,3,278,493,481,692,0.94423508644104,False,healthy,0.9693148732185364,0.9693148732185364,0.030685119330883026,False,red,97.74,0.985,,0.0,0.0,0.0,0.0,False
6,video_02_frame_000006,True,5,False,7,True,4,598,434,720,596,0.8612146377563477,False,healthy,0.9572108387947083,0.9572108387947083,0.042789217084646225,False,red,90.1,0.93,,0.0,0.0,0.0,0.0,False
6,video_02_frame_000006,True,4,False,7,True,5,561,323,712,463,0.8397669196128845,False,healthy,0.9983641505241394,0.9983641505241394,0.0016359012806788087,False,light_red,67.04,0.884,,0.0,0.0,0.0,0.0,False
6,video_02_frame_000006,True,6,False,5,True,6,189,541,311,704,0.8362911939620972,False,healthy,0.9979497790336609,0.9979497790336609,0.0020502011757344007,False,red,95.98,0.973,,0.0,0.0,0.0,0.0,False
7,video_02_frame_000007,True,2,False,8,True,1,477,493,661,678,0.9558071494102478,False,healthy,0.44449979066848755,0.44449979066848755,0.5555001497268677,False,red,98.86,0.992,,0.0,0.0,0.0,0.0,False
7,video_02_frame_000007,True,1,False,8,True,2,392,652,600,862,0.9540519714355469,False,healthy,0.9685794711112976,0.9685794711112976,0.031420592218637466,False,red,99.66,0.999,,0.0,0.0,0.0,0.0,False
7,video_02_frame_000007,True,3,False,8,True,3,274,493,479,691,0.9430572986602783,False,healthy,0.9693148732185364,0.9693148732185364,0.030685119330883026,False,red,97.74,0.985,,0.0,0.0,0.0,0.0,False
7,video_02_frame_000007,True,5,False,8,True,4,595,434,720,595,0.8645166158676147,False,healthy,0.9572108387947083,0.9572108387947083,0.042789217084646225,False,red,90.1,0.93,,0.0,0.0,0.0,0.0,False
7,video_02_frame_000007,True,4,False,8,True,5,557,320,715,463,0.8214557766914368,False,healthy,0.9983641505241394,0.9983641505241394,0.0016359012806788087,False,light_red,67.04,0.884,,0.0,0.0,0.0,0.0,False
7,video_02_frame_000007,True,6,False,6,True,6,186,539,301,706,0.8165051937103271,False,healthy,0.9979497790336609,0.9979497790336609,0.0020502011757344007,False,red,95.98,0.973,,0.0,0.0,0.0,0.0,False
8,video_02_frame_000008,True,1,False,9,True,1,388,652,597,861,0.9585132598876953,False,healthy,0.9685794711112976,0.9685794711112976,0.031420592218637466,False,red,99.66,0.999,,0.0,0.0,0.0,0.0,False
8,video_02_frame_000008,True,2,False,9,True,2,475,490,657,679,0.9539123773574829,False,healthy,0.44449979066848755,0.44449979066848755,0.5555001497268677,False,red,98.86,0.992,,0.0,0.0,0.0,0.0,False
8,video_02_frame_000008,True,3,False,9,True,3,271,491,473,690,0.9466248750686646,False,healthy,0.9693148732185364,0.9693148732185364,0.030685119330883026,False,red,97.74,0.985,,0.0,0.0,0.0,0.0,False
8,video_02_frame_000008,True,5,False,9,True,4,589,434,720,594,0.8663655519485474,False,healthy,0.9572108387947083,0.9572108387947083,0.042789217084646225,False,red,90.1,0.93,,0.0,0.0,0.0,0.0,False
8,video_02_frame_000008,True,6,False,7,True,5,181,539,298,706,0.8460016250610352,False,healthy,0.9979497790336609,0.9979497790336609,0.0020502011757344007,False,red,95.98,0.973,,0.0,0.0,0.0,0.0,False
8,video_02_frame_000008,True,4,False,9,True,6,556,320,716,462,0.8431766629219055,False,healthy,0.9983641505241394,0.9983641505241394,0.0016359012806788087,False,light_red,67.04,0.884,,0.0,0.0,0.0,0.0,False
8,video_02_frame_000008,True,7,True,1,False,7,632,567,720,770,0.8227976560592651,True,healthy,0.9831264615058899,0.9831264615058899,0.01687358133494854,True,light_red,83.59,0.729,segmentacion_pobre_o_fondo_excesivo,5.030632019042969e-05,0.05845999717712402,0.15209197998046875,0.2106022834777832,False
9,video_02_frame_000009,True,2,False,10,True,1,470,491,657,678,0.9590337872505188,False,healthy,0.44449979066848755,0.44449979066848755,0.5555001497268677,False,red,98.86,0.992,,0.0,0.0,0.0,0.0,False
9,video_02_frame_000009,True,1,False,10,True,2,381,651,594,861,0.9539448022842407,False,healthy,0.9685794711112976,0.9685794711112976,0.031420592218637466,False,red,99.66,0.999,,0.0,0.0,0.0,0.0,False
9,video_02_frame_000009,True,3,False,10,True,3,268,488,471,690,0.9436770677566528,False,healthy,0.9693148732185364,0.9693148732185364,0.030685119330883026,False,red,97.74,0.985,,0.0,0.0,0.0,0.0,False
9,video_02_frame_000009,True,7,False,2,True,4,629,565,720,770,0.8854181170463562,False,healthy,0.9831264615058899,0.9831264615058899,0.01687358133494854,False,light_red,83.59,0.729,segmentacion_pobre_o_fondo_excesivo,0.0,0.0,0.0,0.0,False
9,video_02_frame_000009,True,5,False,10,True,5,585,433,720,595,0.8634406924247742,False,healthy,0.9572108387947083,0.9572108387947083,0.042789217084646225,False,red,90.1,0.93,,0.0,0.0,0.0,0.0,False
9,video_02_frame_000009,True,4,False,10,True,6,554,319,714,462,0.8274082541465759,False,healthy,0.9983641505241394,0.9983641505241394,0.0016359012806788087,False,light_red,67.04,0.884,,0.0,0.0,0.0,0.0,False
9,video_02_frame_000009,True,6,False,8,True,7,177,538,293,707,0.8146287202835083,False,healthy,0.9979497790336609,0.9979497790336609,0.0020502011757344007,False,red,95.98,0.973,,0.0,0.0,0.0,0.0,False
10,video_02_frame_000010,True,2,False,11,True,1,467,490,655,676,0.9562215805053711,False,healthy,0.44449979066848755,0.44449979066848755,0.5555001497268677,False,red,98.86,0.992,,0.0,0.0,0.0,0.0,False
10,video_02_frame_000010,True,1,False,11,True,2,379,650,590,859,0.9535861611366272,False,healthy,0.9685794711112976,0.9685794711112976,0.031420592218637466,False,red,99.66,0.999,,0.0,0.0,0.0,0.0,False
10,video_02_frame_000010,True,3,False,11,True,3,265,485,469,690,0.9465599060058594,False,healthy,0.9693148732185364,0.9693148732185364,0.030685119330883026,False,red,97.74,0.985,,0.0,0.0,0.0,0.0,False
10,video_02_frame_000010,True,7,False,3,True,4,626,563,720,770,0.9083436131477356,False,healthy,0.9831264615058899,0.9831264615058899,0.01687358133494854,False,light_red,83.59,0.729,segmentacion_pobre_o_fondo_excesivo,0.0,0.0,0.0,0.0,False
10,video_02_frame_000010,True,5,False,11,True,5,584,430,720,594,0.8686415553092957,False,healthy,0.9572108387947083,0.9572108387947083,0.042789217084646225,False,red,90.1,0.93,,0.0,0.0,0.0,0.0,False
10,video_02_frame_000010,True,4,False,11,True,6,550,317,714,461,0.8317438960075378,False,healthy,0.9983641505241394,0.9983641505241394,0.0016359012806788087,False,light_red,67.04,0.884,,0.0,0.0,0.0,0.0,False
10,video_02_frame_000010,True,6,False,9,True,7,174,537,291,705,0.8009751439094543,False,healthy,0.9979497790336609,0.9979497790336609,0.0020502011757344007,False,red,95.98,0.973,,0.0,0.0,0.0,0.0,False
11,video_02_frame_000011,True,1,False,12,True,1,373,650,587,860,0.9568460583686829,False,healthy,0.9685794711112976,0.9685794711112976,0.031420592218637466,False,red,99.66,0.999,,0.0,0.0,0.0,0.0,False
11,video_02_frame_000011,True,2,False,12,True,2,462,486,649,677,0.952252984046936,False,healthy,0.44449979066848755,0.44449979066848755,0.5555001497268677,False,red,98.86,0.992,,0.0,0.0,0.0,0.0,False
11,video_02_frame_000011,True,3,False,12,True,3,259,485,463,690,0.951266884803772,False,healthy,0.9693148732185364,0.9693148732185364,0.030685119330883026,False,red,97.74,0.985,,0.0,0.0,0.0,0.0,False
11,video_02_frame_000011,True,7,False,4,True,4,623,560,720,769,0.8937157392501831,False,healthy,0.9831264615058899,0.9831264615058899,0.01687358133494854,False,light_red,83.59,0.729,segmentacion_pobre_o_fondo_excesivo,0.0,0.0,0.0,0.0,False
11,video_02_frame_000011,True,5,False,12,True,5,581,429,720,593,0.8742275238037109,False,healthy,0.9572108387947083,0.9572108387947083,0.042789217084646225,False,red,90.1,0.93,,0.0,0.0,0.0,0.0,False
11,video_02_frame_000011,True,4,False,12,True,6,547,316,709,460,0.8384369611740112,False,healthy,0.9983641505241394,0.9983641505241394,0.0016359012806788087,False,light_red,67.04,0.884,,0.0,0.0,0.0,0.0,False
11,video_02_frame_000011,True,6,False,10,True,7,168,536,287,703,0.8099558353424072,False,healthy,0.9979497790336609,0.9979497790336609,0.0020502011757344007,False,red,95.98,0.973,,0.0,0.0,0.0,0.0,False
12,video_02_frame_000012,True,2,False,13,True,1,460,484,650,675,0.9566356539726257,False,healthy,0.44449979066848755,0.44449979066848755,0.5555001497268677,False,red,98.86,0.992,,0.0,0.0,0.0,0.0,False
12,video_02_frame_000012,True,1,False,13,True,2,373,647,584,857,0.9559033513069153,False,healthy,0.9685794711112976,0.9685794711112976,0.031420592218637466,False,red,99.66,0.999,,0.0,0.0,0.0,0.0,False
12,video_02_frame_000012,True,3,False,13,True,3,255,479,461,688,0.944426953792572,False,healthy,0.9693148732185364,0.9693148732185364,0.030685119330883026,False,red,97.74,0.985,,0.0,0.0,0.0,0.0,False
12,video_02_frame_000012,True,7,False,5,True,4,621,560,720,769,0.911297082901001,False,healthy,0.9831264615058899,0.9831264615058899,0.01687358133494854,False,light_red,83.59,0.729,segmentacion_pobre_o_fondo_excesivo,0.0,0.0,0.0,0.0,False
12,video_02_frame_000012,True,5,False,13,True,5,580,428,720,585,0.8947805762290955,False,healthy,0.9572108387947083,0.9572108387947083,0.042789217084646225,False,red,90.1,0.93,,0.0,0.0,0.0,0.0,False
12,video_02_frame_000012,True,4,False,13,True,6,546,316,705,458,0.8608942627906799,False,healthy,0.9983641505241394,0.9983641505241394,0.0016359012806788087,False,light_red,67.04,0.884,,0.0,0.0,0.0,0.0,False
13,video_02_frame_000013,True,2,False,14,True,1,458,483,648,676,0.9581747055053711,False,healthy,0.44449979066848755,0.44449979066848755,0.5555001497268677,False,red,98.86,0.992,,0.0,0.0,0.0,0.0,False
13,video_02_frame_000013,True,1,False,14,True,2,368,647,580,857,0.9534012675285339,False,healthy,0.9685794711112976,0.9685794711112976,0.031420592218637466,False,red,99.66,0.999,,0.0,0.0,0.0,0.0,False
13,video_02_frame_000013,True,3,False,14,True,3,254,477,460,689,0.9404054880142212,False,healthy,0.9693148732185364,0.9693148732185364,0.030685119330883026,False,red,97.74,0.985,,0.0,0.0,0.0,0.0,False
13,video_02_frame_000013,True,7,False,6,True,4,619,560,720,770,0.9119415879249573,False,healthy,0.9831264615058899,0.9831264615058899,0.01687358133494854,False,light_red,83.59,0.729,segmentacion_pobre_o_fondo_excesivo,0.0,0.0,0.0,0.0,False
13,video_02_frame_000013,True,5,False,14,True,5,578,427,720,583,0.8983621001243591,False,healthy,0.9572108387947083,0.9572108387947083,0.042789217084646225,False,red,90.1,0.93,,0.0,0.0,0.0,0.0,False
13,video_02_frame_000013,True,4,False,14,True,6,544,315,705,459,0.8657805919647217,False,healthy,0.9983641505241394,0.9983641505241394,0.0016359012806788087,False,light_red,67.04,0.884,,0.0,0.0,0.0,0.0,False
14,video_02_frame_000014,True,1,False,15,True,1,367,647,578,857,0.9586323499679565,False,healthy,0.9685794711112976,0.9685794711112976,0.031420592218637466,False,red,99.66,0.999,,0.0,0.0,0.0,0.0,False
14,video_02_frame_000014,True,2,False,15,True,2,455,486,643,674,0.9537436962127686,False,healthy,0.44449979066848755,0.44449979066848755,0.5555001497268677,False,red,98.86,0.992,,0.0,0.0,0.0,0.0,False
14,video_02_frame_000014,True,3,False,15,True,3,252,478,458,687,0.942211925983429,False,healthy,0.9693148732185364,0.9693148732185364,0.030685119330883026,False,red,97.74,0.985,,0.0,0.0,0.0,0.0,False
14,video_02_frame_000014,True,7,False,7,True,4,618,560,720,770,0.9114061594009399,False,healthy,0.9831264615058899,0.9831264615058899,0.01687358133494854,False,light_red,83.59,0.729,segmentacion_pobre_o_fondo_excesivo,0.0,0.0,0.0,0.0,False
14,video_02_frame_000014,True,5,False,15,True,5,576,428,720,587,0.8948490023612976,False,healthy,0.9572108387947083,0.9572108387947083,0.042789217084646225,False,red,90.1,0.93,,0.0,0.0,0.0,0.0,False
14,video_02_frame_000014,True,4,False,15,True,6,544,314,706,457,0.8534902334213257,False,healthy,0.9983641505241394,0.9983641505241394,0.0016359012806788087,False,light_red,67.04,0.884,,0.0,0.0,0.0,0.0,False
15,video_02_frame_000015,True,1,False,16,True,1,366,647,576,858,0.9638708829879761,False,healthy,0.9685794711112976,0.9685794711112976,0.031420592218637466,False,red,99.66,0.999,,0.0,0.0,0.0,0.0,False
15,video_02_frame_000015,True,2,False,16,True,2,454,486,640,676,0.9582819938659668,False,healthy,0.44449979066848755,0.44449979066848755,0.5555001497268677,False,red,98.86,0.992,,0.0,0.0,0.0,0.0,False
15,video_02_frame_000015,True,3,False,16,True,3,249,478,458,686,0.9523109197616577,False,healthy,0.9693148732185364,0.9693148732185364,0.030685119330883026,False,red,97.74,0.985,,0.0,0.0,0.0,0.0,False
15,video_02_frame_000015,True,7,False,8,True,4,617,558,720,769,0.8947731256484985,False,healthy,0.9831264615058899,0.9831264615058899,0.01687358133494854,False,light_red,83.59,0.729,segmentacion_pobre_o_fondo_excesivo,0.0,0.0,0.0,0.0,False
15,video_02_frame_000015,True,5,False,16,True,5,573,427,720,582,0.890640377998352,False,healthy,0.9572108387947083,0.9572108387947083,0.042789217084646225,False,red,90.1,0.93,,0.0,0.0,0.0,0.0,False
15,video_02_frame_000015,True,4,False,16,True,6,542,313,701,455,0.8438122272491455,False,healthy,0.9983641505241394,0.9983641505241394,0.0016359012806788087,False,light_red,67.04,0.884,,0.0,0.0,0.0,0.0,False
16,video_02_frame_000016,True,2,False,17,True,1,451,484,636,676,0.9625284671783447,False,healthy,0.44449979066848755,0.44449979066848755,0.5555001497268677,False,red,98.86,0.992,,0.0,0.0,0.0,0.0,False
16,video_02_frame_000016,True,3,False,17,True,2,247,482,454,686,0.9559438228607178,False,healthy,0.9693148732185364,0.9693148732185364,0.030685119330883026,False,red,97.74,0.985,,0.0,0.0,0.0,0.0,False
16,video_02_frame_000016,True,1,False,17,True,3,360,647,573,858,0.9551334977149963,False,healthy,0.9685794711112976,0.9685794711112976,0.031420592218637466,False,red,99.66,0.999,,0.0,0.0,0.0,0.0,False
16,video_02_frame_000016,True,7,False,9,True,4,615,557,720,770,0.8971285820007324,False,healthy,0.9831264615058899,0.9831264615058899,0.01687358133494854,False,light_red,83.59,0.729,segmentacion_pobre_o_fondo_excesivo,0.0,0.0,0.0,0.0,False
16,video_02_frame_000016,True,5,False,17,True,5,572,427,718,585,0.8908008933067322,False,healthy,0.9572108387947083,0.9572108387947083,0.042789217084646225,False,red,90.1,0.93,,0.0,0.0,0.0,0.0,False
16,video_02_frame_000016,True,4,False,17,True,6,540,313,693,454,0.8189483284950256,False,healthy,0.9983641505241394,0.9983641505241394,0.0016359012806788087,False,light_red,67.04,0.884,,0.0,0.0,0.0,0.0,False
16,video_02_frame_000016,True,8,True,1,False,7,155,532,279,705,0.801882803440094,True,healthy,0.9994943141937256,0.9994943141937256,0.0005056345835328102,True,red,93.02,0.953,,0.00012254714965820312,0.1571347713470459,0.6553342342376709,0.812591552734375,False
17,video_02_frame_000017,True,2,False,18,True,1,449,483,634,675,0.959890604019165,False,healthy,0.44449979066848755,0.44449979066848755,0.5555001497268677,False,red,98.86,0.992,,0.0,0.0,0.0,0.0,False
17,video_02_frame_000017,True,1,False,18,True,2,360,648,570,859,0.9579402208328247,False,healthy,0.9685794711112976,0.9685794711112976,0.031420592218637466,False,red,99.66,0.999,,0.0,0.0,0.0,0.0,False
17,video_02_frame_000017,True,3,False,18,True,3,242,480,448,685,0.9460834860801697,False,healthy,0.9693148732185364,0.9693148732185364,0.030685119330883026,False,red,97.74,0.985,,0.0,0.0,0.0,0.0,False
17,video_02_frame_000017,True,5,False,18,True,4,569,425,718,584,0.902442455291748,False,healthy,0.9572108387947083,0.9572108387947083,0.042789217084646225,False,red,90.1,0.93,,0.0,0.0,0.0,0.0,False
17,video_02_frame_000017,True,7,False,10,True,5,611,557,720,769,0.8861347436904907,False,healthy,0.9831264615058899,0.9831264615058899,0.01687358133494854,False,light_red,83.59,0.729,segmentacion_pobre_o_fondo_excesivo,0.0,0.0,0.0,0.0,False
17,video_02_frame_000017,True,8,False,2,True,6,154,530,272,703,0.8231409192085266,False,healthy,0.9994943141937256,0.9994943141937256,0.0005056345835328102,False,red,93.02,0.953,,0.0,0.0,0.0,0.0,False
17,video_02_frame_000017,True,4,False,18,True,7,537,311,689,456,0.8117406964302063,False,healthy,0.9983641505241394,0.9983641505241394,0.0016359012806788087,False,light_red,67.04,0.884,,0.0,0.0,0.0,0.0,False
18,video_02_frame_000018,True,2,False,19,True,1,446,482,633,673,0.9609161615371704,False,healthy,0.44449979066848755,0.44449979066848755,0.5555001497268677,False,red,98.86,0.992,,0.0,0.0,0.0,0.0,False
18,video_02_frame_000018,True,1,False,19,True,2,355,648,569,859,0.955544114112854,False,healthy,0.9685794711112976,0.9685794711112976,0.031420592218637466,False,red,99.66,0.999,,0.0,0.0,0.0,0.0,False
18,video_02_frame_000018,True,3,False,19,True,3,238,480,445,687,0.9489812254905701,False,healthy,0.9693148732185364,0.9693148732185364,0.030685119330883026,False,red,97.74,0.985,,0.0,0.0,0.0,0.0,False
18,video_02_frame_000018,True,5,False,19,True,4,566,426,718,579,0.9133883714675903,False,healthy,0.9572108387947083,0.9572108387947083,0.042789217084646225,False,red,90.1,0.93,,0.0,0.0,0.0,0.0,False
18,video_02_frame_000018,True,7,False,11,True,5,606,557,720,769,0.8767951726913452,False,healthy,0.9831264615058899,0.9831264615058899,0.01687358133494854,False,light_red,83.59,0.729,segmentacion_pobre_o_fondo_excesivo,0.0,0.0,0.0,0.0,False
18,video_02_frame_000018,True,4,False,19,True,6,534,310,687,453,0.8025385737419128,False,healthy,0.9983641505241394,0.9983641505241394,0.0016359012806788087,False,light_red,67.04,0.884,,0.0,0.0,0.0,0.0,False
19,video_02_frame_000019,True,1,False,20,True,1,348,648,565,859,0.9590414762496948,False,healthy,0.9685794711112976,0.9685794711112976,0.031420592218637466,False,red,99.66,0.999,,0.0,0.0,0.0,0.0,False
19,video_02_frame_000019,True,2,False,20,True,2,443,483,629,675,0.9562811255455017,False,healthy,0.44449979066848755,0.44449979066848755,0.5555001497268677,False,red,98.86,0.992,,0.0,0.0,0.0,0.0,False
19,video_02_frame_000019,True,3,False,20,True,3,232,483,441,687,0.9508045315742493,False,healthy,0.9693148732185364,0.9693148732185364,0.030685119330883026,False,red,97.74,0.985,,0.0,0.0,0.0,0.0,False
19,video_02_frame_000019,True,5,False,20,True,4,561,425,717,582,0.903928279876709,False,healthy,0.9572108387947083,0.9572108387947083,0.042789217084646225,False,red,90.1,0.93,,0.0,0.0,0.0,0.0,False
19,video_02_frame_000019,True,7,False,12,True,5,601,557,720,770,0.8999999761581421,False,healthy,0.9831264615058899,0.9831264615058899,0.01687358133494854,False,light_red,83.59,0.729,segmentacion_pobre_o_fondo_excesivo,0.0,0.0,0.0,0.0,False
20,video_02_frame_000020,True,2,False,21,True,1,436,483,625,674,0.9596319198608398,False,healthy,0.44449979066848755,0.44449979066848755,0.5555001497268677,False,red,98.86,0.992,,0.0,0.0,0.0,0.0,False
20,video_02_frame_000020,True,1,False,21,True,2,344,649,561,861,0.959479570388794,False,healthy,0.9685794711112976,0.9685794711112976,0.031420592218637466,False,red,99.66,0.999,,0.0,0.0,0.0,0.0,False
20,video_02_frame_000020,True,3,False,21,True,3,227,479,437,689,0.9521920084953308,False,healthy,0.9693148732185364,0.9693148732185364,0.030685119330883026,False,red,97.74,0.985,,0.0,0.0,0.0,0.0,False
20,video_02_frame_000020,True,7,False,13,True,4,597,557,720,767,0.9044596552848816,False,healthy,0.9831264615058899,0.9831264615058899,0.01687358133494854,False,light_red,83.59,0.729,segmentacion_pobre_o_fondo_excesivo,0.0,0.0,0.0,0.0,False
20,video_02_frame_000020,True,5,False,21,True,5,555,423,715,589,0.901095986366272,False,healthy,0.9572108387947083,0.9572108387947083,0.042789217084646225,False,red,90.1,0.93,,0.0,0.0,0.0,0.0,False
20,video_02_frame_000020,True,4,False,20,True,6,526,306,684,453,0.8082479238510132,False,healthy,0.9983641505241394,0.9983641505241394,0.0016359012806788087,False,light_red,67.04,0.884,,0.0,0.0,0.0,0.0,False
21,video_02_frame_000021,True,1,False,22,True,1,344,650,556,860,0.962982714176178,False,healthy,0.9685794711112976,0.9685794711112976,0.031420592218637466,False,red,99.66,0.999,,0.0,0.0,0.0,0.0,False
21,video_02_frame_000021,True,2,False,22,True,2,432,483,622,675,0.95991051197052,False,healthy,0.44449979066848755,0.44449979066848755,0.5555001497268677,False,red,98.86,0.992,,0.0,0.0,0.0,0.0,False
21,video_02_frame_000021,True,3,False,22,True,3,223,476,430,689,0.9474084377288818,False,healthy,0.9693148732185364,0.9693148732185364,0.030685119330883026,False,red,97.74,0.985,,0.0,0.0,0.0,0.0,False
21,video_02_frame_000021,True,7,False,14,True,4,594,556,720,768,0.9111029505729675,False,healthy,0.9831264615058899,0.9831264615058899,0.01687358133494854,False,light_red,83.59,0.729,segmentacion_pobre_o_fondo_excesivo,0.0,0.0,0.0,0.0,False
21,video_02_frame_000021,True,5,False,22,True,5,552,423,716,598,0.887628972530365,False,healthy,0.9572108387947083,0.9572108387947083,0.042789217084646225,False,red,90.1,0.93,,0.0,0.0,0.0,0.0,False
21,video_02_frame_000021,True,8,False,3,True,6,133,529,255,707,0.8016377091407776,False,healthy,0.9994943141937256,0.9994943141937256,0.0005056345835328102,False,red,93.02,0.953,,0.0,0.0,0.0,0.0,False
22,video_02_frame_000022,True,1,False,23,True,1,336,648,552,862,0.960635244846344,False,healthy,0.9685794711112976,0.9685794711112976,0.031420592218637466,False,red,99.66,0.999,,0.0,0.0,0.0,0.0,False
22,video_02_frame_000022,True,2,False,23,True,2,429,482,619,675,0.9577967524528503,False,healthy,0.44449979066848755,0.44449979066848755,0.5555001497268677,False,red,98.86,0.992,,0.0,0.0,0.0,0.0,False
22,video_02_frame_000022,True,3,False,23,True,3,220,478,426,689,0.9505399465560913,False,healthy,0.9693148732185364,0.9693148732185364,0.030685119330883026,False,red,97.74,0.985,,0.0,0.0,0.0,0.0,False
22,video_02_frame_000022,True,7,False,15,True,4,590,556,720,768,0.9117313027381897,False,healthy,0.9831264615058899,0.9831264615058899,0.01687358133494854,False,light_red,83.59,0.729,segmentacion_pobre_o_fondo_excesivo,0.0,0.0,0.0,0.0,False
22,video_02_frame_000022,True,5,False,23,True,5,550,422,716,594,0.885344386100769,False,healthy,0.9572108387947083,0.9572108387947083,0.042789217084646225,False,red,90.1,0.93,,0.0,0.0,0.0,0.0,False
22,video_02_frame_000022,True,8,False,4,True,6,129,530,252,705,0.8382021188735962,False,healthy,0.9994943141937256,0.9994943141937256,0.0005056345835328102,False,red,93.02,0.953,,0.0,0.0,0.0,0.0,False
23,video_02_frame_000023,True,1,False,24,True,1,333,649,547,863,0.9617639183998108,False,healthy,0.9685794711112976,0.9685794711112976,0.031420592218637466,False,red,99.66,0.999,,0.0,0.0,0.0,0.0,False
23,video_02_frame_000023,True,3,False,24,True,2,214,479,424,689,0.9518211483955383,False,healthy,0.9693148732185364,0.9693148732185364,0.030685119330883026,False,red,97.74,0.985,,0.0,0.0,0.0,0.0,False
23,video_02_frame_000023,True,2,False,24,True,3,424,480,614,677,0.9494060277938843,False,healthy,0.44449979066848755,0.44449979066848755,0.5555001497268677,False,red,98.86,0.992,,0.0,0.0,0.0,0.0,False
23,video_02_frame_000023,True,7,False,16,True,4,587,556,720,769,0.9051669836044312,False,healthy,0.9831264615058899,0.9831264615058899,0.01687358133494854,False,light_red,83.59,0.729,segmentacion_pobre_o_fondo_excesivo,0.0,0.0,0.0,0.0,False
23,video_02_frame_000023,True,5,False,24,True,5,547,422,716,596,0.8794549703598022,False,healthy,0.9572108387947083,0.9572108387947083,0.042789217084646225,False,red,90.1,0.93,,0.0,0.0,0.0,0.0,False
23,video_02_frame_000023,True,9,True,1,False,6,135,717,357,935,0.816430926322937,True,unhealthy,0.849858820438385,0.15014111995697021,0.849858820438385,False,,,,,9.107589721679688e-05,0.12804222106933594,0.0,0.12813329696655273,False
24,video_02_frame_000024,True,1,False,25,True,1,328,651,543,864,0.9638813138008118,False,healthy,0.9685794711112976,0.9685794711112976,0.031420592218637466,False,red,99.66,0.999,,0.0,0.0,0.0,0.0,False
24,video_02_frame_000024,True,2,False,25,True,2,420,481,606,676,0.9518756866455078,False,healthy,0.44449979066848755,0.44449979066848755,0.5555001497268677,False,red,98.86,0.992,,0.0,0.0,0.0,0.0,False
24,video_02_frame_000024,True,3,False,25,True,3,209,480,418,688,0.9420154690742493,False,healthy,0.9693148732185364,0.9693148732185364,0.030685119330883026,False,red,97.74,0.985,,0.0,0.0,0.0,0.0,False
24,video_02_frame_000024,True,7,False,17,True,4,584,557,720,768,0.9182267189025879,False,healthy,0.9831264615058899,0.9831264615058899,0.01687358133494854,False,light_red,83.59,0.729,segmentacion_pobre_o_fondo_excesivo,0.0,0.0,0.0,0.0,False
24,video_02_frame_000024,True,5,False,25,True,5,544,422,714,595,0.8927114605903625,False,healthy,0.9572108387947083,0.9572108387947083,0.042789217084646225,False,red,90.1,0.93,,0.0,0.0,0.0,0.0,False
25,video_02_frame_000025,True,1,False,26,True,1,318,652,542,864,0.9657465815544128,False,healthy,0.9685794711112976,0.9685794711112976,0.031420592218637466,False,red,99.66,0.999,,0.0,0.0,0.0,0.0,False
25,video_02_frame_000025,True,2,False,26,True,2,417,480,603,677,0.9535689353942871,False,healthy,0.44449979066848755,0.44449979066848755,0.5555001497268677,False,red,98.86,0.992,,0.0,0.0,0.0,0.0,False
25,video_02_frame_000025,True,3,False,26,True,3,204,481,413,690,0.9304366111755371,False,healthy,0.9693148732185364,0.9693148732185364,0.030685119330883026,False,red,97.74,0.985,,0.0,0.0,0.0,0.0,False
25,video_02_frame_000025,True,7,False,18,True,4,582,557,720,770,0.9194278717041016,False,healthy,0.9831264615058899,0.9831264615058899,0.01687358133494854,False,light_red,83.59,0.729,segmentacion_pobre_o_fondo_excesivo,0.0,0.0,0.0,0.0,False
25,video_02_frame_000025,True,5,False,26,True,5,539,423,713,592,0.8845006823539734,False,healthy,0.9572108387947083,0.9572108387947083,0.042789217084646225,False,red,90.1,0.93,,0.0,0.0,0.0,0.0,False
25,video_02_frame_000025,True,9,False,2,True,6,120,720,352,937,0.8295289278030396,False,unhealthy,0.849858820438385,0.15014111995697021,0.849858820438385,False,,,,,0.0,0.0,0.0,0.0,False
26,video_02_frame_000026,True,1,False,27,True,1,315,652,537,868,0.9686514735221863,False,healthy,0.9685794711112976,0.9685794711112976,0.031420592218637466,False,red,99.66,0.999,,0.0,0.0,0.0,0.0,False
26,video_02_frame_000026,True,2,False,27,True,2,412,480,600,677,0.951483964920044,False,healthy,0.44449979066848755,0.44449979066848755,0.5555001497268677,False,red,98.86,0.992,,0.0,0.0,0.0,0.0,False
26,video_02_frame_000026,True,3,False,27,True,3,197,478,411,690,0.9480150938034058,False,healthy,0.9693148732185364,0.9693148732185364,0.030685119330883026,False,red,97.74,0.985,,0.0,0.0,0.0,0.0,False
26,video_02_frame_000026,True,7,False,19,True,4,577,557,720,769,0.9244962334632874,False,healthy,0.9831264615058899,0.9831264615058899,0.01687358133494854,False,light_red,83.59,0.729,segmentacion_pobre_o_fondo_excesivo,0.0,0.0,0.0,0.0,False
26,video_02_frame_000026,True,5,False,27,True,5,535,422,707,589,0.9033412337303162,False,healthy,0.9572108387947083,0.9572108387947083,0.042789217084646225,False,red,90.1,0.93,,0.0,0.0,0.0,0.0,False
27,video_02_frame_000027,True,1,False,28,True,1,313,649,531,866,0.9719155430793762,False,healthy,0.9685794711112976,0.9685794711112976,0.031420592218637466,False,red,99.66,0.999,,0.0,0.0,0.0,0.0,False
27,video_02_frame_000027,True,2,False,28,True,2,408,480,598,676,0.9609270691871643,False,healthy,0.44449979066848755,0.44449979066848755,0.5555001497268677,False,red,98.86,0.992,,0.0,0.0,0.0,0.0,False
27,video_02_frame_000027,True,3,False,28,True,3,193,476,405,690,0.9387564063072205,False,healthy,0.9693148732185364,0.9693148732185364,0.030685119330883026,False,red,97.74,0.985,,0.0,0.0,0.0,0.0,False
27,video_02_frame_000027,True,7,False,20,True,4,571,556,720,769,0.9195568561553955,False,healthy,0.9831264615058899,0.9831264615058899,0.01687358133494854,False,light_red,83.59,0.729,segmentacion_pobre_o_fondo_excesivo,0.0,0.0,0.0,0.0,False
27,video_02_frame_000027,True,5,False,28,True,5,530,421,704,588,0.9063237309455872,False,healthy,0.9572108387947083,0.9572108387947083,0.042789217084646225,False,red,90.1,0.93,,0.0,0.0,0.0,0.0,False
27,video_02_frame_000027,True,9,False,3,True,6,112,724,341,938,0.8049002289772034,False,unhealthy,0.849858820438385,0.15014111995697021,0.849858820438385,False,,,,,0.0,0.0,0.0,0.0,False
28,video_02_frame_000028,True,1,False,29,True,1,309,647,528,865,0.9699318408966064,False,healthy,0.9685794711112976,0.9685794711112976,0.031420592218637466,False,red,99.66,0.999,,0.0,0.0,0.0,0.0,False
28,video_02_frame_000028,True,2,False,29,True,2,403,479,595,675,0.9696415066719055,False,healthy,0.44449979066848755,0.44449979066848755,0.5555001497268677,False,red,98.86,0.992,,0.0,0.0,0.0,0.0,False
28,video_02_frame_000028,True,3,False,29,True,3,189,475,401,689,0.9497069716453552,False,healthy,0.9693148732185364,0.9693148732185364,0.030685119330883026,False,red,97.74,0.985,,0.0,0.0,0.0,0.0,False
28,video_02_frame_000028,True,7,False,21,True,4,567,555,720,768,0.9209218621253967,False,healthy,0.9831264615058899,0.9831264615058899,0.01687358133494854,False,light_red,83.59,0.729,segmentacion_pobre_o_fondo_excesivo,0.0,0.0,0.0,0.0,False
28,video_02_frame_000028,True,5,False,29,True,5,525,419,699,586,0.898248016834259,False,healthy,0.9572108387947083,0.9572108387947083,0.042789217084646225,False,red,90.1,0.93,,0.0,0.0,0.0,0.0,False
29,video_02_frame_000029,True,1,False,30,True,1,307,647,524,866,0.9690497517585754,False,healthy,0.9685794711112976,0.9685794711112976,0.031420592218637466,False,red,99.66,0.999,,0.0,0.0,0.0,0.0,False
29,video_02_frame_000029,True,2,False,30,True,2,399,477,592,674,0.968376636505127,False,healthy,0.44449979066848755,0.44449979066848755,0.5555001497268677,False,red,98.86,0.992,,0.0,0.0,0.0,0.0,False
29,video_02_frame_000029,True,3,False,30,True,3,184,475,397,687,0.9493061900138855,False,healthy,0.9693148732185364,0.9693148732185364,0.030685119330883026,False,red,97.74,0.985,,0.0,0.0,0.0,0.0,False
29,video_02_frame_000029,True,7,False,22,True,4,562,554,720,768,0.926537036895752,False,healthy,0.9831264615058899,0.9831264615058899,0.01687358133494854,False,light_red,83.59,0.729,segmentacion_pobre_o_fondo_excesivo,0.0,0.0,0.0,0.0,False
29,video_02_frame_000029,True,5,False,30,True,5,521,417,695,588,0.8950889706611633,False,healthy,0.9572108387947083,0.9572108387947083,0.042789217084646225,False,red,90.1,0.93,,0.0,0.0,0.0,0.0,False
30,video_02_frame_000030,True,1,False,31,True,1,302,645,519,866,0.9667588472366333,False,healthy,0.9685794711112976,0.9685794711112976,0.031420592218637466,False,red,99.66,0.999,,0.0,0.0,0.0,0.0,False
30,video_02_frame_000030,True,2,False,31,True,2,394,475,588,673,0.9581611752510071,False,healthy,0.44449979066848755,0.44449979066848755,0.5555001497268677,False,red,98.86,0.992,,0.0,0.0,0.0,0.0,False
30,video_02_frame_000030,True,3,False,31,True,3,179,473,392,684,0.9417972564697266,False,healthy,0.9693148732185364,0.9693148732185364,0.030685119330883026,False,red,97.74,0.985,,0.0,0.0,0.0,0.0,False
30,video_02_frame_000030,True,7,False,23,True,4,559,552,720,766,0.9218165278434753,False,healthy,0.9831264615058899,0.9831264615058899,0.01687358133494854,False,light_red,83.59,0.729,segmentacion_pobre_o_fondo_excesivo,0.0,0.0,0.0,0.0,False
30,video_02_frame_000030,True,5,False,31,True,5,519,415,693,588,0.8886349201202393,False,healthy,0.9572108387947083,0.9572108387947083,0.042789217084646225,False,red,90.1,0.93,,0.0,0.0,0.0,0.0,False
30,video_02_frame_000030,True,10,True,1,False,6,495,296,652,442,0.8108289837837219,True,healthy,0.9652606248855591,0.9652606248855591,0.0347394123673439,True,light_red,67.42,0.884,,5.8650970458984375e-05,0.06440854072570801,0.14733076095581055,0.21179795265197754,False
31,video_02_frame_000031,True,1,False,32,True,1,295,644,514,864,0.9649138450622559,False,healthy,0.9685794711112976,0.9685794711112976,0.031420592218637466,False,red,99.66,0.999,,0.0,0.0,0.0,0.0,False
31,video_02_frame_000031,True,2,False,32,True,2,391,473,585,673,0.9567616581916809,False,healthy,0.44449979066848755,0.44449979066848755,0.5555001497268677,False,red,98.86,0.992,,0.0,0.0,0.0,0.0,False
31,video_02_frame_000031,True,3,False,32,True,3,174,470,390,685,0.9404616951942444,False,healthy,0.9693148732185364,0.9693148732185364,0.030685119330883026,False,red,97.74,0.985,,0.0,0.0,0.0,0.0,False
31,video_02_frame_000031,True,7,False,24,True,4,557,549,720,764,0.9311806559562683,False,healthy,0.9831264615058899,0.9831264615058899,0.01687358133494854,False,light_red,83.59,0.729,segmentacion_pobre_o_fondo_excesivo,0.0,0.0,0.0,0.0,False
31,video_02_frame_000031,True,5,False,32,True,5,519,412,688,588,0.8864706754684448,False,healthy,0.9572108387947083,0.9572108387947083,0.042789217084646225,False,red,90.1,0.93,,0.0,0.0,0.0,0.0,False
31,video_02_frame_000031,True,9,False,4,True,6,94,734,331,934,0.8013450503349304,False,unhealthy,0.849858820438385,0.15014111995697021,0.849858820438385,False,,,,,0.0,0.0,0.0,0.0,False
32,video_02_frame_000032,True,1,False,33,True,1,290,642,510,864,0.9626277685165405,False,healthy,0.9685794711112976,0.9685794711112976,0.031420592218637466,False,red,99.66,0.999,,0.0,0.0,0.0,0.0,False
32,video_02_frame_000032,True,2,False,33,True,2,389,472,578,669,0.9557144641876221,False,healthy,0.44449979066848755,0.44449979066848755,0.5555001497268677,False,red,98.86,0.992,,0.0,0.0,0.0,0.0,False
32,video_02_frame_000032,True,3,False,33,True,3,169,467,387,683,0.9192559719085693,False,healthy,0.9693148732185364,0.9693148732185364,0.030685119330883026,False,red,97.74,0.985,,0.0,0.0,0.0,0.0,False
32,video_02_frame_000032,True,7,False,25,True,4,554,547,720,763,0.9167932868003845,False,healthy,0.9831264615058899,0.9831264615058899,0.01687358133494854,False,light_red,83.59,0.729,segmentacion_pobre_o_fondo_excesivo,0.0,0.0,0.0,0.0,False
32,video_02_frame_000032,True,5,False,33,True,5,515,411,686,586,0.9016676545143127,False,healthy,0.9572108387947083,0.9572108387947083,0.042789217084646225,False,red,90.1,0.93,,0.0,0.0,0.0,0.0,False
32,video_02_frame_000032,True,9,False,5,True,6,89,730,326,933,0.833880603313446,False,unhealthy,0.849858820438385,0.15014111995697021,0.849858820438385,False,,,,,0.0,0.0,0.0,0.0,False
32,video_02_frame_000032,True,11,True,1,False,7,88,656,293,780,0.8169020414352417,True,healthy,0.995745837688446,0.995745837688446,0.004254138562828302,True,red,93.48,0.953,,5.936622619628906e-05,0.059479713439941406,0.34740233421325684,0.40694141387939453,False
33,video_02_frame_000033,True,1,False,34,True,1,286,642,507,862,0.95841383934021,False,healthy,0.9685794711112976,0.9685794711112976,0.031420592218637466,False,red,99.66,0.999,,0.0,0.0,0.0,0.0,False
33,video_02_frame_000033,True,2,False,34,True,2,386,470,574,668,0.9562755823135376,False,healthy,0.44449979066848755,0.44449979066848755,0.5555001497268677,False,red,98.86,0.992,,0.0,0.0,0.0,0.0,False
33,video_02_frame_000033,True,3,False,34,True,3,163,467,382,682,0.9196410775184631,False,healthy,0.9693148732185364,0.9693148732185364,0.030685119330883026,False,red,97.74,0.985,,0.0,0.0,0.0,0.0,False
33,video_02_frame_000033,True,7,False,26,True,4,551,545,720,761,0.9188678860664368,False,healthy,0.9831264615058899,0.9831264615058899,0.01687358133494854,False,light_red,83.59,0.729,segmentacion_pobre_o_fondo_excesivo,0.0,0.0,0.0,0.0,False
33,video_02_frame_000033,True,5,False,34,True,5,514,407,683,579,0.9038689732551575,False,healthy,0.9572108387947083,0.9572108387947083,0.042789217084646225,False,red,90.1,0.93,,0.0,0.0,0.0,0.0,False
33,video_02_frame_000033,True,9,False,6,True,6,79,714,314,941,0.8374084234237671,False,unhealthy,0.849858820438385,0.15014111995697021,0.849858820438385,False,,,,,0.0,0.0,0.0,0.0,False
33,video_02_frame_000033,True,12,True,1,False,7,72,524,197,697,0.8009431958198547,True,healthy,0.9976492524147034,0.9976492524147034,0.002350802766159177,True,red,92.94,0.949,,6.890296936035156e-05,0.08845329284667969,0.35997533798217773,0.4484975337982178,False
33,video_02_frame_000033,True,11,False,2,True,8,82,653,290,787,0.800926148891449,False,healthy,0.995745837688446,0.995745837688446,0.004254138562828302,False,red,93.48,0.953,,0.0,0.0,0.0,0.0,False
34,video_02_frame_000034,True,1,False,35,True,1,289,641,506,865,0.9644590020179749,False,healthy,0.9685794711112976,0.9685794711112976,0.031420592218637466,False,red,99.66,0.999,,0.0,0.0,0.0,0.0,False
34,video_02_frame_000034,True,2,False,35,True,2,381,469,571,667,0.9567307829856873,False,healthy,0.44449979066848755,0.44449979066848755,0.5555001497268677,False,red,98.86,0.992,,0.0,0.0,0.0,0.0,False
34,video_02_frame_000034,True,3,False,35,True,3,160,466,379,681,0.936357319355011,False,healthy,0.9693148732185364,0.9693148732185364,0.030685119330883026,False,red,97.74,0.985,,0.0,0.0,0.0,0.0,False
34,video_02_frame_000034,True,7,False,27,True,4,548,543,720,759,0.9238107204437256,False,healthy,0.9831264615058899,0.9831264615058899,0.01687358133494854,False,light_red,83.59,0.729,segmentacion_pobre_o_fondo_excesivo,0.0,0.0,0.0,0.0,False
34,video_02_frame_000034,True,5,False,35,True,5,509,406,680,580,0.9122077822685242,False,healthy,0.9572108387947083,0.9572108387947083,0.042789217084646225,False,red,90.1,0.93,,0.0,0.0,0.0,0.0,False
34,video_02_frame_000034,True,9,False,7,True,6,77,714,308,942,0.8427352905273438,False,unhealthy,0.849858820438385,0.15014111995697021,0.849858820438385,False,,,,,0.0,0.0,0.0,0.0,False
34,video_02_frame_000034,True,10,False,2,True,7,483,288,639,436,0.8134010434150696,False,healthy,0.9652606248855591,0.9652606248855591,0.0347394123673439,False,light_red,67.42,0.884,,0.0,0.0,0.0,0.0,False
35,video_02_frame_000035,True,1,False,36,True,1,283,640,505,862,0.9742321968078613,False,healthy,0.9685794711112976,0.9685794711112976,0.031420592218637466,False,red,99.66,0.999,,0.0,0.0,0.0,0.0,False
35,video_02_frame_000035,True,2,False,36,True,2,377,467,569,666,0.962176501750946,False,healthy,0.44449979066848755,0.44449979066848755,0.5555001497268677,False,red,98.86,0.992,,0.0,0.0,0.0,0.0,False
35,video_02_frame_000035,True,3,False,36,True,3,159,480,378,681,0.9383537769317627,False,healthy,0.9693148732185364,0.9693148732185364,0.030685119330883026,False,red,97.74,0.985,,0.0,0.0,0.0,0.0,False
35,video_02_frame_000035,True,7,False,28,True,4,543,542,720,759,0.9206287264823914,False,healthy,0.9831264615058899,0.9831264615058899,0.01687358133494854,False,light_red,83.59,0.729,segmentacion_pobre_o_fondo_excesivo,0.0,0.0,0.0,0.0,False
35,video_02_frame_000035,True,5,False,36,True,5,508,406,677,581,0.9113640189170837,False,healthy,0.9572108387947083,0.9572108387947083,0.042789217084646225,False,red,90.1,0.93,,0.0,0.0,0.0,0.0,False
35,video_02_frame_000035,True,11,False,3,True,6,83,651,273,771,0.8114038109779358,False,healthy,0.995745837688446,0.995745837688446,0.004254138562828302,False,red,93.48,0.953,,0.0,0.0,0.0,0.0,False
35,video_02_frame_000035,True,9,False,8,True,7,73,731,306,943,0.8081116676330566,False,unhealthy,0.849858820438385,0.15014111995697021,0.849858820438385,False,,,,,0.0,0.0,0.0,0.0,False
35,video_02_frame_000035,True,10,False,3,True,8,482,285,639,434,0.8049170970916748,False,healthy,0.9652606248855591,0.9652606248855591,0.0347394123673439,False,light_red,67.42,0.884,,0.0,0.0,0.0,0.0,False
36,video_02_frame_000036,True,1,False,37,True,1,276,639,502,864,0.9803810715675354,False,healthy,0.9685794711112976,0.9685794711112976,0.031420592218637466,False,red,99.66,0.999,,0.0,0.0,0.0,0.0,False
36,video_02_frame_000036,True,2,False,37,True,2,372,467,568,665,0.9704729318618774,False,healthy,0.44449979066848755,0.44449979066848755,0.5555001497268677,False,red,98.86,0.992,,0.0,0.0,0.0,0.0,False
36,video_02_frame_000036,True,3,False,37,True,3,155,475,374,680,0.9583480954170227,False,healthy,0.9693148732185364,0.9693148732185364,0.030685119330883026,False,red,97.74,0.985,,0.0,0.0,0.0,0.0,False
36,video_02_frame_000036,True,7,False,29,True,4,539,541,720,759,0.9411835670471191,False,healthy,0.9831264615058899,0.9831264615058899,0.01687358133494854,False,light_red,83.59,0.729,segmentacion_pobre_o_fondo_excesivo,0.0,0.0,0.0,0.0,False
36,video_02_frame_000036,True,5,False,37,True,5,504,404,672,579,0.9149490594863892,False,healthy,0.9572108387947083,0.9572108387947083,0.042789217084646225,False,red,90.1,0.93,,0.0,0.0,0.0,0.0,False
36,video_02_frame_000036,True,9,False,9,True,6,69,736,302,948,0.8273165822029114,False,unhealthy,0.849858820438385,0.15014111995697021,0.849858820438385,False,,,,,0.0,0.0,0.0,0.0,False
36,video_02_frame_000036,True,10,False,4,True,7,479,285,637,434,0.8104878067970276,False,healthy,0.9652606248855591,0.9652606248855591,0.0347394123673439,False,light_red,67.42,0.884,,0.0,0.0,0.0,0.0,False
37,video_02_frame_000037,True,1,False,38,True,1,271,639,499,865,0.9827971458435059,False,healthy,0.9685794711112976,0.9685794711112976,0.031420592218637466,False,red,99.66,0.999,,0.0,0.0,0.0,0.0,False
37,video_02_frame_000037,True,2,False,38,True,2,368,466,564,667,0.9757410883903503,False,healthy,0.44449979066848755,0.44449979066848755,0.5555001497268677,False,red,98.86,0.992,,0.0,0.0,0.0,0.0,False
37,video_02_frame_000037,True,3,False,38,True,3,148,474,368,680,0.954561710357666,False,healthy,0.9693148732185364,0.9693148732185364,0.030685119330883026,False,red,97.74,0.985,,0.0,0.0,0.0,0.0,False
37,video_02_frame_000037,True,7,False,30,True,4,535,542,720,760,0.9503397345542908,False,healthy,0.9831264615058899,0.9831264615058899,0.01687358133494854,False,light_red,83.59,0.729,segmentacion_pobre_o_fondo_excesivo,0.0,0.0,0.0,0.0,False
37,video_02_frame_000037,True,5,False,38,True,5,498,405,668,578,0.9227421283721924,False,healthy,0.9572108387947083,0.9572108387947083,0.042789217084646225,False,red,90.1,0.93,,0.0,0.0,0.0,0.0,False
37,video_02_frame_000037,True,11,False,4,True,6,66,651,273,772,0.846399188041687,False,healthy,0.995745837688446,0.995745837688446,0.004254138562828302,False,red,93.48,0.953,,0.0,0.0,0.0,0.0,False
37,video_02_frame_000037,True,12,False,2,True,7,53,518,178,698,0.834419846534729,False,healthy,0.9976492524147034,0.9976492524147034,0.002350802766159177,False,red,92.94,0.949,,0.0,0.0,0.0,0.0,False
38,video_02_frame_000038,True,1,False,39,True,1,264,640,492,866,0.9813732504844666,False,healthy,0.9685794711112976,0.9685794711112976,0.031420592218637466,False,red,99.66,0.999,,0.0,0.0,0.0,0.0,False
38,video_02_frame_000038,True,2,False,39,True,2,364,465,561,668,0.9684532880783081,False,healthy,0.44449979066848755,0.44449979066848755,0.5555001497268677,False,red,98.86,0.992,,0.0,0.0,0.0,0.0,False
38,video_02_frame_000038,True,3,False,39,True,3,144,471,364,683,0.9520050883293152,False,healthy,0.9693148732185364,0.9693148732185364,0.030685119330883026,False,red,97.74,0.985,,0.0,0.0,0.0,0.0,False
38,video_02_frame_000038,True,7,False,31,True,4,532,543,720,761,0.9501213431358337,False,healthy,0.9831264615058899,0.9831264615058899,0.01687358133494854,False,light_red,83.59,0.729,segmentacion_pobre_o_fondo_excesivo,0.0,0.0,0.0,0.0,False
38,video_02_frame_000038,True,5,False,39,True,5,495,404,667,578,0.9141741394996643,False,healthy,0.9572108387947083,0.9572108387947083,0.042789217084646225,False,red,90.1,0.93,,0.0,0.0,0.0,0.0,False
38,video_02_frame_000038,True,11,False,5,True,6,67,654,264,767,0.837347686290741,False,healthy,0.995745837688446,0.995745837688446,0.004254138562828302,False,red,93.48,0.953,,0.0,0.0,0.0,0.0,False
38,video_02_frame_000038,True,9,False,10,True,7,53,734,297,940,0.8070269823074341,False,unhealthy,0.849858820438385,0.15014111995697021,0.849858820438385,False,,,,,0.0,0.0,0.0,0.0,False
39,video_02_frame_000039,True,1,False,40,True,1,260,640,486,867,0.9808521866798401,False,healthy,0.9685794711112976,0.9685794711112976,0.031420592218637466,False,red,99.66,0.999,,0.0,0.0,0.0,0.0,False
39,video_02_frame_000039,True,2,False,40,True,2,360,464,556,669,0.9673315286636353,False,healthy,0.44449979066848755,0.44449979066848755,0.5555001497268677,False,red,98.86,0.992,,0.0,0.0,0.0,0.0,False
39,video_02_frame_000039,True,3,False,40,True,3,140,476,359,682,0.9451794028282166,False,healthy,0.9693148732185364,0.9693148732185364,0.030685119330883026,False,red,97.74,0.985,,0.0,0.0,0.0,0.0,False
39,video_02_frame_000039,True,7,False,32,True,4,527,543,720,762,0.9310474395751953,False,healthy,0.9831264615058899,0.9831264615058899,0.01687358133494854,False,light_red,83.59,0.729,segmentacion_pobre_o_fondo_excesivo,0.0,0.0,0.0,0.0,False
39,video_02_frame_000039,True,5,False,40,True,5,491,405,663,581,0.8970726728439331,False,healthy,0.9572108387947083,0.9572108387947083,0.042789217084646225,False,red,90.1,0.93,,0.0,0.0,0.0,0.0,False
39,video_02_frame_000039,True,12,False,3,True,6,46,523,168,692,0.8187025189399719,False,healthy,0.9976492524147034,0.9976492524147034,0.002350802766159177,False,red,92.94,0.949,,0.0,0.0,0.0,0.0,False
39,video_02_frame_000039,True,11,False,6,True,7,56,654,267,783,0.809259295463562,False,healthy,0.995745837688446,0.995745837688446,0.004254138562828302,False,red,93.48,0.953,,0.0,0.0,0.0,0.0,False
39,video_02_frame_000039,True,10,False,5,True,8,468,284,624,432,0.8016085028648376,False,healthy,0.9652606248855591,0.9652606248855591,0.0347394123673439,False,light_red,67.42,0.884,,0.0,0.0,0.0,0.0,False
40,video_02_frame_000040,True,1,False,41,True,1,257,640,483,869,0.9824885129928589,False,healthy,0.9685794711112976,0.9685794711112976,0.031420592218637466,False,red,99.66,0.999,,0.0,0.0,0.0,0.0,False
40,video_02_frame_000040,True,2,False,41,True,2,356,464,553,670,0.9656350612640381,False,healthy,0.44449979066848755,0.44449979066848755,0.5555001497268677,False,red,98.86,0.992,,0.0,0.0,0.0,0.0,False
40,video_02_frame_000040,True,3,False,41,True,3,135,475,355,683,0.950377881526947,False,healthy,0.9693148732185364,0.9693148732185364,0.030685119330883026,False,red,97.74,0.985,,0.0,0.0,0.0,0.0,False
40,video_02_frame_000040,True,7,False,33,True,4,525,543,720,763,0.9473026990890503,False,healthy,0.9831264615058899,0.9831264615058899,0.01687358133494854,False,light_red,83.59,0.729,segmentacion_pobre_o_fondo_excesivo,0.0,0.0,0.0,0.0,False
40,video_02_frame_000040,True,5,False,41,True,5,489,404,659,576,0.9134132266044617,False,healthy,0.9572108387947083,0.9572108387947083,0.042789217084646225,False,red,90.1,0.93,,0.0,0.0,0.0,0.0,False
40,video_02_frame_000040,True,11,False,7,True,6,56,654,259,776,0.8362672924995422,False,healthy,0.995745837688446,0.995745837688446,0.004254138562828302,False,red,93.48,0.953,,0.0,0.0,0.0,0.0,False
40,video_02_frame_000040,True,10,False,6,True,7,466,282,622,431,0.8243387341499329,False,healthy,0.9652606248855591,0.9652606248855591,0.0347394123673439,False,light_red,67.42,0.884,,0.0,0.0,0.0,0.0,False
40,video_02_frame_000040,True,12,False,4,True,8,40,519,165,697,0.8118473291397095,False,healthy,0.9976492524147034,0.9976492524147034,0.002350802766159177,False,red,92.94,0.949,,0.0,0.0,0.0,0.0,False
41,video_02_frame_000041,True,1,False,42,True,1,253,640,477,871,0.977993369102478,False,healthy,0.9685794711112976,0.9685794711112976,0.031420592218637466,False,red,99.66,0.999,,0.0,0.0,0.0,0.0,False
41,video_02_frame_000041,True,2,False,42,True,2,352,466,546,670,0.9654467105865479,False,healthy,0.44449979066848755,0.44449979066848755,0.5555001497268677,False,red,98.86,0.992,,0.0,0.0,0.0,0.0,False
41,video_02_frame_000041,True,3,False,42,True,3,132,479,348,684,0.9440674781799316,False,healthy,0.9693148732185364,0.9693148732185364,0.030685119330883026,False,red,97.74,0.985,,0.0,0.0,0.0,0.0,False
41,video_02_frame_000041,True,7,False,34,True,4,521,543,720,764,0.943727433681488,False,healthy,0.9831264615058899,0.9831264615058899,0.01687358133494854,False,light_red,83.59,0.729,segmentacion_pobre_o_fondo_excesivo,0.0,0.0,0.0,0.0,False
41,video_02_frame_000041,True,5,False,42,True,5,485,403,657,577,0.901107668876648,False,healthy,0.9572108387947083,0.9572108387947083,0.042789217084646225,False,red,90.1,0.93,,0.0,0.0,0.0,0.0,False
41,video_02_frame_000041,True,11,False,8,True,6,50,655,251,777,0.8653465509414673,False,healthy,0.995745837688446,0.995745837688446,0.004254138562828302,False,red,93.48,0.953,,0.0,0.0,0.0,0.0,False
41,video_02_frame_000041,True,10,False,7,True,7,463,281,619,430,0.852135956287384,False,healthy,0.9652606248855591,0.9652606248855591,0.0347394123673439,False,light_red,67.42,0.884,,0.0,0.0,0.0,0.0,False
41,video_02_frame_000041,True,12,False,5,True,8,36,525,161,696,0.8126665949821472,False,healthy,0.9976492524147034,0.9976492524147034,0.002350802766159177,False,red,92.94,0.949,,0.0,0.0,0.0,0.0,False
42,video_02_frame_000042,True,1,False,43,True,1,249,639,473,870,0.9782378673553467,False,healthy,0.9685794711112976,0.9685794711112976,0.031420592218637466,False,red,99.66,0.999,,0.0,0.0,0.0,0.0,False
42,video_02_frame_000042,True,2,False,43,True,2,348,465,542,671,0.9650054574012756,False,healthy,0.44449979066848755,0.44449979066848755,0.5555001497268677,False,red,98.86,0.992,,0.0,0.0,0.0,0.0,False
42,video_02_frame_000042,True,7,False,35,True,3,515,542,720,765,0.9477620720863342,False,healthy,0.9831264615058899,0.9831264615058899,0.01687358133494854,False,light_red,83.59,0.729,segmentacion_pobre_o_fondo_excesivo,0.0,0.0,0.0,0.0,False
42,video_02_frame_000042,True,3,False,43,True,4,124,481,342,683,0.9451863169670105,False,healthy,0.9693148732185364,0.9693148732185364,0.030685119330883026,False,red,97.74,0.985,,0.0,0.0,0.0,0.0,False
42,video_02_frame_000042,True,5,False,43,True,5,481,402,653,581,0.9082783460617065,False,healthy,0.9572108387947083,0.9572108387947083,0.042789217084646225,False,red,90.1,0.93,,0.0,0.0,0.0,0.0,False
43,video_02_frame_000043,True,1,False,44,True,1,241,642,468,874,0.9794766306877136,False,healthy,0.9685794711112976,0.9685794711112976,0.031420592218637466,False,red,99.66,0.999,,0.0,0.0,0.0,0.0,False
43,video_02_frame_000043,True,2,False,44,True,2,341,464,538,668,0.9671091437339783,False,healthy,0.44449979066848755,0.44449979066848755,0.5555001497268677,False,red,98.86,0.992,,0.0,0.0,0.0,0.0,False
43,video_02_frame_000043,True,7,False,36,True,3,508,541,720,764,0.9542373418807983,False,healthy,0.9831264615058899,0.9831264615058899,0.01687358133494854,False,light_red,83.59,0.729,segmentacion_pobre_o_fondo_excesivo,0.0,0.0,0.0,0.0,False
43,video_02_frame_000043,True,3,False,44,True,4,116,477,334,682,0.9405398368835449,False,healthy,0.9693148732185364,0.9693148732185364,0.030685119330883026,False,red,97.74,0.985,,0.0,0.0,0.0,0.0,False
43,video_02_frame_000043,True,5,False,44,True,5,478,399,648,571,0.9150786995887756,False,healthy,0.9572108387947083,0.9572108387947083,0.042789217084646225,False,red,90.1,0.93,,0.0,0.0,0.0,0.0,False
44,video_02_frame_000044,True,1,False,45,True,1,235,641,463,877,0.9750648736953735,False,healthy,0.9685794711112976,0.9685794711112976,0.031420592218637466,False,red,99.66,0.999,,0.0,0.0,0.0,0.0,False
44,video_02_frame_000044,True,2,False,45,True,2,334,462,536,667,0.9699225425720215,False,healthy,0.44449979066848755,0.44449979066848755,0.5555001497268677,False,red,98.86,0.992,,0.0,0.0,0.0,0.0,False
44,video_02_frame_000044,True,7,False,37,True,3,503,539,720,763,0.9536118507385254,False,healthy,0.9831264615058899,0.9831264615058899,0.01687358133494854,False,light_red,83.59,0.729,segmentacion_pobre_o_fondo_excesivo,0.0,0.0,0.0,0.0,False
44,video_02_frame_000044,True,3,False,45,True,4,109,474,331,680,0.9280369877815247,False,healthy,0.9693148732185364,0.9693148732185364,0.030685119330883026,False,red,97.74,0.985,,0.0,0.0,0.0,0.0,False
44,video_02_frame_000044,True,5,False,45,True,5,474,399,643,565,0.9212780594825745,False,healthy,0.9572108387947083,0.9572108387947083,0.042789217084646225,False,red,90.1,0.93,,0.0,0.0,0.0,0.0,False
45,video_02_frame_000045,True,1,False,46,True,1,230,641,456,877,0.9710018038749695,False,healthy,0.9685794711112976,0.9685794711112976,0.031420592218637466,False,red,99.66,0.999,,0.0,0.0,0.0,0.0,False
45,video_02_frame_000045,True,2,False,46,True,2,330,459,531,668,0.9653137922286987,False,healthy,0.44449979066848755,0.44449979066848755,0.5555001497268677,False,red,98.86,0.992,,0.0,0.0,0.0,0.0,False
45,video_02_frame_000045,True,7,False,38,True,3,501,537,720,762,0.9482690691947937,False,healthy,0.9831264615058899,0.9831264615058899,0.01687358133494854,False,light_red,83.59,0.729,segmentacion_pobre_o_fondo_excesivo,0.0,0.0,0.0,0.0,False
45,video_02_frame_000045,True,3,False,46,True,4,102,474,328,682,0.919751763343811,False,healthy,0.9693148732185364,0.9693148732185364,0.030685119330883026,False,red,97.74,0.985,,0.0,0.0,0.0,0.0,False
45,video_02_frame_000045,True,5,False,46,True,5,468,399,640,572,0.897002637386322,False,healthy,0.9572108387947083,0.9572108387947083,0.042789217084646225,False,red,90.1,0.93,,0.0,0.0,0.0,0.0,False
45,video_02_frame_000045,True,11,False,9,True,6,29,651,231,775,0.8397042751312256,False,healthy,0.995745837688446,0.995745837688446,0.004254138562828302,False,red,93.48,0.953,,0.0,0.0,0.0,0.0,False
46,video_02_frame_000046,True,2,False,47,True,1,326,459,526,668,0.9688629508018494,False,healthy,0.44449979066848755,0.44449979066848755,0.5555001497268677,False,red,98.86,0.992,,0.0,0.0,0.0,0.0,False
46,video_02_frame_000046,True,1,False,47,True,2,228,640,453,879,0.9662348031997681,False,healthy,0.9685794711112976,0.9685794711112976,0.031420592218637466,False,red,99.66,0.999,,0.0,0.0,0.0,0.0,False
46,video_02_frame_000046,True,7,False,39,True,3,494,537,717,766,0.9574924111366272,False,healthy,0.9831264615058899,0.9831264615058899,0.01687358133494854,False,light_red,83.59,0.729,segmentacion_pobre_o_fondo_excesivo,0.0,0.0,0.0,0.0,False
46,video_02_frame_000046,True,3,False,47,True,4,97,479,326,683,0.9282029271125793,False,healthy,0.9693148732185364,0.9693148732185364,0.030685119330883026,False,red,97.74,0.985,,0.0,0.0,0.0,0.0,False
46,video_02_frame_000046,True,5,False,47,True,5,462,397,635,566,0.9171525239944458,False,healthy,0.9572108387947083,0.9572108387947083,0.042789217084646225,False,red,90.1,0.93,,0.0,0.0,0.0,0.0,False
46,video_02_frame_000046,True,11,False,10,True,6,16,651,223,776,0.8517016768455505,False,healthy,0.995745837688446,0.995745837688446,0.004254138562828302,False,red,93.48,0.953,,0.0,0.0,0.0,0.0,False
46,video_02_frame_000046,True,13,True,1,False,7,4,736,247,955,0.8219298124313354,True,unhealthy,0.7533226609230042,0.24667735397815704,0.7533226609230042,False,,,,,8.821487426757812e-05,0.05716514587402344,0.0,0.057253360748291016,False
46,video_02_frame_000046,True,14,True,1,False,8,444,272,606,426,0.8097767233848572,True,healthy,0.9905725121498108,0.9905725121498108,0.009427442215383053,True,light_red,65.7,0.889,,6.0558319091796875e-05,0.0689094066619873,0.1628870964050293,0.2318570613861084,False
47,video_02_frame_000047,True,1,False,48,True,1,221,640,450,883,0.9714999794960022,False,healthy,0.9685794711112976,0.9685794711112976,0.031420592218637466,False,red,99.66,0.999,,0.0,0.0,0.0,0.0,False
47,video_02_frame_000047,True,2,False,48,True,2,320,456,519,668,0.9623746871948242,False,healthy,0.44449979066848755,0.44449979066848755,0.5555001497268677,False,red,98.86,0.992,,0.0,0.0,0.0,0.0,False
47,video_02_frame_000047,True,7,False,40,True,3,489,536,716,765,0.9550692439079285,False,healthy,0.9831264615058899,0.9831264615058899,0.01687358133494854,False,light_red,83.59,0.729,segmentacion_pobre_o_fondo_excesivo,0.0,0.0,0.0,0.0,False
47,video_02_frame_000047,True,3,False,48,True,4,90,472,324,681,0.9505224823951721,False,healthy,0.9693148732185364,0.9693148732185364,0.030685119330883026,False,red,97.74,0.985,,0.0,0.0,0.0,0.0,False
47,video_02_frame_000047,True,5,False,48,True,5,460,395,632,568,0.9347401857376099,False,healthy,0.9572108387947083,0.9572108387947083,0.042789217084646225,False,red,90.1,0.93,,0.0,0.0,0.0,0.0,False
47,video_02_frame_000047,True,11,False,11,True,6,11,652,220,775,0.8260708451271057,False,healthy,0.995745837688446,0.995745837688446,0.004254138562828302,False,red,93.48,0.953,,0.0,0.0,0.0,0.0,False
48,video_02_frame_000048,True,1,False,49,True,1,216,639,446,880,0.9801318049430847,False,healthy,0.9685794711112976,0.9685794711112976,0.031420592218637466,False,red,99.66,0.999,,0.0,0.0,0.0,0.0,False
48,video_02_frame_000048,True,2,False,49,True,2,315,455,516,667,0.9612855315208435,False,healthy,0.44449979066848755,0.44449979066848755,0.5555001497268677,False,red,98.86,0.992,,0.0,0.0,0.0,0.0,False
48,video_02_frame_000048,True,3,False,49,True,3,81,468,318,680,0.958897054195404,False,healthy,0.9693148732185364,0.9693148732185364,0.030685119330883026,False,red,97.74,0.985,,0.0,0.0,0.0,0.0,False
48,video_02_frame_000048,True,7,False,41,True,4,487,535,714,765,0.9584096670150757,False,healthy,0.9831264615058899,0.9831264615058899,0.01687358133494854,False,light_red,83.59,0.729,segmentacion_pobre_o_fondo_excesivo,0.0,0.0,0.0,0.0,False
48,video_02_frame_000048,True,5,False,49,True,5,456,392,629,567,0.9208969473838806,False,healthy,0.9572108387947083,0.9572108387947083,0.042789217084646225,False,red,90.1,0.93,,0.0,0.0,0.0,0.0,False
48,video_02_frame_000048,True,13,False,2,True,6,7,735,234,958,0.8296696543693542,False,unhealthy,0.7533226609230042,0.24667735397815704,0.7533226609230042,False,,,,,0.0,0.0,0.0,0.0,False
49,video_02_frame_000049,True,1,False,50,True,1,207,636,443,878,0.9831224083900452,False,healthy,0.9685794711112976,0.9685794711112976,0.031420592218637466,False,red,99.66,0.999,,0.0,0.0,0.0,0.0,False
49,video_02_frame_000049,True,2,False,50,True,2,309,456,512,665,0.9670366644859314,False,healthy,0.44449979066848755,0.44449979066848755,0.5555001497268677,False,red,98.86,0.992,,0.0,0.0,0.0,0.0,False
49,video_02_frame_000049,True,7,False,42,True,3,484,534,709,764,0.9508116245269775,False,healthy,0.9831264615058899,0.9831264615058899,0.01687358133494854,False,light_red,83.59,0.729,segmentacion_pobre_o_fondo_excesivo,0.0,0.0,0.0,0.0,False
49,video_02_frame_000049,True,3,False,50,True,4,74,467,307,683,0.947942316532135,False,healthy,0.9693148732185364,0.9693148732185364,0.030685119330883026,False,red,97.74,0.985,,0.0,0.0,0.0,0.0,False
49,video_02_frame_000049,True,5,False,50,True,5,452,392,626,568,0.9057207703590393,False,healthy,0.9572108387947083,0.9572108387947083,0.042789217084646225,False,red,90.1,0.93,,0.0,0.0,0.0,0.0,False
49,video_02_frame_000049,True,13,False,3,True,6,0,717,229,942,0.8440367579460144,False,unhealthy,0.7533226609230042,0.24667735397815704,0.7533226609230042,False,,,,,0.0,0.0,0.0,0.0,False
50,video_02_frame_000050,True,1,False,51,True,1,200,636,440,878,0.9840152263641357,False,healthy,0.9685794711112976,0.9685794711112976,0.031420592218637466,False,red,99.66,0.999,,0.0,0.0,0.0,0.0,False
50,video_02_frame_000050,True,2,False,51,True,2,304,455,508,666,0.9698188304901123,False,healthy,0.44449979066848755,0.44449979066848755,0.5555001497268677,False,red,98.86,0.992,,0.0,0.0,0.0,0.0,False
50,video_02_frame_000050,True,7,False,43,True,3,482,533,706,764,0.9571137428283691,False,healthy,0.9831264615058899,0.9831264615058899,0.01687358133494854,False,light_red,83.59,0.729,segmentacion_pobre_o_fondo_excesivo,0.0,0.0,0.0,0.0,False
50,video_02_frame_000050,True,3,False,51,True,4,72,467,303,681,0.9563317894935608,False,healthy,0.9693148732185364,0.9693148732185364,0.030685119330883026,False,red,97.74,0.985,,0.0,0.0,0.0,0.0,False
50,video_02_frame_000050,True,5,False,51,True,5,451,390,622,566,0.8998028039932251,False,healthy,0.9572108387947083,0.9572108387947083,0.042789217084646225,False,red,90.1,0.93,,0.0,0.0,0.0,0.0,False
50,video_02_frame_000050,True,13,False,4,True,6,6,735,228,959,0.8634338974952698,False,unhealthy,0.7533226609230042,0.24667735397815704,0.7533226609230042,False,,,,,0.0,0.0,0.0,0.0,False
51,video_02_frame_000051,True,1,False,52,True,1,197,637,436,880,0.986020028591156,False,healthy,0.9685794711112976,0.9685794711112976,0.031420592218637466,False,red,99.66,0.999,,0.0,0.0,0.0,0.0,False
51,video_02_frame_000051,True,2,False,52,True,2,301,454,505,666,0.9713587760925293,False,healthy,0.44449979066848755,0.44449979066848755,0.5555001497268677,False,red,98.86,0.992,,0.0,0.0,0.0,0.0,False
51,video_02_frame_000051,True,7,False,44,True,3,479,534,702,764,0.9549108147621155,False,healthy,0.9831264615058899,0.9831264615058899,0.01687358133494854,False,light_red,83.59,0.729,segmentacion_pobre_o_fondo_excesivo,0.0,0.0,0.0,0.0,False
51,video_02_frame_000051,True,3,False,52,True,4,70,468,298,682,0.9539389610290527,False,healthy,0.9693148732185364,0.9693148732185364,0.030685119330883026,False,red,97.74,0.985,,0.0,0.0,0.0,0.0,False
51,video_02_frame_000051,True,5,False,52,True,5,450,390,619,567,0.8933992385864258,False,healthy,0.9572108387947083,0.9572108387947083,0.042789217084646225,False,red,90.1,0.93,,0.0,0.0,0.0,0.0,False
51,video_02_frame_000051,True,13,False,5,True,6,4,737,228,959,0.8685087561607361,False,unhealthy,0.7533226609230042,0.24667735397815704,0.7533226609230042,False,,,,,0.0,0.0,0.0,0.0,False
51,video_02_frame_000051,True,15,True,1,False,7,437,945,654,1057,0.8058651089668274,True,healthy,0.986624002456665,0.986624002456665,0.013375923037528992,True,red,87.79,0.87,,5.841255187988281e-05,0.0621485710144043,0.21989035606384277,0.28209733963012695,False
52,video_02_frame_000052,True,1,False,53,True,1,194,641,433,882,0.9852576851844788,False,healthy,0.9685794711112976,0.9685794711112976,0.031420592218637466,False,red,99.66,0.999,,0.0,0.0,0.0,0.0,False
52,video_02_frame_000052,True,2,False,53,True,2,299,456,503,667,0.9714544415473938,False,healthy,0.44449979066848755,0.44449979066848755,0.5555001497268677,False,red,98.86,0.992,,0.0,0.0,0.0,0.0,False
52,video_02_frame_000052,True,7,False,45,True,3,477,536,699,765,0.9577518105506897,False,healthy,0.9831264615058899,0.9831264615058899,0.01687358133494854,False,light_red,83.59,0.729,segmentacion_pobre_o_fondo_excesivo,0.0,0.0,0.0,0.0,False
52,video_02_frame_000052,True,3,False,53,True,4,66,471,294,685,0.9491230845451355,False,healthy,0.9693148732185364,0.9693148732185364,0.030685119330883026,False,red,97.74,0.985,,0.0,0.0,0.0,0.0,False
52,video_02_frame_000052,True,5,False,53,True,5,448,391,618,565,0.9112594723701477,False,healthy,0.9572108387947083,0.9572108387947083,0.042789217084646225,False,red,90.1,0.93,,0.0,0.0,0.0,0.0,False
52,video_02_frame_000052,True,13,False,6,True,6,3,736,225,968,0.864758312702179,False,unhealthy,0.7533226609230042,0.24667735397815704,0.7533226609230042,False,,,,,0.0,0.0,0.0,0.0,False
52,video_02_frame_000052,True,15,False,2,True,7,430,947,657,1058,0.8260726928710938,False,healthy,0.986624002456665,0.986624002456665,0.013375923037528992,False,red,87.79,0.87,,0.0,0.0,0.0,0.0,False
53,video_02_frame_000053,True,1,False,54,True,1,190,643,430,886,0.9881606101989746,False,healthy,0.9685794711112976,0.9685794711112976,0.031420592218637466,False,red,99.66,0.999,,0.0,0.0,0.0,0.0,False
53,video_02_frame_000053,True,2,False,54,True,2,296,457,502,669,0.969127893447876,False,healthy,0.44449979066848755,0.44449979066848755,0.5555001497268677,False,red,98.86,0.992,,0.0,0.0,0.0,0.0,False
53,video_02_frame_000053,True,7,False,46,True,3,473,536,697,766,0.955902099609375,False,healthy,0.9831264615058899,0.9831264615058899,0.01687358133494854,False,light_red,83.59,0.729,segmentacion_pobre_o_fondo_excesivo,0.0,0.0,0.0,0.0,False
53,video_02_frame_000053,True,3,False,54,True,4,62,471,291,689,0.9394474625587463,False,healthy,0.9693148732185364,0.9693148732185364,0.030685119330883026,False,red,97.74,0.985,,0.0,0.0,0.0,0.0,False
53,video_02_frame_000053,True,5,False,54,True,5,443,392,617,566,0.9286995530128479,False,healthy,0.9572108387947083,0.9572108387947083,0.042789217084646225,False,red,90.1,0.93,,0.0,0.0,0.0,0.0,False
53,video_02_frame_000053,True,13,False,7,True,6,6,750,222,967,0.8574584126472473,False,unhealthy,0.7533226609230042,0.24667735397815704,0.7533226609230042,False,,,,,0.0,0.0,0.0,0.0,False
53,video_02_frame_000053,True,15,False,3,True,7,427,949,656,1063,0.8444679975509644,False,healthy,0.986624002456665,0.986624002456665,0.013375923037528992,False,red,87.79,0.87,,0.0,0.0,0.0,0.0,False
54,video_02_frame_000054,True,1,False,55,True,1,185,645,426,888,0.990260660648346,False,healthy,0.9685794711112976,0.9685794711112976,0.031420592218637466,False,red,99.66,0.999,,0.0,0.0,0.0,0.0,False
54,video_02_frame_000054,True,2,False,55,True,2,293,459,499,672,0.972233772277832,False,healthy,0.44449979066848755,0.44449979066848755,0.5555001497268677,False,red,98.86,0.992,,0.0,0.0,0.0,0.0,False
54,video_02_frame_000054,True,7,False,47,True,3,471,537,695,767,0.9586848020553589,False,healthy,0.9831264615058899,0.9831264615058899,0.01687358133494854,False,light_red,83.59,0.729,segmentacion_pobre_o_fondo_excesivo,0.0,0.0,0.0,0.0,False
54,video_02_frame_000054,True,3,False,55,True,4,55,471,289,688,0.9370452165603638,False,healthy,0.9693148732185364,0.9693148732185364,0.030685119330883026,False,red,97.74,0.985,,0.0,0.0,0.0,0.0,False
54,video_02_frame_000054,True,5,False,55,True,5,438,392,616,569,0.9232996702194214,False,healthy,0.9572108387947083,0.9572108387947083,0.042789217084646225,False,red,90.1,0.93,,0.0,0.0,0.0,0.0,False
54,video_02_frame_000054,True,13,False,8,True,6,4,753,218,973,0.8862069249153137,False,unhealthy,0.7533226609230042,0.24667735397815704,0.7533226609230042,False,,,,,0.0,0.0,0.0,0.0,False
54,video_02_frame_000054,True,15,False,4,True,7,426,954,653,1067,0.8240545392036438,False,healthy,0.986624002456665,0.986624002456665,0.013375923037528992,False,red,87.79,0.87,,0.0,0.0,0.0,0.0,False
54,video_02_frame_000054,True,16,True,1,False,8,0,659,195,779,0.8125221133232117,True,healthy,0.9875653386116028,0.9875653386116028,0.01243466604501009,True,light_red,79.62,0.709,segmentacion_pobre_o_fondo_excesivo,9.179115295410156e-05,0.06449127197265625,0.31481432914733887,0.3793973922729492,False
55,video_02_frame_000055,True,1,False,56,True,1,182,649,423,891,0.9908073544502258,False,healthy,0.9685794711112976,0.9685794711112976,0.031420592218637466,False,red,99.66,0.999,,0.0,0.0,0.0,0.0,False
55,video_02_frame_000055,True,2,False,56,True,2,290,459,497,674,0.9709022641181946,False,healthy,0.44449979066848755,0.44449979066848755,0.5555001497268677,False,red,98.86,0.992,,0.0,0.0,0.0,0.0,False
55,video_02_frame_000055,True,7,False,48,True,3,467,539,695,770,0.9631924629211426,False,healthy,0.9831264615058899,0.9831264615058899,0.01687358133494854,False,light_red,83.59,0.729,segmentacion_pobre_o_fondo_excesivo,0.0,0.0,0.0,0.0,False
55,video_02_frame_000055,True,3,False,56,True,4,47,469,288,690,0.9529930353164673,False,healthy,0.9693148732185364,0.9693148732185364,0.030685119330883026,False,red,97.74,0.985,,0.0,0.0,0.0,0.0,False
55,video_02_frame_000055,True,5,False,56,True,5,435,392,611,570,0.9128978252410889,False,healthy,0.9572108387947083,0.9572108387947083,0.042789217084646225,False,red,90.1,0.93,,0.0,0.0,0.0,0.0,False
55,video_02_frame_000055,True,15,False,5,True,6,422,956,647,1075,0.8770858645439148,False,healthy,0.986624002456665,0.986624002456665,0.013375923037528992,False,red,87.79,0.87,,0.0,0.0,0.0,0.0,False
55,video_02_frame_000055,True,13,False,9,True,7,7,754,216,976,0.8352003693580627,False,unhealthy,0.7533226609230042,0.24667735397815704,0.7533226609230042,False,,,,,0.0,0.0,0.0,0.0,False
55,video_02_frame_000055,True,16,False,2,True,8,0,662,192,780,0.8009731769561768,False,healthy,0.9875653386116028,0.9875653386116028,0.01243466604501009,False,light_red,79.62,0.709,segmentacion_pobre_o_fondo_excesivo,0.0,0.0,0.0,0.0,False
56,video_02_frame_000056,True,1,False,57,True,1,181,649,419,891,0.9899354577064514,False,healthy,0.9685794711112976,0.9685794711112976,0.031420592218637466,False,red,99.66,0.999,,0.0,0.0,0.0,0.0,False
56,video_02_frame_000056,True,2,False,57,True,2,286,459,494,675,0.9680299758911133,False,healthy,0.44449979066848755,0.44449979066848755,0.5555001497268677,False,red,98.86,0.992,,0.0,0.0,0.0,0.0,False
56,video_02_frame_000056,True,7,False,49,True,3,466,541,694,774,0.9641647338867188,False,healthy,0.9831264615058899,0.9831264615058899,0.01687358133494854,False,light_red,83.59,0.729,segmentacion_pobre_o_fondo_excesivo,0.0,0.0,0.0,0.0,False
56,video_02_frame_000056,True,3,False,57,True,4,43,473,284,694,0.954235851764679,False,healthy,0.9693148732185364,0.9693148732185364,0.030685119330883026,False,red,97.74,0.985,,0.0,0.0,0.0,0.0,False
56,video_02_frame_000056,True,5,False,57,True,5,428,392,608,574,0.9222685694694519,False,healthy,0.9572108387947083,0.9572108387947083,0.042789217084646225,False,red,90.1,0.93,,0.0,0.0,0.0,0.0,False
56,video_02_frame_000056,True,15,False,6,True,6,417,960,643,1078,0.8248758316040039,False,healthy,0.986624002456665,0.986624002456665,0.013375923037528992,False,red,87.79,0.87,,0.0,0.0,0.0,0.0,False
56,video_02_frame_000056,True,13,False,10,True,7,7,756,212,981,0.8243864178657532,False,unhealthy,0.7533226609230042,0.24667735397815704,0.7533226609230042,False,,,,,0.0,0.0,0.0,0.0,False
57,video_02_frame_000057,True,1,False,58,True,1,177,650,415,896,0.9914149641990662,False,healthy,0.9685794711112976,0.9685794711112976,0.031420592218637466,False,red,99.66,0.999,,0.0,0.0,0.0,0.0,False
57,video_02_frame_000057,True,2,False,58,True,2,282,463,494,678,0.9713642001152039,False,healthy,0.44449979066848755,0.44449979066848755,0.5555001497268677,False,red,98.86,0.992,,0.0,0.0,0.0,0.0,False
57,video_02_frame_000057,True,7,False,50,True,3,464,541,693,774,0.9672544598579407,False,healthy,0.9831264615058899,0.9831264615058899,0.01687358133494854,False,light_red,83.59,0.729,segmentacion_pobre_o_fondo_excesivo,0.0,0.0,0.0,0.0,False
57,video_02_frame_000057,True,3,False,58,True,4,39,470,280,698,0.9469614624977112,False,healthy,0.9693148732185364,0.9693148732185364,0.030685119330883026,False,red,97.74,0.985,,0.0,0.0,0.0,0.0,False
57,video_02_frame_000057,True,5,False,58,True,5,427,393,607,577,0.9155651926994324,False,healthy,0.9572108387947083,0.9572108387947083,0.042789217084646225,False,red,90.1,0.93,,0.0,0.0,0.0,0.0,False
57,video_02_frame_000057,True,16,False,3,True,6,0,661,184,779,0.848829448223114,False,healthy,0.9875653386116028,0.9875653386116028,0.01243466604501009,False,light_red,79.62,0.709,segmentacion_pobre_o_fondo_excesivo,0.0,0.0,0.0,0.0,False
57,video_02_frame_000057,True,13,False,11,True,7,3,754,208,982,0.8349263668060303,False,unhealthy,0.7533226609230042,0.24667735397815704,0.7533226609230042,False,,,,,0.0,0.0,0.0,0.0,False
57,video_02_frame_000057,True,17,True,1,False,8,410,264,574,417,0.8347936272621155,True,healthy,0.9878799319267273,0.9878799319267273,0.012120050378143787,True,light_red,65.79,0.889,,0.00016069412231445312,0.05497288703918457,0.18891549110412598,0.244049072265625,False
58,video_02_frame_000058,True,1,False,59,True,1,169,651,412,897,0.9921340942382812,False,healthy,0.9685794711112976,0.9685794711112976,0.031420592218637466,False,red,99.66,0.999,,0.0,0.0,0.0,0.0,False
58,video_02_frame_000058,True,7,False,51,True,2,460,541,690,773,0.9729606509208679,False,healthy,0.9831264615058899,0.9831264615058899,0.01687358133494854,False,light_red,83.59,0.729,segmentacion_pobre_o_fondo_excesivo,0.0,0.0,0.0,0.0,False
58,video_02_frame_000058,True,2,False,59,True,3,278,463,489,678,0.9710634350776672,False,healthy,0.44449979066848755,0.44449979066848755,0.5555001497268677,False,red,98.86,0.992,,0.0,0.0,0.0,0.0,False
58,video_02_frame_000058,True,3,False,59,True,4,36,470,273,700,0.9427756071090698,False,healthy,0.9693148732185364,0.9693148732185364,0.030685119330883026,False,red,97.74,0.985,,0.0,0.0,0.0,0.0,False
58,video_02_frame_000058,True,5,False,59,True,5,425,392,603,574,0.9137958884239197,False,healthy,0.9572108387947083,0.9572108387947083,0.042789217084646225,False,red,90.1,0.93,,0.0,0.0,0.0,0.0,False
58,video_02_frame_000058,True,17,False,2,True,6,407,265,572,417,0.8526775240898132,False,healthy,0.9878799319267273,0.9878799319267273,0.012120050378143787,False,light_red,65.79,0.889,,0.0,0.0,0.0,0.0,False
58,video_02_frame_000058,True,13,False,12,True,7,1,755,205,984,0.8513513803482056,False,unhealthy,0.7533226609230042,0.24667735397815704,0.7533226609230042,False,,,,,0.0,0.0,0.0,0.0,False
58,video_02_frame_000058,True,16,False,4,True,8,0,664,178,779,0.8258479237556458,False,healthy,0.9875653386116028,0.9875653386116028,0.01243466604501009,False,light_red,79.62,0.709,segmentacion_pobre_o_fondo_excesivo,0.0,0.0,0.0,0.0,False
59,video_02_frame_000059,True,1,False,60,True,1,166,650,408,901,0.9924070239067078,False,healthy,0.9685794711112976,0.9685794711112976,0.031420592218637466,False,red,99.66,0.999,,0.0,0.0,0.0,0.0,False
59,video_02_frame_000059,True,2,False,60,True,2,271,462,484,677,0.9773609638214111,False,healthy,0.44449979066848755,0.44449979066848755,0.5555001497268677,False,red,98.86,0.992,,0.0,0.0,0.0,0.0,False
59,video_02_frame_000059,True,7,False,52,True,3,456,540,689,775,0.976148784160614,False,healthy,0.9831264615058899,0.9831264615058899,0.01687358133494854,False,light_red,83.59,0.729,segmentacion_pobre_o_fondo_excesivo,0.0,0.0,0.0,0.0,False
59,video_02_frame_000059,True,3,False,60,True,4,33,465,276,698,0.9445134997367859,False,healthy,0.9693148732185364,0.9693148732185364,0.030685119330883026,False,red,97.74,0.985,,0.0,0.0,0.0,0.0,False
59,video_02_frame_000059,True,5,False,60,True,5,425,391,600,565,0.9196463823318481,False,healthy,0.9572108387947083,0.9572108387947083,0.042789217084646225,False,red,90.1,0.93,,0.0,0.0,0.0,0.0,False
59,video_02_frame_000059,True,13,False,13,True,6,0,754,203,990,0.8521112203598022,False,unhealthy,0.7533226609230042,0.24667735397815704,0.7533226609230042,False,,,,,0.0,0.0,0.0,0.0,False
59,video_02_frame_000059,True,16,False,5,True,7,0,664,173,781,0.8254964351654053,False,healthy,0.9875653386116028,0.9875653386116028,0.01243466604501009,False,light_red,79.62,0.709,segmentacion_pobre_o_fondo_excesivo,0.0,0.0,0.0,0.0,False
59,video_02_frame_000059,True,17,False,3,True,8,403,264,571,417,0.8017926216125488,False,healthy,0.9878799319267273,0.9878799319267273,0.012120050378143787,False,light_red,65.79,0.889,,0.0,0.0,0.0,0.0,False
60,video_02_frame_000060,True,1,False,61,True,1,160,650,403,901,0.9908191561698914,False,healthy,0.9685794711112976,0.9685794711112976,0.031420592218637466,False,red,99.66,0.999,,0.0,0.0,0.0,0.0,False
60,video_02_frame_000060,True,7,False,53,True,2,451,541,687,776,0.9806450009346008,False,healthy,0.9831264615058899,0.9831264615058899,0.01687358133494854,False,light_red,83.59,0.729,segmentacion_pobre_o_fondo_excesivo,0.0,0.0,0.0,0.0,False
60,video_02_frame_000060,True,2,False,61,True,3,266,461,479,679,0.9776751399040222,False,healthy,0.44449979066848755,0.44449979066848755,0.5555001497268677,False,red,98.86,0.992,,0.0,0.0,0.0,0.0,False
60,video_02_frame_000060,True,3,False,61,True,4,24,466,272,699,0.9488288164138794,False,healthy,0.9693148732185364,0.9693148732185364,0.030685119330883026,False,red,97.74,0.985,,0.0,0.0,0.0,0.0,False
60,video_02_frame_000060,True,5,False,61,True,5,421,391,597,573,0.9131221771240234,False,healthy,0.9572108387947083,0.9572108387947083,0.042789217084646225,False,red,90.1,0.93,,0.0,0.0,0.0,0.0,False
60,video_02_frame_000060,True,13,False,14,True,6,0,764,199,994,0.8659628629684448,False,unhealthy,0.7533226609230042,0.24667735397815704,0.7533226609230042,False,,,,,0.0,0.0,0.0,0.0,False
60,video_02_frame_000060,True,17,False,4,True,7,403,264,567,416,0.8373032212257385,False,healthy,0.9878799319267273,0.9878799319267273,0.012120050378143787,False,light_red,65.79,0.889,,0.0,0.0,0.0,0.0,False
60,video_02_frame_000060,True,15,False,7,True,8,401,969,632,1087,0.8048171997070312,False,healthy,0.986624002456665,0.986624002456665,0.013375923037528992,False,red,87.79,0.87,,0.0,0.0,0.0,0.0,False
61,video_02_frame_000061,True,1,False,62,True,1,152,652,399,904,0.9877579212188721,False,healthy,0.9685794711112976,0.9685794711112976,0.031420592218637466,False,red,99.66,0.999,,0.0,0.0,0.0,0.0,False
61,video_02_frame_000061,True,7,False,54,True,2,448,542,685,778,0.981052041053772,False,healthy,0.9831264615058899,0.9831264615058899,0.01687358133494854,False,light_red,83.59,0.729,segmentacion_pobre_o_fondo_excesivo,0.0,0.0,0.0,0.0,False
61,video_02_frame_000061,True,2,False,62,True,3,260,461,477,680,0.9753382205963135,False,healthy,0.44449979066848755,0.44449979066848755,0.5555001497268677,False,red,98.86,0.992,,0.0,0.0,0.0,0.0,False
61,video_02_frame_000061,True,3,False,62,True,4,16,464,267,699,0.9569843411445618,False,healthy,0.9693148732185364,0.9693148732185364,0.030685119330883026,False,red,97.74,0.985,,0.0,0.0,0.0,0.0,False
61,video_02_frame_000061,True,5,False,62,True,5,415,392,594,577,0.9119902849197388,False,healthy,0.9572108387947083,0.9572108387947083,0.042789217084646225,False,red,90.1,0.93,,0.0,0.0,0.0,0.0,False
61,video_02_frame_000061,True,13,False,15,True,6,4,769,194,995,0.8967592716217041,False,unhealthy,0.7533226609230042,0.24667735397815704,0.7533226609230042,False,,,,,0.0,0.0,0.0,0.0,False
61,video_02_frame_000061,True,17,False,5,True,7,400,263,563,414,0.8411197066307068,False,healthy,0.9878799319267273,0.9878799319267273,0.012120050378143787,False,light_red,65.79,0.889,,0.0,0.0,0.0,0.0,False
61,video_02_frame_000061,True,15,False,8,True,8,398,971,628,1091,0.8185085654258728,False,healthy,0.986624002456665,0.986624002456665,0.013375923037528992,False,red,87.79,0.87,,0.0,0.0,0.0,0.0,False
62,video_02_frame_000062,True,7,False,55,True,1,443,543,682,778,0.9849493503570557,False,healthy,0.9831264615058899,0.9831264615058899,0.01687358133494854,False,light_red,83.59,0.729,segmentacion_pobre_o_fondo_excesivo,0.0,0.0,0.0,0.0,False
62,video_02_frame_000062,True,1,False,63,True,2,147,653,394,908,0.9810170531272888,False,healthy,0.9685794711112976,0.9685794711112976,0.031420592218637466,False,red,99.66,0.999,,0.0,0.0,0.0,0.0,False
62,video_02_frame_000062,True,2,False,63,True,3,258,461,474,678,0.9774184823036194,False,healthy,0.44449979066848755,0.44449979066848755,0.5555001497268677,False,red,98.86,0.992,,0.0,0.0,0.0,0.0,False
62,video_02_frame_000062,True,3,False,63,True,4,7,461,263,700,0.9607840180397034,False,healthy,0.9693148732185364,0.9693148732185364,0.030685119330883026,False,red,97.74,0.985,,0.0,0.0,0.0,0.0,False
62,video_02_frame_000062,True,5,False,63,True,5,413,392,591,571,0.9051629900932312,False,healthy,0.9572108387947083,0.9572108387947083,0.042789217084646225,False,red,90.1,0.93,,0.0,0.0,0.0,0.0,False
62,video_02_frame_000062,True,13,False,16,True,6,0,766,189,997,0.8580621480941772,False,unhealthy,0.7533226609230042,0.24667735397815704,0.7533226609230042,False,,,,,0.0,0.0,0.0,0.0,False
62,video_02_frame_000062,True,17,False,6,True,7,396,262,562,415,0.8498249650001526,False,healthy,0.9878799319267273,0.9878799319267273,0.012120050378143787,False,light_red,65.79,0.889,,0.0,0.0,0.0,0.0,False
62,video_02_frame_000062,True,15,False,9,True,8,391,974,624,1097,0.8238297700881958,False,healthy,0.986624002456665,0.986624002456665,0.013375923037528992,False,red,87.79,0.87,,0.0,0.0,0.0,0.0,False
63,video_02_frame_000063,True,1,False,64,True,1,148,656,390,909,0.986810564994812,False,healthy,0.9685794711112976,0.9685794711112976,0.031420592218637466,False,red,99.66,0.999,,0.0,0.0,0.0,0.0,False
63,video_02_frame_000063,True,7,False,56,True,2,438,544,679,780,0.9846866726875305,False,healthy,0.9831264615058899,0.9831264615058899,0.01687358133494854,False,light_red,83.59,0.729,segmentacion_pobre_o_fondo_excesivo,0.0,0.0,0.0,0.0,False
63,video_02_frame_000063,True,2,False,64,True,3,252,462,470,680,0.9755396842956543,False,healthy,0.44449979066848755,0.44449979066848755,0.5555001497268677,False,red,98.86,0.992,,0.0,0.0,0.0,0.0,False
63,video_02_frame_000063,True,3,False,64,True,4,4,460,260,701,0.9537209272384644,False,healthy,0.9693148732185364,0.9693148732185364,0.030685119330883026,False,red,97.74,0.985,,0.0,0.0,0.0,0.0,False
63,video_02_frame_000063,True,13,False,17,True,5,0,765,180,999,0.9196668863296509,False,unhealthy,0.7533226609230042,0.24667735397815704,0.7533226609230042,False,,,,,0.0,0.0,0.0,0.0,False
63,video_02_frame_000063,True,5,False,64,True,6,409,391,589,571,0.9110671281814575,False,healthy,0.9572108387947083,0.9572108387947083,0.042789217084646225,False,red,90.1,0.93,,0.0,0.0,0.0,0.0,False
63,video_02_frame_000063,True,15,False,10,True,7,380,977,622,1105,0.8713820576667786,False,healthy,0.986624002456665,0.986624002456665,0.013375923037528992,False,red,87.79,0.87,,0.0,0.0,0.0,0.0,False
63,video_02_frame_000063,True,17,False,7,True,8,392,262,559,414,0.8418236970901489,False,healthy,0.9878799319267273,0.9878799319267273,0.012120050378143787,False,light_red,65.79,0.889,,0.0,0.0,0.0,0.0,False
63,video_02_frame_000063,True,18,True,1,False,9,608,939,720,1087,0.8030965328216553,True,healthy,0.8927828073501587,0.8927828073501587,0.10721717774868011,True,red,99.1,0.746,segmentacion_pobre_o_fondo_excesivo,6.67572021484375e-05,0.06331300735473633,0.21594762802124023,0.279327392578125,False
64,video_02_frame_000064,True,1,False,65,True,1,137,655,386,910,0.988124430179596,False,healthy,0.9685794711112976,0.9685794711112976,0.031420592218637466,False,red,99.66,0.999,,0.0,0.0,0.0,0.0,False
64,video_02_frame_000064,True,7,False,57,True,2,433,546,674,781,0.9844979643821716,False,healthy,0.9831264615058899,0.9831264615058899,0.01687358133494854,False,light_red,83.59,0.729,segmentacion_pobre_o_fondo_excesivo,0.0,0.0,0.0,0.0,False
64,video_02_frame_000064,True,2,False,65,True,3,247,463,465,679,0.9722055792808533,False,healthy,0.44449979066848755,0.44449979066848755,0.5555001497268677,False,red,98.86,0.992,,0.0,0.0,0.0,0.0,False
64,video_02_frame_000064,True,3,False,65,True,4,0,462,248,699,0.9621775150299072,False,healthy,0.9693148732185364,0.9693148732185364,0.030685119330883026,False,red,97.74,0.985,,0.0,0.0,0.0,0.0,False
64,video_02_frame_000064,True,5,False,65,True,5,402,391,587,570,0.925606906414032,False,healthy,0.9572108387947083,0.9572108387947083,0.042789217084646225,False,red,90.1,0.93,,0.0,0.0,0.0,0.0,False
64,video_02_frame_000064,True,13,False,18,True,6,0,764,175,1003,0.8925424814224243,False,unhealthy,0.7533226609230042,0.24667735397815704,0.7533226609230042,False,,,,,0.0,0.0,0.0,0.0,False
64,video_02_frame_000064,True,15,False,11,True,7,375,978,618,1107,0.8885462880134583,False,healthy,0.986624002456665,0.986624002456665,0.013375923037528992,False,red,87.79,0.87,,0.0,0.0,0.0,0.0,False
65,video_02_frame_000065,True,1,False,66,True,1,132,656,380,911,0.9899827837944031,False,healthy,0.9685794711112976,0.9685794711112976,0.031420592218637466,False,red,99.66,0.999,,0.0,0.0,0.0,0.0,False
65,video_02_frame_000065,True,7,False,58,True,2,426,545,671,782,0.9829441905021667,False,healthy,0.9831264615058899,0.9831264615058899,0.01687358133494854,False,light_red,83.59,0.729,segmentacion_pobre_o_fondo_excesivo,0.0,0.0,0.0,0.0,False
65,video_02_frame_000065,True,2,False,66,True,3,241,462,458,682,0.9701279401779175,False,healthy,0.44449979066848755,0.44449979066848755,0.5555001497268677,False,red,98.86,0.992,,0.0,0.0,0.0,0.0,False
65,video_02_frame_000065,True,3,False,66,True,4,0,462,238,699,0.9602710604667664,False,healthy,0.9693148732185364,0.9693148732185364,0.030685119330883026,False,red,97.74,0.985,,0.0,0.0,0.0,0.0,False
65,video_02_frame_000065,True,5,False,66,True,5,397,391,581,573,0.9241471886634827,False,healthy,0.9572108387947083,0.9572108387947083,0.042789217084646225,False,red,90.1,0.93,,0.0,0.0,0.0,0.0,False
65,video_02_frame_000065,True,13,False,19,True,6,0,770,169,1008,0.908806562423706,False,unhealthy,0.7533226609230042,0.24667735397815704,0.7533226609230042,False,,,,,0.0,0.0,0.0,0.0,False
65,video_02_frame_000065,True,15,False,12,True,7,374,982,610,1110,0.8623896241188049,False,healthy,0.986624002456665,0.986624002456665,0.013375923037528992,False,red,87.79,0.87,,0.0,0.0,0.0,0.0,False
65,video_02_frame_000065,True,17,False,8,True,8,385,261,548,411,0.8097524046897888,False,healthy,0.9878799319267273,0.9878799319267273,0.012120050378143787,False,light_red,65.79,0.889,,0.0,0.0,0.0,0.0,False
66,video_02_frame_000066,True,1,False,67,True,1,124,659,375,916,0.991087019443512,False,healthy,0.9685794711112976,0.9685794711112976,0.031420592218637466,False,red,99.66,0.999,,0.0,0.0,0.0,0.0,False
66,video_02_frame_000066,True,7,False,59,True,2,423,547,665,785,0.9823863506317139,False,healthy,0.9831264615058899,0.9831264615058899,0.01687358133494854,False,light_red,83.59,0.729,segmentacion_pobre_o_fondo_excesivo,0.0,0.0,0.0,0.0,False
66,video_02_frame_000066,True,2,False,67,True,3,239,462,452,682,0.9641024470329285,False,healthy,0.44449979066848755,0.44449979066848755,0.5555001497268677,False,red,98.86,0.992,,0.0,0.0,0.0,0.0,False
66,video_02_frame_000066,True,3,False,67,True,4,0,458,237,702,0.9602015614509583,False,healthy,0.9693148732185364,0.9693148732185364,0.030685119330883026,False,red,97.74,0.985,,0.0,0.0,0.0,0.0,False
66,video_02_frame_000066,True,5,False,67,True,5,395,390,577,581,0.9152719378471375,False,healthy,0.9572108387947083,0.9572108387947083,0.042789217084646225,False,red,90.1,0.93,,0.0,0.0,0.0,0.0,False
66,video_02_frame_000066,True,13,False,20,True,6,0,775,162,1010,0.8949082493782043,False,unhealthy,0.7533226609230042,0.24667735397815704,0.7533226609230042,False,,,,,0.0,0.0,0.0,0.0,False
66,video_02_frame_000066,True,15,False,13,True,7,367,984,607,1122,0.8530806303024292,False,healthy,0.986624002456665,0.986624002456665,0.013375923037528992,False,red,87.79,0.87,,0.0,0.0,0.0,0.0,False
66,video_02_frame_000066,True,17,False,9,True,8,380,260,546,412,0.8182845711708069,False,healthy,0.9878799319267273,0.9878799319267273,0.012120050378143787,False,light_red,65.79,0.889,,0.0,0.0,0.0,0.0,False
66,video_02_frame_000066,True,19,True,1,False,9,0,671,127,799,0.8120415210723877,True,healthy,0.9998273253440857,0.9998273253440857,0.00017269764794036746,True,light_red,71.86,0.689,segmentacion_pobre_o_fondo_excesivo,6.031990051269531e-05,0.07499217987060547,0.19230890274047852,0.2673614025115967,False
67,video_02_frame_000067,True,1,False,68,True,1,119,662,369,917,0.9926733374595642,False,healthy,0.9685794711112976,0.9685794711112976,0.031420592218637466,False,red,99.66,0.999,,0.0,0.0,0.0,0.0,False
67,video_02_frame_000067,True,7,False,60,True,2,419,548,663,785,0.9837424755096436,False,healthy,0.9831264615058899,0.9831264615058899,0.01687358133494854,False,light_red,83.59,0.729,segmentacion_pobre_o_fondo_excesivo,0.0,0.0,0.0,0.0,False
67,video_02_frame_000067,True,3,False,68,True,3,0,463,231,705,0.970940351486206,False,healthy,0.9693148732185364,0.9693148732185364,0.030685119330883026,False,red,97.74,0.985,,0.0,0.0,0.0,0.0,False
67,video_02_frame_000067,True,2,False,68,True,4,234,462,448,684,0.9665966629981995,False,healthy,0.44449979066848755,0.44449979066848755,0.5555001497268677,False,red,98.86,0.992,,0.0,0.0,0.0,0.0,False
67,video_02_frame_000067,True,5,False,68,True,5,391,390,573,578,0.9210020303726196,False,healthy,0.9572108387947083,0.9572108387947083,0.042789217084646225,False,red,90.1,0.93,,0.0,0.0,0.0,0.0,False
67,video_02_frame_000067,True,13,False,21,True,6,0,777,156,1014,0.8991708159446716,False,unhealthy,0.7533226609230042,0.24667735397815704,0.7533226609230042,False,,,,,0.0,0.0,0.0,0.0,False
67,video_02_frame_000067,True,15,False,14,True,7,360,992,603,1123,0.8477309346199036,False,healthy,0.986624002456665,0.986624002456665,0.013375923037528992,False,red,87.79,0.87,,0.0,0.0,0.0,0.0,False
67,video_02_frame_000067,True,17,False,10,True,8,378,259,544,413,0.808038055896759,False,healthy,0.9878799319267273,0.9878799319267273,0.012120050378143787,False,light_red,65.79,0.889,,0.0,0.0,0.0,0.0,False
68,video_02_frame_000068,True,1,False,69,True,1,113,663,363,919,0.9938547015190125,False,healthy,0.9685794711112976,0.9685794711112976,0.031420592218637466,False,red,99.66,0.999,,0.0,0.0,0.0,0.0,False
68,video_02_frame_000068,True,7,False,61,True,2,414,548,657,787,0.9850340485572815,False,healthy,0.9831264615058899,0.9831264615058899,0.01687358133494854,False,light_red,83.59,0.729,segmentacion_pobre_o_fondo_excesivo,0.0,0.0,0.0,0.0,False
68,video_02_frame_000068,True,3,False,69,True,3,0,464,225,707,0.966131329536438,False,healthy,0.9693148732185364,0.9693148732185364,0.030685119330883026,False,red,97.74,0.985,,0.0,0.0,0.0,0.0,False
68,video_02_frame_000068,True,2,False,69,True,4,228,463,443,686,0.9658740162849426,False,healthy,0.44449979066848755,0.44449979066848755,0.5555001497268677,False,red,98.86,0.992,,0.0,0.0,0.0,0.0,False
68,video_02_frame_000068,True,5,False,69,True,5,388,389,567,578,0.9350224137306213,False,healthy,0.9572108387947083,0.9572108387947083,0.042789217084646225,False,red,90.1,0.93,,0.0,0.0,0.0,0.0,False
68,video_02_frame_000068,True,13,False,22,True,6,0,781,148,1019,0.8764498233795166,False,unhealthy,0.7533226609230042,0.24667735397815704,0.7533226609230042,False,,,,,0.0,0.0,0.0,0.0,False
68,video_02_frame_000068,True,15,False,15,True,7,356,995,597,1127,0.850530743598938,False,healthy,0.986624002456665,0.986624002456665,0.013375923037528992,False,red,87.79,0.87,,0.0,0.0,0.0,0.0,False
69,video_02_frame_000069,True,1,False,70,True,1,110,663,360,920,0.9945766925811768,False,healthy,0.9685794711112976,0.9685794711112976,0.031420592218637466,False,red,99.66,0.999,,0.0,0.0,0.0,0.0,False
69,video_02_frame_000069,True,7,False,62,True,2,414,548,652,789,0.9805573225021362,False,healthy,0.9831264615058899,0.9831264615058899,0.01687358133494854,False,light_red,83.59,0.729,segmentacion_pobre_o_fondo_excesivo,0.0,0.0,0.0,0.0,False
69,video_02_frame_000069,True,2,False,70,True,3,225,467,444,693,0.9691190123558044,False,healthy,0.44449979066848755,0.44449979066848755,0.5555001497268677,False,red,98.86,0.992,,0.0,0.0,0.0,0.0,False
69,video_02_frame_000069,True,3,False,70,True,4,0,466,217,708,0.9668651223182678,False,healthy,0.9693148732185364,0.9693148732185364,0.030685119330883026,False,red,97.74,0.985,,0.0,0.0,0.0,0.0,False
69,video_02_frame_000069,True,5,False,70,True,5,383,390,565,576,0.9187417030334473,False,healthy,0.9572108387947083,0.9572108387947083,0.042789217084646225,False,red,90.1,0.93,,0.0,0.0,0.0,0.0,False
69,video_02_frame_000069,True,13,False,23,True,6,0,782,142,1024,0.8929309844970703,False,unhealthy,0.7533226609230042,0.24667735397815704,0.7533226609230042,False,,,,,0.0,0.0,0.0,0.0,False
69,video_02_frame_000069,True,15,False,16,True,7,349,996,592,1130,0.869958758354187,False,healthy,0.986624002456665,0.986624002456665,0.013375923037528992,False,red,87.79,0.87,,0.0,0.0,0.0,0.0,False
69,video_02_frame_000069,True,17,False,11,True,8,370,259,537,411,0.8440055847167969,False,healthy,0.9878799319267273,0.9878799319267273,0.012120050378143787,False,light_red,65.79,0.889,,0.0,0.0,0.0,0.0,False
70,video_02_frame_000070,True,1,False,71,True,1,102,664,355,921,0.9937665462493896,False,healthy,0.9685794711112976,0.9685794711112976,0.031420592218637466,False,red,99.66,0.999,,0.0,0.0,0.0,0.0,False
70,video_02_frame_000070,True,2,False,71,True,2,219,468,439,693,0.9766460061073303,False,healthy,0.44449979066848755,0.44449979066848755,0.5555001497268677,False,red,98.86,0.992,,0.0,0.0,0.0,0.0,False
70,video_02_frame_000070,True,7,False,63,True,3,406,549,648,790,0.9757589101791382,False,healthy,0.9831264615058899,0.9831264615058899,0.01687358133494854,False,light_red,83.59,0.729,segmentacion_pobre_o_fondo_excesivo,0.0,0.0,0.0,0.0,False
70,video_02_frame_000070,True,3,False,71,True,4,0,464,215,711,0.9652904868125916,False,healthy,0.9693148732185364,0.9693148732185364,0.030685119330883026,False,red,97.74,0.985,,0.0,0.0,0.0,0.0,False
70,video_02_frame_000070,True,5,False,71,True,5,378,391,561,578,0.919521689414978,False,healthy,0.9572108387947083,0.9572108387947083,0.042789217084646225,False,red,90.1,0.93,,0.0,0.0,0.0,0.0,False
70,video_02_frame_000070,True,13,False,24,True,6,0,784,136,1026,0.9091634750366211,False,unhealthy,0.7533226609230042,0.24667735397815704,0.7533226609230042,False,,,,,0.0,0.0,0.0,0.0,False
70,video_02_frame_000070,True,15,False,17,True,7,341,998,588,1139,0.908457338809967,False,healthy,0.986624002456665,0.986624002456665,0.013375923037528992,False,red,87.79,0.87,,0.0,0.0,0.0,0.0,False
70,video_02_frame_000070,True,17,False,12,True,8,364,259,533,412,0.85379958152771,False,healthy,0.9878799319267273,0.9878799319267273,0.012120050378143787,False,light_red,65.79,0.889,,0.0,0.0,0.0,0.0,False
71,video_02_frame_000071,True,1,False,72,True,1,91,667,349,921,0.9908556938171387,False,healthy,0.9685794711112976,0.9685794711112976,0.031420592218637466,False,red,99.66,0.999,,0.0,0.0,0.0,0.0,False
71,video_02_frame_000071,True,7,False,64,True,2,404,549,643,794,0.9767201542854309,False,healthy,0.9831264615058899,0.9831264615058899,0.01687358133494854,False,light_red,83.59,0.729,segmentacion_pobre_o_fondo_excesivo,0.0,0.0,0.0,0.0,False
71,video_02_frame_000071,True,2,False,72,True,3,208,465,430,693,0.9722398519515991,False,healthy,0.44449979066848755,0.44449979066848755,0.5555001497268677,False,red,98.86,0.992,,0.0,0.0,0.0,0.0,False
71,video_02_frame_000071,True,3,False,72,True,4,0,467,208,712,0.9636840224266052,False,healthy,0.9693148732185364,0.9693148732185364,0.030685119330883026,False,red,97.74,0.985,,0.0,0.0,0.0,0.0,False
71,video_02_frame_000071,True,5,False,72,True,5,370,390,555,586,0.9425535798072815,False,healthy,0.9572108387947083,0.9572108387947083,0.042789217084646225,False,red,90.1,0.93,,0.0,0.0,0.0,0.0,False
71,video_02_frame_000071,True,15,False,18,True,6,332,1000,580,1143,0.9236317276954651,False,healthy,0.986624002456665,0.986624002456665,0.013375923037528992,False,red,87.79,0.87,,0.0,0.0,0.0,0.0,False
71,video_02_frame_000071,True,13,False,25,True,7,0,782,131,1024,0.8781770467758179,False,unhealthy,0.7533226609230042,0.24667735397815704,0.7533226609230042,False,,,,,0.0,0.0,0.0,0.0,False
71,video_02_frame_000071,True,20,True,1,False,8,567,956,720,1146,0.815168559551239,True,healthy,0.7314830422401428,0.7314830422401428,0.2685169279575348,True,red,98.66,0.992,,6.389617919921875e-05,0.06395411491394043,0.32364749908447266,0.3876655101776123,False
71,video_02_frame_000071,True,17,False,13,True,9,360,258,528,412,0.8104701042175293,False,healthy,0.9878799319267273,0.9878799319267273,0.012120050378143787,False,light_red,65.79,0.889,,0.0,0.0,0.0,0.0,False
72,video_02_frame_000072,True,1,False,73,True,1,84,669,342,924,0.9892143607139587,False,healthy,0.9685794711112976,0.9685794711112976,0.031420592218637466,False,red,99.66,0.999,,0.0,0.0,0.0,0.0,False
72,video_02_frame_000072,True,7,False,65,True,2,397,548,639,795,0.9808644652366638,False,healthy,0.9831264615058899,0.9831264615058899,0.01687358133494854,False,light_red,83.59,0.729,segmentacion_pobre_o_fondo_excesivo,0.0,0.0,0.0,0.0,False
72,video_02_frame_000072,True,2,False,73,True,3,199,462,423,695,0.9786786437034607,False,healthy,0.44449979066848755,0.44449979066848755,0.5555001497268677,False,red,98.86,0.992,,0.0,0.0,0.0,0.0,False
72,video_02_frame_000072,True,3,False,73,True,4,0,463,205,714,0.9593956470489502,False,healthy,0.9693148732185364,0.9693148732185364,0.030685119330883026,False,red,97.74,0.985,,0.0,0.0,0.0,0.0,False
72,video_02_frame_000072,True,5,False,73,True,5,367,391,551,584,0.928091824054718,False,healthy,0.9572108387947083,0.9572108387947083,0.042789217084646225,False,red,90.1,0.93,,0.0,0.0,0.0,0.0,False
72,video_02_frame_000072,True,15,False,19,True,6,320,1001,576,1150,0.9243763089179993,False,healthy,0.986624002456665,0.986624002456665,0.013375923037528992,False,red,87.79,0.87,,0.0,0.0,0.0,0.0,False
72,video_02_frame_000072,True,13,False,26,True,7,0,792,122,1027,0.8885992765426636,False,unhealthy,0.7533226609230042,0.24667735397815704,0.7533226609230042,False,,,,,0.0,0.0,0.0,0.0,False
72,video_02_frame_000072,True,20,False,2,True,8,560,959,719,1149,0.8148158192634583,False,healthy,0.7314830422401428,0.7314830422401428,0.2685169279575348,False,red,98.66,0.992,,0.0,0.0,0.0,0.0,False
73,video_02_frame_000073,True,1,False,74,True,1,78,668,336,926,0.9888710379600525,False,healthy,0.9685794711112976,0.9685794711112976,0.031420592218637466,False,red,99.66,0.999,,0.0,0.0,0.0,0.0,False
73,video_02_frame_000073,True,7,False,66,True,2,391,548,634,795,0.9849222302436829,False,healthy,0.9831264615058899,0.9831264615058899,0.01687358133494854,False,light_red,83.59,0.729,segmentacion_pobre_o_fondo_excesivo,0.0,0.0,0.0,0.0,False
73,video_02_frame_000073,True,2,False,74,True,3,191,462,417,697,0.981015682220459,False,healthy,0.44449979066848755,0.44449979066848755,0.5555001497268677,False,red,98.86,0.992,,0.0,0.0,0.0,0.0,False
73,video_02_frame_000073,True,3,False,74,True,4,0,465,199,713,0.9473772644996643,False,healthy,0.9693148732185364,0.9693148732185364,0.030685119330883026,False,red,97.74,0.985,,0.0,0.0,0.0,0.0,False
73,video_02_frame_000073,True,5,False,74,True,5,363,391,545,580,0.9189847111701965,False,healthy,0.9572108387947083,0.9572108387947083,0.042789217084646225,False,red,90.1,0.93,,0.0,0.0,0.0,0.0,False
73,video_02_frame_000073,True,15,False,20,True,6,315,1006,569,1150,0.913588285446167,False,healthy,0.986624002456665,0.986624002456665,0.013375923037528992,False,red,87.79,0.87,,0.0,0.0,0.0,0.0,False
73,video_02_frame_000073,True,13,False,27,True,7,0,794,116,1030,0.898996114730835,False,unhealthy,0.7533226609230042,0.24667735397815704,0.7533226609230042,False,,,,,0.0,0.0,0.0,0.0,False
73,video_02_frame_000073,True,20,False,3,True,8,554,960,719,1160,0.8232002258300781,False,healthy,0.7314830422401428,0.7314830422401428,0.2685169279575348,False,red,98.66,0.992,,0.0,0.0,0.0,0.0,False
74,video_02_frame_000074,True,1,False,75,True,1,72,669,332,929,0.9896502494812012,False,healthy,0.9685794711112976,0.9685794711112976,0.031420592218637466,False,red,99.66,0.999,,0.0,0.0,0.0,0.0,False
74,video_02_frame_000074,True,7,False,67,True,2,385,550,629,797,0.9858806729316711,False,healthy,0.9831264615058899,0.9831264615058899,0.01687358133494854,False,light_red,83.59,0.729,segmentacion_pobre_o_fondo_excesivo,0.0,0.0,0.0,0.0,False
74,video_02_frame_000074,True,2,False,75,True,3,182,462,412,700,0.9800357222557068,False,healthy,0.44449979066848755,0.44449979066848755,0.5555001497268677,False,red,98.86,0.992,,0.0,0.0,0.0,0.0,False
74,video_02_frame_000074,True,5,False,75,True,4,359,390,537,583,0.922795295715332,False,healthy,0.9572108387947083,0.9572108387947083,0.042789217084646225,False,red,90.1,0.93,,0.0,0.0,0.0,0.0,False
74,video_02_frame_000074,True,15,False,21,True,5,311,1009,560,1153,0.9160730242729187,False,healthy,0.986624002456665,0.986624002456665,0.013375923037528992,False,red,87.79,0.87,,0.0,0.0,0.0,0.0,False
74,video_02_frame_000074,True,13,False,28,True,6,0,798,111,1036,0.9128147959709167,False,unhealthy,0.7533226609230042,0.24667735397815704,0.7533226609230042,False,,,,,0.0,0.0,0.0,0.0,False
74,video_02_frame_000074,True,3,False,75,True,7,0,461,193,713,0.9114812612533569,False,healthy,0.9693148732185364,0.9693148732185364,0.030685119330883026,False,red,97.74,0.985,,0.0,0.0,0.0,0.0,False
74,video_02_frame_000074,True,20,False,4,True,8,549,960,719,1182,0.8241544961929321,False,healthy,0.7314830422401428,0.7314830422401428,0.2685169279575348,False,red,98.66,0.992,,0.0,0.0,0.0,0.0,False
74,video_02_frame_000074,True,17,False,14,True,9,347,258,514,412,0.8080242276191711,False,healthy,0.9878799319267273,0.9878799319267273,0.012120050378143787,False,light_red,65.79,0.889,,0.0,0.0,0.0,0.0,False
75,video_02_frame_000075,True,1,False,76,True,1,65,669,324,933,0.9894355535507202,False,healthy,0.9685794711112976,0.9685794711112976,0.031420592218637466,False,red,99.66,0.999,,0.0,0.0,0.0,0.0,False
75,video_02_frame_000075,True,7,False,68,True,2,375,551,625,799,0.986047625541687,False,healthy,0.9831264615058899,0.9831264615058899,0.01687358133494854,False,light_red,83.59,0.729,segmentacion_pobre_o_fondo_excesivo,0.0,0.0,0.0,0.0,False
75,video_02_frame_000075,True,2,False,76,True,3,178,463,406,700,0.9772647619247437,False,healthy,0.44449979066848755,0.44449979066848755,0.5555001497268677,False,red,98.86,0.992,,0.0,0.0,0.0,0.0,False
75,video_02_frame_000075,True,3,False,76,True,4,0,460,181,725,0.9091848134994507,False,healthy,0.9693148732185364,0.9693148732185364,0.030685119330883026,False,red,97.74,0.985,,0.0,0.0,0.0,0.0,False
75,video_02_frame_000075,True,5,False,76,True,5,353,391,534,575,0.9074989557266235,False,healthy,0.9572108387947083,0.9572108387947083,0.042789217084646225,False,red,90.1,0.93,,0.0,0.0,0.0,0.0,False
75,video_02_frame_000075,True,15,False,22,True,6,302,1013,554,1158,0.9018855690956116,False,healthy,0.986624002456665,0.986624002456665,0.013375923037528992,False,red,87.79,0.87,,0.0,0.0,0.0,0.0,False
75,video_02_frame_000075,True,13,False,29,True,7,0,799,101,1039,0.8496165871620178,False,unhealthy,0.7533226609230042,0.24667735397815704,0.7533226609230042,False,,,,,0.0,0.0,0.0,0.0,False
75,video_02_frame_000075,True,20,False,5,True,8,538,966,720,1196,0.8470577597618103,False,healthy,0.7314830422401428,0.7314830422401428,0.2685169279575348,False,red,98.66,0.992,,0.0,0.0,0.0,0.0,False
75,video_02_frame_000075,True,17,False,15,True,9,342,257,511,412,0.8389707803726196,False,healthy,0.9878799319267273,0.9878799319267273,0.012120050378143787,False,light_red,65.79,0.889,,0.0,0.0,0.0,0.0,False
76,video_02_frame_000076,True,1,False,77,True,1,58,672,317,936,0.9897330403327942,False,healthy,0.9685794711112976,0.9685794711112976,0.031420592218637466,False,red,99.66,0.999,,0.0,0.0,0.0,0.0,False
76,video_02_frame_000076,True,7,False,69,True,2,367,552,618,802,0.9863055944442749,False,healthy,0.9831264615058899,0.9831264615058899,0.01687358133494854,False,light_red,83.59,0.729,segmentacion_pobre_o_fondo_excesivo,0.0,0.0,0.0,0.0,False
76,video_02_frame_000076,True,2,False,77,True,3,174,468,398,698,0.9756365418434143,False,healthy,0.44449979066848755,0.44449979066848755,0.5555001497268677,False,red,98.86,0.992,,0.0,0.0,0.0,0.0,False
76,video_02_frame_000076,True,15,False,23,True,4,293,1018,549,1161,0.917418897151947,False,healthy,0.986624002456665,0.986624002456665,0.013375923037528992,False,red,87.79,0.87,,0.0,0.0,0.0,0.0,False
76,video_02_frame_000076,True,5,False,77,True,5,345,390,528,584,0.9057409763336182,False,healthy,0.9572108387947083,0.9572108387947083,0.042789217084646225,False,red,90.1,0.93,,0.0,0.0,0.0,0.0,False
76,video_02_frame_000076,True,3,False,77,True,6,0,461,173,725,0.8928143978118896,False,healthy,0.9693148732185364,0.9693148732185364,0.030685119330883026,False,red,97.74,0.985,,0.0,0.0,0.0,0.0,False
76,video_02_frame_000076,True,20,False,6,True,7,535,970,719,1158,0.866070568561554,False,healthy,0.7314830422401428,0.7314830422401428,0.2685169279575348,False,red,98.66,0.992,,0.0,0.0,0.0,0.0,False
76,video_02_frame_000076,True,17,False,16,True,8,336,257,506,413,0.8659964799880981,False,healthy,0.9878799319267273,0.9878799319267273,0.012120050378143787,False,light_red,65.79,0.889,,0.0,0.0,0.0,0.0,False
76,video_02_frame_000076,True,13,False,30,True,9,0,801,90,1041,0.8064062595367432,False,unhealthy,0.7533226609230042,0.24667735397815704,0.7533226609230042,False,,,,,0.0,0.0,0.0,0.0,False
77,video_02_frame_000077,True,1,False,78,True,1,48,673,307,941,0.9890791773796082,False,healthy,0.9685794711112976,0.9685794711112976,0.031420592218637466,False,red,99.66,0.999,,0.0,0.0,0.0,0.0,False
77,video_02_frame_000077,True,7,False,70,True,2,362,553,611,802,0.985896646976471,False,healthy,0.9831264615058899,0.9831264615058899,0.01687358133494854,False,light_red,83.59,0.729,segmentacion_pobre_o_fondo_excesivo,0.0,0.0,0.0,0.0,False
77,video_02_frame_000077,True,2,False,78,True,3,170,469,391,702,0.9725919961929321,False,healthy,0.44449979066848755,0.44449979066848755,0.5555001497268677,False,red,98.86,0.992,,0.0,0.0,0.0,0.0,False
77,video_02_frame_000077,True,15,False,24,True,4,290,1021,541,1165,0.9320278763771057,False,healthy,0.986624002456665,0.986624002456665,0.013375923037528992,False,red,87.79,0.87,,0.0,0.0,0.0,0.0,False
77,video_02_frame_000077,True,5,False,78,True,5,338,390,524,585,0.9292276501655579,False,healthy,0.9572108387947083,0.9572108387947083,0.042789217084646225,False,red,90.1,0.93,,0.0,0.0,0.0,0.0,False
77,video_02_frame_000077,True,3,False,78,True,6,0,466,163,728,0.8800038695335388,False,healthy,0.9693148732185364,0.9693148732185364,0.030685119330883026,False,red,97.74,0.985,,0.0,0.0,0.0,0.0,False
77,video_02_frame_000077,True,20,False,7,True,7,527,971,720,1153,0.8759257793426514,False,healthy,0.7314830422401428,0.7314830422401428,0.2685169279575348,False,red,98.66,0.992,,0.0,0.0,0.0,0.0,False
77,video_02_frame_000077,True,17,False,17,True,8,331,256,502,412,0.8346744775772095,False,healthy,0.9878799319267273,0.9878799319267273,0.012120050378143787,False,light_red,65.79,0.889,,0.0,0.0,0.0,0.0,False
77,video_02_frame_000077,True,13,False,31,True,9,0,806,82,1043,0.8040556311607361,False,unhealthy,0.7533226609230042,0.24667735397815704,0.7533226609230042,False,,,,,0.0,0.0,0.0,0.0,False
78,video_02_frame_000078,True,1,False,79,True,1,41,673,301,940,0.9906626343727112,False,healthy,0.9685794711112976,0.9685794711112976,0.031420592218637466,False,red,99.66,0.999,,0.0,0.0,0.0,0.0,False
78,video_02_frame_000078,True,7,False,71,True,2,356,555,603,802,0.9840913414955139,False,healthy,0.9831264615058899,0.9831264615058899,0.01687358133494854,False,light_red,83.59,0.729,segmentacion_pobre_o_fondo_excesivo,0.0,0.0,0.0,0.0,False
78,video_02_frame_000078,True,2,False,79,True,3,159,466,387,701,0.9621303677558899,False,healthy,0.44449979066848755,0.44449979066848755,0.5555001497268677,False,red,98.86,0.992,,0.0,0.0,0.0,0.0,False
78,video_02_frame_000078,True,15,False,25,True,4,280,1023,532,1173,0.9313740134239197,False,healthy,0.986624002456665,0.986624002456665,0.013375923037528992,False,red,87.79,0.87,,0.0,0.0,0.0,0.0,False
78,video_02_frame_000078,True,5,False,79,True,5,334,391,518,590,0.9310080409049988,False,healthy,0.9572108387947083,0.9572108387947083,0.042789217084646225,False,red,90.1,0.93,,0.0,0.0,0.0,0.0,False
78,video_02_frame_000078,True,20,False,8,True,6,518,975,720,1159,0.8786922693252563,False,healthy,0.7314830422401428,0.7314830422401428,0.2685169279575348,False,red,98.66,0.992,,0.0,0.0,0.0,0.0,False
78,video_02_frame_000078,True,3,False,79,True,7,0,467,153,729,0.8358367681503296,False,healthy,0.9693148732185364,0.9693148732185364,0.030685119330883026,False,red,97.74,0.985,,0.0,0.0,0.0,0.0,False
78,video_02_frame_000078,True,17,False,18,True,8,327,256,495,410,0.8042232990264893,False,healthy,0.9878799319267273,0.9878799319267273,0.012120050378143787,False,light_red,65.79,0.889,,0.0,0.0,0.0,0.0,False
79,video_02_frame_000079,True,1,False,80,True,1,29,673,296,941,0.983767032623291,False,healthy,0.9685794711112976,0.9685794711112976,0.031420592218637466,False,red,99.66,0.999,,0.0,0.0,0.0,0.0,False
79,video_02_frame_000079,True,7,False,72,True,2,350,554,596,801,0.9806874394416809,False,healthy,0.9831264615058899,0.9831264615058899,0.01687358133494854,False,light_red,83.59,0.729,segmentacion_pobre_o_fondo_excesivo,0.0,0.0,0.0,0.0,False
79,video_02_frame_000079,True,2,False,80,True,3,149,465,381,701,0.9725527763366699,False,healthy,0.44449979066848755,0.44449979066848755,0.5555001497268677,False,red,98.86,0.992,,0.0,0.0,0.0,0.0,False
79,video_02_frame_000079,True,15,False,26,True,4,268,1024,525,1175,0.9497767686843872,False,healthy,0.986624002456665,0.986624002456665,0.013375923037528992,False,red,87.79,0.87,,0.0,0.0,0.0,0.0,False
79,video_02_frame_000079,True,5,False,80,True,5,329,390,509,577,0.9273395538330078,False,healthy,0.9572108387947083,0.9572108387947083,0.042789217084646225,False,red,90.1,0.93,,0.0,0.0,0.0,0.0,False
79,video_02_frame_000079,True,20,False,9,True,6,515,977,718,1170,0.8873687386512756,False,healthy,0.7314830422401428,0.7314830422401428,0.2685169279575348,False,red,98.66,0.992,,0.0,0.0,0.0,0.0,False
79,video_02_frame_000079,True,3,False,80,True,7,0,465,146,730,0.8473747372627258,False,healthy,0.9693148732185364,0.9693148732185364,0.030685119330883026,False,red,97.74,0.985,,0.0,0.0,0.0,0.0,False
79,video_02_frame_000079,True,17,False,19,True,8,321,256,484,408,0.8037281036376953,False,healthy,0.9878799319267273,0.9878799319267273,0.012120050378143787,False,light_red,65.79,0.889,,0.0,0.0,0.0,0.0,False
80,video_02_frame_000080,True,2,False,81,True,1,138,463,373,703,0.9758880734443665,False,healthy,0.44449979066848755,0.44449979066848755,0.5555001497268677,False,red,98.86,0.992,,0.0,0.0,0.0,0.0,False
80,video_02_frame_000080,True,1,False,81,True,2,21,674,286,943,0.9739047884941101,False,healthy,0.9685794711112976,0.9685794711112976,0.031420592218637466,False,red,99.66,0.999,,0.0,0.0,0.0,0.0,False
80,video_02_frame_000080,True,7,False,73,True,3,339,553,586,802,0.9719944000244141,False,healthy,0.9831264615058899,0.9831264615058899,0.01687358133494854,False,light_red,83.59,0.729,segmentacion_pobre_o_fondo_excesivo,0.0,0.0,0.0,0.0,False
80,video_02_frame_000080,True,15,False,27,True,4,260,1023,516,1176,0.9582647085189819,False,healthy,0.986624002456665,0.986624002456665,0.013375923037528992,False,red,87.79,0.87,,0.0,0.0,0.0,0.0,False
80,video_02_frame_000080,True,5,False,81,True,5,322,389,499,569,0.9130595922470093,False,healthy,0.9572108387947083,0.9572108387947083,0.042789217084646225,False,red,90.1,0.93,,0.0,0.0,0.0,0.0,False
80,video_02_frame_000080,True,20,False,10,True,6,506,977,718,1172,0.8940949440002441,False,healthy,0.7314830422401428,0.7314830422401428,0.2685169279575348,False,red,98.66,0.992,,0.0,0.0,0.0,0.0,False
80,video_02_frame_000080,True,17,False,20,True,7,314,256,481,409,0.8046223521232605,False,healthy,0.9878799319267273,0.9878799319267273,0.012120050378143787,False,light_red,65.79,0.889,,0.0,0.0,0.0,0.0,False
81,video_02_frame_000081,True,2,False,82,True,1,129,460,363,705,0.9807459115982056,False,healthy,0.44449979066848755,0.44449979066848755,0.5555001497268677,False,red,98.86,0.992,,0.0,0.0,0.0,0.0,False
81,video_02_frame_000081,True,1,False,82,True,2,14,671,276,943,0.9791168570518494,False,healthy,0.9685794711112976,0.9685794711112976,0.031420592218637466,False,red,99.66,0.999,,0.0,0.0,0.0,0.0,False
81,video_02_frame_000081,True,7,False,74,True,3,337,549,582,804,0.9759101867675781,False,healthy,0.9831264615058899,0.9831264615058899,0.01687358133494854,False,light_red,83.59,0.729,segmentacion_pobre_o_fondo_excesivo,0.0,0.0,0.0,0.0,False
81,video_02_frame_000081,True,15,False,28,True,4,252,1025,508,1178,0.9488891363143921,False,healthy,0.986624002456665,0.986624002456665,0.013375923037528992,False,red,87.79,0.87,,0.0,0.0,0.0,0.0,False
81,video_02_frame_000081,True,5,False,82,True,5,314,388,497,580,0.9152501225471497,False,healthy,0.9572108387947083,0.9572108387947083,0.042789217084646225,False,red,90.1,0.93,,0.0,0.0,0.0,0.0,False
81,video_02_frame_000081,True,20,False,11,True,6,498,979,716,1172,0.8908402323722839,False,healthy,0.7314830422401428,0.7314830422401428,0.2685169279575348,False,red,98.66,0.992,,0.0,0.0,0.0,0.0,False
81,video_02_frame_000081,True,17,False,21,True,7,312,254,471,407,0.8076323866844177,False,healthy,0.9878799319267273,0.9878799319267273,0.012120050378143787,False,light_red,65.79,0.889,,0.0,0.0,0.0,0.0,False
82,video_02_frame_000082,True,2,False,83,True,1,121,460,358,705,0.9842109680175781,False,healthy,0.44449979066848755,0.44449979066848755,0.5555001497268677,False,red,98.86,0.992,,0.0,0.0,0.0,0.0,False
82,video_02_frame_000082,True,7,False,75,True,2,331,547,576,803,0.98365718126297,False,healthy,0.9831264615058899,0.9831264615058899,0.01687358133494854,False,light_red,83.59,0.729,segmentacion_pobre_o_fondo_excesivo,0.0,0.0,0.0,0.0,False
82,video_02_frame_000082,True,1,False,83,True,3,8,673,271,945,0.981925368309021,False,healthy,0.9685794711112976,0.9685794711112976,0.031420592218637466,False,red,99.66,0.999,,0.0,0.0,0.0,0.0,False
82,video_02_frame_000082,True,15,False,29,True,4,237,1024,501,1179,0.9392882585525513,False,healthy,0.986624002456665,0.986624002456665,0.013375923037528992,False,red,87.79,0.87,,0.0,0.0,0.0,0.0,False
82,video_02_frame_000082,True,5,False,83,True,5,308,387,494,579,0.9202022552490234,False,healthy,0.9572108387947083,0.9572108387947083,0.042789217084646225,False,red,90.1,0.93,,0.0,0.0,0.0,0.0,False
82,video_02_frame_000082,True,20,False,12,True,6,491,979,717,1174,0.8800238966941833,False,healthy,0.7314830422401428,0.7314830422401428,0.2685169279575348,False,red,98.66,0.992,,0.0,0.0,0.0,0.0,False
82,video_02_frame_000082,True,3,False,81,True,7,47,445,194,556,0.8299635052680969,False,healthy,0.9693148732185364,0.9693148732185364,0.030685119330883026,False,red,97.74,0.985,,0.0,0.0,0.0,0.0,False
82,video_02_frame_000082,True,17,False,22,True,8,305,253,472,407,0.817955732345581,False,healthy,0.9878799319267273,0.9878799319267273,0.012120050378143787,False,light_red,65.79,0.889,,0.0,0.0,0.0,0.0,False
83,video_02_frame_000083,True,1,False,84,True,1,4,672,266,945,0.9856253266334534,False,healthy,0.9685794711112976,0.9685794711112976,0.031420592218637466,False,red,99.66,0.999,,0.0,0.0,0.0,0.0,False
83,video_02_frame_000083,True,7,False,76,True,2,324,547,571,803,0.9848041534423828,False,healthy,0.9831264615058899,0.9831264615058899,0.01687358133494854,False,light_red,83.59,0.729,segmentacion_pobre_o_fondo_excesivo,0.0,0.0,0.0,0.0,False
83,video_02_frame_000083,True,2,False,84,True,3,117,459,351,703,0.982477605342865,False,healthy,0.44449979066848755,0.44449979066848755,0.5555001497268677,False,red,98.86,0.992,,0.0,0.0,0.0,0.0,False
83,video_02_frame_000083,True,15,False,30,True,4,229,1027,494,1181,0.9412347674369812,False,healthy,0.986624002456665,0.986624002456665,0.013375923037528992,False,red,87.79,0.87,,0.0,0.0,0.0,0.0,False
83,video_02_frame_000083,True,5,False,84,True,5,304,386,489,579,0.9313535094261169,False,healthy,0.9572108387947083,0.9572108387947083,0.042789217084646225,False,red,90.1,0.93,,0.0,0.0,0.0,0.0,False
83,video_02_frame_000083,True,20,False,13,True,6,486,982,715,1176,0.8777443766593933,False,healthy,0.7314830422401428,0.7314830422401428,0.2685169279575348,False,red,98.66,0.992,,0.0,0.0,0.0,0.0,False
83,video_02_frame_000083,True,17,False,23,True,7,301,252,467,408,0.8347403407096863,False,healthy,0.9878799319267273,0.9878799319267273,0.012120050378143787,False,light_red,65.79,0.889,,0.0,0.0,0.0,0.0,False
84,video_02_frame_000084,True,7,False,77,True,1,316,548,567,803,0.9875566959381104,False,healthy,0.9831264615058899,0.9831264615058899,0.01687358133494854,False,light_red,83.59,0.729,segmentacion_pobre_o_fondo_excesivo,0.0,0.0,0.0,0.0,False
84,video_02_frame_000084,True,1,False,85,True,2,0,674,259,946,0.9847287535667419,False,healthy,0.9685794711112976,0.9685794711112976,0.031420592218637466,False,red,99.66,0.999,,0.0,0.0,0.0,0.0,False
84,video_02_frame_000084,True,2,False,85,True,3,111,460,345,706,0.9808145761489868,False,healthy,0.44449979066848755,0.44449979066848755,0.5555001497268677,False,red,98.86,0.992,,0.0,0.0,0.0,0.0,False
84,video_02_frame_000084,True,15,False,31,True,4,224,1027,487,1182,0.934126079082489,False,healthy,0.986624002456665,0.986624002456665,0.013375923037528992,False,red,87.79,0.87,,0.0,0.0,0.0,0.0,False
84,video_02_frame_000084,True,5,False,85,True,5,298,387,484,582,0.9009183049201965,False,healthy,0.9572108387947083,0.9572108387947083,0.042789217084646225,False,red,90.1,0.93,,0.0,0.0,0.0,0.0,False
84,video_02_frame_000084,True,20,False,14,True,6,481,983,716,1182,0.8523637056350708,False,healthy,0.7314830422401428,0.7314830422401428,0.2685169279575348,False,red,98.66,0.992,,0.0,0.0,0.0,0.0,False
85,video_02_frame_000085,True,7,False,78,True,1,309,549,560,804,0.9863792657852173,False,healthy,0.9831264615058899,0.9831264615058899,0.01687358133494854,False,light_red,83.59,0.729,segmentacion_pobre_o_fondo_excesivo,0.0,0.0,0.0,0.0,False
85,video_02_frame_000085,True,1,False,86,True,2,0,674,252,947,0.9831167459487915,False,healthy,0.9685794711112976,0.9685794711112976,0.031420592218637466,False,red,99.66,0.999,,0.0,0.0,0.0,0.0,False
85,video_02_frame_000085,True,2,False,86,True,3,107,459,341,704,0.9788955450057983,False,healthy,0.44449979066848755,0.44449979066848755,0.5555001497268677,False,red,98.86,0.992,,0.0,0.0,0.0,0.0,False
85,video_02_frame_000085,True,15,False,32,True,4,216,1029,479,1183,0.9508604407310486,False,healthy,0.986624002456665,0.986624002456665,0.013375923037528992,False,red,87.79,0.87,,0.0,0.0,0.0,0.0,False
85,video_02_frame_000085,True,5,False,86,True,5,295,386,474,566,0.8908852934837341,False,healthy,0.9572108387947083,0.9572108387947083,0.042789217084646225,False,red,90.1,0.93,,0.0,0.0,0.0,0.0,False
85,video_02_frame_000085,True,20,False,15,True,6,468,980,719,1173,0.8523992896080017,False,healthy,0.7314830422401428,0.7314830422401428,0.2685169279575348,False,red,98.66,0.992,,0.0,0.0,0.0,0.0,False
85,video_02_frame_000085,True,3,False,82,True,7,31,445,171,564,0.8089045286178589,False,healthy,0.9693148732185364,0.9693148732185364,0.030685119330883026,False,red,97.74,0.985,,0.0,0.0,0.0,0.0,False
86,video_02_frame_000086,True,7,False,79,True,1,302,551,552,804,0.9864299297332764,False,healthy,0.9831264615058899,0.9831264615058899,0.01687358133494854,False,light_red,83.59,0.729,segmentacion_pobre_o_fondo_excesivo,0.0,0.0,0.0,0.0,False
86,video_02_frame_000086,True,1,False,87,True,2,0,676,243,948,0.9848039150238037,False,healthy,0.9685794711112976,0.9685794711112976,0.031420592218637466,False,red,99.66,0.999,,0.0,0.0,0.0,0.0,False
86,video_02_frame_000086,True,2,False,87,True,3,98,463,334,706,0.9734954237937927,False,healthy,0.44449979066848755,0.44449979066848755,0.5555001497268677,False,red,98.86,0.992,,0.0,0.0,0.0,0.0,False
86,video_02_frame_000086,True,15,False,33,True,4,209,1029,473,1186,0.9499426484107971,False,healthy,0.986624002456665,0.986624002456665,0.013375923037528992,False,red,87.79,0.87,,0.0,0.0,0.0,0.0,False
86,video_02_frame_000086,True,5,False,87,True,5,286,387,468,579,0.8948083519935608,False,healthy,0.9572108387947083,0.9572108387947083,0.042789217084646225,False,red,90.1,0.93,,0.0,0.0,0.0,0.0,False
86,video_02_frame_000086,True,20,False,16,True,6,460,981,718,1177,0.8385738134384155,False,healthy,0.7314830422401428,0.7314830422401428,0.2685169279575348,False,red,98.66,0.992,,0.0,0.0,0.0,0.0,False
86,video_02_frame_000086,True,17,False,24,True,7,286,252,453,404,0.8232165575027466,False,healthy,0.9878799319267273,0.9878799319267273,0.012120050378143787,False,light_red,65.79,0.889,,0.0,0.0,0.0,0.0,False
87,video_02_frame_000087,True,7,False,80,True,1,297,552,545,803,0.9858420491218567,False,healthy,0.9831264615058899,0.9831264615058899,0.01687358133494854,False,light_red,83.59,0.729,segmentacion_pobre_o_fondo_excesivo,0.0,0.0,0.0,0.0,False
87,video_02_frame_000087,True,1,False,88,True,2,0,676,237,948,0.9844100475311279,False,healthy,0.9685794711112976,0.9685794711112976,0.031420592218637466,False,red,99.66,0.999,,0.0,0.0,0.0,0.0,False
87,video_02_frame_000087,True,2,False,88,True,3,89,461,327,706,0.9715718626976013,False,healthy,0.44449979066848755,0.44449979066848755,0.5555001497268677,False,red,98.86,0.992,,0.0,0.0,0.0,0.0,False
87,video_02_frame_000087,True,15,False,34,True,4,197,1031,465,1189,0.9490681290626526,False,healthy,0.986624002456665,0.986624002456665,0.013375923037528992,False,red,87.79,0.87,,0.0,0.0,0.0,0.0,False
87,video_02_frame_000087,True,5,False,88,True,5,280,386,464,575,0.8858749866485596,False,healthy,0.9572108387947083,0.9572108387947083,0.042789217084646225,False,red,90.1,0.93,,0.0,0.0,0.0,0.0,False
87,video_02_frame_000087,True,20,False,17,True,6,455,985,711,1172,0.8642678260803223,False,healthy,0.7314830422401428,0.7314830422401428,0.2685169279575348,False,red,98.66,0.992,,0.0,0.0,0.0,0.0,False
87,video_02_frame_000087,True,21,True,1,False,7,610,881,720,1071,0.8577225208282471,True,healthy,0.9992308616638184,0.9992308616638184,0.0007691254722885787,True,red,93.54,0.721,segmentacion_pobre_o_fondo_excesivo,6.103515625e-05,0.06705546379089355,0.23244071006774902,0.2995572090148926,False
88,video_02_frame_000088,True,7,False,81,True,1,293,554,540,802,0.9847820401191711,False,healthy,0.9831264615058899,0.9831264615058899,0.01687358133494854,False,light_red,83.59,0.729,segmentacion_pobre_o_fondo_excesivo,0.0,0.0,0.0,0.0,False
88,video_02_frame_000088,True,1,False,89,True,2,0,677,233,951,0.9821098446846008,False,healthy,0.9685794711112976,0.9685794711112976,0.031420592218637466,False,red,99.66,0.999,,0.0,0.0,0.0,0.0,False
88,video_02_frame_000088,True,2,False,89,True,3,81,462,323,706,0.9751573801040649,False,healthy,0.44449979066848755,0.44449979066848755,0.5555001497268677,False,red,98.86,0.992,,0.0,0.0,0.0,0.0,False
88,video_02_frame_000088,True,15,False,35,True,4,193,1030,462,1189,0.9409389495849609,False,healthy,0.986624002456665,0.986624002456665,0.013375923037528992,False,red,87.79,0.87,,0.0,0.0,0.0,0.0,False
88,video_02_frame_000088,True,5,False,89,True,5,278,388,461,566,0.8711345791816711,False,healthy,0.9572108387947083,0.9572108387947083,0.042789217084646225,False,red,90.1,0.93,,0.0,0.0,0.0,0.0,False
88,video_02_frame_000088,True,20,False,18,True,6,451,983,706,1182,0.8620343804359436,False,healthy,0.7314830422401428,0.7314830422401428,0.2685169279575348,False,red,98.66,0.992,,0.0,0.0,0.0,0.0,False
88,video_02_frame_000088,True,21,False,2,True,7,603,879,720,1073,0.8562188148498535,False,healthy,0.9992308616638184,0.9992308616638184,0.0007691254722885787,False,red,93.54,0.721,segmentacion_pobre_o_fondo_excesivo,0.0,0.0,0.0,0.0,False
88,video_02_frame_000088,True,17,False,25,True,8,277,251,443,402,0.8309010863304138,False,healthy,0.9878799319267273,0.9878799319267273,0.012120050378143787,False,light_red,65.79,0.889,,0.0,0.0,0.0,0.0,False
89,video_02_frame_000089,True,7,False,82,True,1,287,553,534,801,0.9827215075492859,False,healthy,0.9831264615058899,0.9831264615058899,0.01687358133494854,False,light_red,83.59,0.729,segmentacion_pobre_o_fondo_excesivo,0.0,0.0,0.0,0.0,False
89,video_02_frame_000089,True,1,False,90,True,2,3,678,227,954,0.9812209606170654,False,healthy,0.9685794711112976,0.9685794711112976,0.031420592218637466,False,red,99.66,0.999,,0.0,0.0,0.0,0.0,False
89,video_02_frame_000089,True,2,False,90,True,3,71,460,316,706,0.9799656867980957,False,healthy,0.44449979066848755,0.44449979066848755,0.5555001497268677,False,red,98.86,0.992,,0.0,0.0,0.0,0.0,False
89,video_02_frame_000089,True,15,False,36,True,4,187,1031,456,1190,0.945458710193634,False,healthy,0.986624002456665,0.986624002456665,0.013375923037528992,False,red,87.79,0.87,,0.0,0.0,0.0,0.0,False
89,video_02_frame_000089,True,20,False,19,True,5,445,983,699,1178,0.8805440664291382,False,healthy,0.7314830422401428,0.7314830422401428,0.2685169279575348,False,red,98.66,0.992,,0.0,0.0,0.0,0.0,False
89,video_02_frame_000089,True,21,False,3,True,6,596,877,720,1073,0.8621872663497925,False,healthy,0.9992308616638184,0.9992308616638184,0.0007691254722885787,False,red,93.54,0.721,segmentacion_pobre_o_fondo_excesivo,0.0,0.0,0.0,0.0,False
89,video_02_frame_000089,True,5,False,90,True,7,271,386,456,576,0.8303104043006897,False,healthy,0.9572108387947083,0.9572108387947083,0.042789217084646225,False,red,90.1,0.93,,0.0,0.0,0.0,0.0,False
90,video_02_frame_000090,True,2,False,91,True,1,62,459,307,708,0.9855445027351379,False,healthy,0.44449979066848755,0.44449979066848755,0.5555001497268677,False,red,98.86,0.992,,0.0,0.0,0.0,0.0,False
90,video_02_frame_000090,True,1,False,91,True,2,1,679,217,955,0.9791886210441589,False,healthy,0.9685794711112976,0.9685794711112976,0.031420592218637466,False,red,99.66,0.999,,0.0,0.0,0.0,0.0,False
90,video_02_frame_000090,True,7,False,83,True,3,278,550,527,801,0.975231409072876,False,healthy,0.9831264615058899,0.9831264615058899,0.01687358133494854,False,light_red,83.59,0.729,segmentacion_pobre_o_fondo_excesivo,0.0,0.0,0.0,0.0,False
90,video_02_frame_000090,True,15,False,37,True,4,180,1034,442,1193,0.9063215851783752,False,healthy,0.986624002456665,0.986624002456665,0.013375923037528992,False,red,87.79,0.87,,0.0,0.0,0.0,0.0,False
90,video_02_frame_000090,True,20,False,20,True,5,435,982,693,1178,0.8887474536895752,False,healthy,0.7314830422401428,0.7314830422401428,0.2685169279575348,False,red,98.66,0.992,,0.0,0.0,0.0,0.0,False
90,video_02_frame_000090,True,21,False,4,True,6,590,877,720,1072,0.8694176077842712,False,healthy,0.9992308616638184,0.9992308616638184,0.0007691254722885787,False,red,93.54,0.721,segmentacion_pobre_o_fondo_excesivo,0.0,0.0,0.0,0.0,False
90,video_02_frame_000090,True,5,False,91,True,7,266,386,454,562,0.8488736152648926,False,healthy,0.9572108387947083,0.9572108387947083,0.042789217084646225,False,red,90.1,0.93,,0.0,0.0,0.0,0.0,False
90,video_02_frame_000090,True,17,False,26,True,8,266,250,433,402,0.8156570196151733,False,healthy,0.9878799319267273,0.9878799319267273,0.012120050378143787,False,light_red,65.79,0.889,,0.0,0.0,0.0,0.0,False
91,video_02_frame_000091,True,2,False,92,True,1,57,460,300,707,0.9862804412841797,False,healthy,0.44449979066848755,0.44449979066848755,0.5555001497268677,False,red,98.86,0.992,,0.0,0.0,0.0,0.0,False
91,video_02_frame_000091,True,7,False,84,True,2,275,547,521,804,0.980510413646698,False,healthy,0.9831264615058899,0.9831264615058899,0.01687358133494854,False,light_red,83.59,0.729,segmentacion_pobre_o_fondo_excesivo,0.0,0.0,0.0,0.0,False
91,video_02_frame_000091,True,1,False,92,True,3,0,679,208,955,0.9745758175849915,False,healthy,0.9685794711112976,0.9685794711112976,0.031420592218637466,False,red,99.66,0.999,,0.0,0.0,0.0,0.0,False
91,video_02_frame_000091,True,15,False,38,True,4,171,1034,436,1194,0.9307693243026733,False,healthy,0.986624002456665,0.986624002456665,0.013375923037528992,False,red,87.79,0.87,,0.0,0.0,0.0,0.0,False
91,video_02_frame_000091,True,21,False,5,True,5,585,875,720,1069,0.9086015820503235,False,healthy,0.9992308616638184,0.9992308616638184,0.0007691254722885787,False,red,93.54,0.721,segmentacion_pobre_o_fondo_excesivo,0.0,0.0,0.0,0.0,False
91,video_02_frame_000091,True,20,False,21,True,6,430,983,684,1180,0.8834015727043152,False,healthy,0.7314830422401428,0.7314830422401428,0.2685169279575348,False,red,98.66,0.992,,0.0,0.0,0.0,0.0,False
91,video_02_frame_000091,True,5,False,92,True,7,259,384,442,561,0.8675055503845215,False,healthy,0.9572108387947083,0.9572108387947083,0.042789217084646225,False,red,90.1,0.93,,0.0,0.0,0.0,0.0,False
92,video_02_frame_000092,True,2,False,93,True,1,52,460,294,706,0.9842720031738281,False,healthy,0.44449979066848755,0.44449979066848755,0.5555001497268677,False,red,98.86,0.992,,0.0,0.0,0.0,0.0,False
92,video_02_frame_000092,True,7,False,85,True,2,268,545,516,803,0.9838111996650696,False,healthy,0.9831264615058899,0.9831264615058899,0.01687358133494854,False,light_red,83.59,0.729,segmentacion_pobre_o_fondo_excesivo,0.0,0.0,0.0,0.0,False
92,video_02_frame_000092,True,1,False,93,True,3,0,678,202,955,0.9705711007118225,False,healthy,0.9685794711112976,0.9685794711112976,0.031420592218637466,False,red,99.66,0.999,,0.0,0.0,0.0,0.0,False
92,video_02_frame_000092,True,21,False,6,True,4,577,875,720,1068,0.9191664457321167,False,healthy,0.9992308616638184,0.9992308616638184,0.0007691254722885787,False,red,93.54,0.721,segmentacion_pobre_o_fondo_excesivo,0.0,0.0,0.0,0.0,False
92,video_02_frame_000092,True,15,False,39,True,5,163,1034,431,1196,0.9159237742424011,False,healthy,0.986624002456665,0.986624002456665,0.013375923037528992,False,red,87.79,0.87,,0.0,0.0,0.0,0.0,False
92,video_02_frame_000092,True,20,False,22,True,6,426,984,678,1182,0.8696063160896301,False,healthy,0.7314830422401428,0.7314830422401428,0.2685169279575348,False,red,98.66,0.992,,0.0,0.0,0.0,0.0,False
92,video_02_frame_000092,True,5,False,93,True,7,251,386,448,570,0.8350393176078796,False,healthy,0.9572108387947083,0.9572108387947083,0.042789217084646225,False,red,90.1,0.93,,0.0,0.0,0.0,0.0,False
92,video_02_frame_000092,True,17,False,27,True,8,253,246,425,401,0.8018158674240112,False,healthy,0.9878799319267273,0.9878799319267273,0.012120050378143787,False,light_red,65.79,0.889,,0.0,0.0,0.0,0.0,False
93,video_02_frame_000093,True,7,False,86,True,1,261,546,508,804,0.9857368469238281,False,healthy,0.9831264615058899,0.9831264615058899,0.01687358133494854,False,light_red,83.59,0.729,segmentacion_pobre_o_fondo_excesivo,0.0,0.0,0.0,0.0,False
93,video_02_frame_000093,True,2,False,94,True,2,46,462,287,709,0.9837528467178345,False,healthy,0.44449979066848755,0.44449979066848755,0.5555001497268677,False,red,98.86,0.992,,0.0,0.0,0.0,0.0,False
93,video_02_frame_000093,True,1,False,94,True,3,0,675,195,953,0.9571234583854675,False,healthy,0.9685794711112976,0.9685794711112976,0.031420592218637466,False,red,99.66,0.999,,0.0,0.0,0.0,0.0,False
93,video_02_frame_000093,True,21,False,7,True,4,570,876,720,1070,0.9356322288513184,False,healthy,0.9992308616638184,0.9992308616638184,0.0007691254722885787,False,red,93.54,0.721,segmentacion_pobre_o_fondo_excesivo,0.0,0.0,0.0,0.0,False
93,video_02_frame_000093,True,15,False,40,True,5,153,1035,421,1199,0.8967271447181702,False,healthy,0.986624002456665,0.986624002456665,0.013375923037528992,False,red,87.79,0.87,,0.0,0.0,0.0,0.0,False
93,video_02_frame_000093,True,5,False,94,True,6,247,384,431,565,0.8661544322967529,False,healthy,0.9572108387947083,0.9572108387947083,0.042789217084646225,False,red,90.1,0.93,,0.0,0.0,0.0,0.0,False
93,video_02_frame_000093,True,20,False,23,True,7,420,985,664,1189,0.866095781326294,False,healthy,0.7314830422401428,0.7314830422401428,0.2685169279575348,False,red,98.66,0.992,,0.0,0.0,0.0,0.0,False
93,video_02_frame_000093,True,22,True,1,False,8,606,306,720,404,0.8062302470207214,True,healthy,0.9986897110939026,0.9986897110939026,0.0013103206874802709,True,red,99.91,0.999,,4.3392181396484375e-05,0.05898594856262207,0.1175997257232666,0.17662906646728516,False
94,video_02_frame_000094,True,7,False,87,True,1,249,547,504,805,0.9872143268585205,False,healthy,0.9831264615058899,0.9831264615058899,0.01687358133494854,False,light_red,83.59,0.729,segmentacion_pobre_o_fondo_excesivo,0.0,0.0,0.0,0.0,False
94,video_02_frame_000094,True,2,False,95,True,2,38,462,280,709,0.9831595420837402,False,healthy,0.44449979066848755,0.44449979066848755,0.5555001497268677,False,red,98.86,0.992,,0.0,0.0,0.0,0.0,False
94,video_02_frame_000094,True,1,False,95,True,3,0,676,187,952,0.9654636979103088,False,healthy,0.9685794711112976,0.9685794711112976,0.031420592218637466,False,red,99.66,0.999,,0.0,0.0,0.0,0.0,False
94,video_02_frame_000094,True,21,False,8,True,4,562,876,720,1070,0.9451784491539001,False,healthy,0.9992308616638184,0.9992308616638184,0.0007691254722885787,False,red,93.54,0.721,segmentacion_pobre_o_fondo_excesivo,0.0,0.0,0.0,0.0,False
94,video_02_frame_000094,True,15,False,41,True,5,147,1038,410,1203,0.8842424154281616,False,healthy,0.986624002456665,0.986624002456665,0.013375923037528992,False,red,87.79,0.87,,0.0,0.0,0.0,0.0,False
94,video_02_frame_000094,True,20,False,24,True,6,402,986,660,1173,0.8482317328453064,False,healthy,0.7314830422401428,0.7314830422401428,0.2685169279575348,False,red,98.66,0.992,,0.0,0.0,0.0,0.0,False
94,video_02_frame_000094,True,5,False,95,True,7,241,386,430,564,0.8363087177276611,False,healthy,0.9572108387947083,0.9572108387947083,0.042789217084646225,False,red,90.1,0.93,,0.0,0.0,0.0,0.0,False
94,video_02_frame_000094,True,17,False,28,True,8,241,246,418,402,0.8089582920074463,False,healthy,0.9878799319267273,0.9878799319267273,0.012120050378143787,False,light_red,65.79,0.889,,0.0,0.0,0.0,0.0,False
95,video_02_frame_000095,True,7,False,88,True,1,242,549,495,804,0.984585702419281,False,healthy,0.9831264615058899,0.9831264615058899,0.01687358133494854,False,light_red,83.59,0.729,segmentacion_pobre_o_fondo_excesivo,0.0,0.0,0.0,0.0,False
95,video_02_frame_000095,True,2,False,96,True,2,29,466,271,710,0.979640781879425,False,healthy,0.44449979066848755,0.44449979066848755,0.5555001497268677,False,red,98.86,0.992,,0.0,0.0,0.0,0.0,False
95,video_02_frame_000095,True,1,False,96,True,3,0,676,178,952,0.9675082564353943,False,healthy,0.9685794711112976,0.9685794711112976,0.031420592218637466,False,red,99.66,0.999,,0.0,0.0,0.0,0.0,False
95,video_02_frame_000095,True,21,False,9,True,4,556,879,720,1068,0.9149284958839417,False,healthy,0.9992308616638184,0.9992308616638184,0.0007691254722885787,False,red,93.54,0.721,segmentacion_pobre_o_fondo_excesivo,0.0,0.0,0.0,0.0,False
95,video_02_frame_000095,True,15,False,42,True,5,137,1037,404,1200,0.8622214794158936,False,healthy,0.986624002456665,0.986624002456665,0.013375923037528992,False,red,87.79,0.87,,0.0,0.0,0.0,0.0,False
95,video_02_frame_000095,True,20,False,25,True,6,400,987,655,1189,0.860195517539978,False,healthy,0.7314830422401428,0.7314830422401428,0.2685169279575348,False,red,98.66,0.992,,0.0,0.0,0.0,0.0,False
95,video_02_frame_000095,True,5,False,96,True,7,235,385,414,560,0.8509591221809387,False,healthy,0.9572108387947083,0.9572108387947083,0.042789217084646225,False,red,90.1,0.93,,0.0,0.0,0.0,0.0,False
95,video_02_frame_000095,True,22,False,2,True,8,593,305,719,403,0.8387627601623535,False,healthy,0.9986897110939026,0.9986897110939026,0.0013103206874802709,False,red,99.91,0.999,,0.0,0.0,0.0,0.0,False
95,video_02_frame_000095,True,17,False,29,True,9,236,246,408,402,0.8228906989097595,False,healthy,0.9878799319267273,0.9878799319267273,0.012120050378143787,False,light_red,65.79,0.889,,0.0,0.0,0.0,0.0,False
95,video_02_frame_000095,True,23,True,1,False,10,645,511,720,702,0.817139208316803,False,,,,,False,,,,,6.008148193359375e-05,0.0,0.0,6.008148193359375e-05,False
96,video_02_frame_000096,True,7,False,89,True,1,235,552,486,805,0.9853810667991638,False,healthy,0.9831264615058899,0.9831264615058899,0.01687358133494854,False,light_red,83.59,0.729,segmentacion_pobre_o_fondo_excesivo,0.0,0.0,0.0,0.0,False
96,video_02_frame_000096,True,2,False,97,True,2,20,465,263,708,0.9796216487884521,False,healthy,0.44449979066848755,0.44449979066848755,0.5555001497268677,False,red,98.86,0.992,,0.0,0.0,0.0,0.0,False
96,video_02_frame_000096,True,1,False,97,True,3,0,677,172,955,0.9724707007408142,False,healthy,0.9685794711112976,0.9685794711112976,0.031420592218637466,False,red,99.66,0.999,,0.0,0.0,0.0,0.0,False
96,video_02_frame_000096,True,15,False,43,True,4,133,1040,392,1205,0.9194303154945374,False,healthy,0.986624002456665,0.986624002456665,0.013375923037528992,False,red,87.79,0.87,,0.0,0.0,0.0,0.0,False
96,video_02_frame_000096,True,21,False,10,True,5,544,880,720,1070,0.9147526025772095,False,healthy,0.9992308616638184,0.9992308616638184,0.0007691254722885787,False,red,93.54,0.721,segmentacion_pobre_o_fondo_excesivo,0.0,0.0,0.0,0.0,False
96,video_02_frame_000096,True,20,False,26,True,6,389,989,649,1207,0.9100408554077148,False,healthy,0.7314830422401428,0.7314830422401428,0.2685169279575348,False,red,98.66,0.992,,0.0,0.0,0.0,0.0,False
96,video_02_frame_000096,True,5,False,97,True,7,226,387,410,565,0.8649362325668335,False,healthy,0.9572108387947083,0.9572108387947083,0.042789217084646225,False,red,90.1,0.93,,0.0,0.0,0.0,0.0,False
96,video_02_frame_000096,True,23,False,2,True,8,635,509,720,703,0.8496770262718201,False,,,,,False,,,,,0.0,0.0,0.0,0.0,False
96,video_02_frame_000096,True,22,False,3,True,9,589,305,720,403,0.8277891874313354,False,healthy,0.9986897110939026,0.9986897110939026,0.0013103206874802709,False,red,99.91,0.999,,0.0,0.0,0.0,0.0,False
96,video_02_frame_000096,True,17,False,30,True,10,231,247,404,403,0.8120368123054504,False,healthy,0.9878799319267273,0.9878799319267273,0.012120050378143787,False,light_red,65.79,0.889,,0.0,0.0,0.0,0.0,False
97,video_02_frame_000097,True,2,False,98,True,1,7,464,256,713,0.9860131144523621,False,healthy,0.44449979066848755,0.44449979066848755,0.5555001497268677,False,red,98.86,0.992,,0.0,0.0,0.0,0.0,False
97,video_02_frame_000097,True,7,False,90,True,2,231,554,479,807,0.983474850654602,False,healthy,0.9831264615058899,0.9831264615058899,0.01687358133494854,False,light_red,83.59,0.729,segmentacion_pobre_o_fondo_excesivo,0.0,0.0,0.0,0.0,False
97,video_02_frame_000097,True,1,False,98,True,3,0,680,162,962,0.9744096398353577,False,healthy,0.9685794711112976,0.9685794711112976,0.031420592218637466,False,red,99.66,0.999,,0.0,0.0,0.0,0.0,False
97,video_02_frame_000097,True,20,False,27,True,4,381,991,640,1203,0.9199042916297913,False,healthy,0.7314830422401428,0.7314830422401428,0.2685169279575348,False,red,98.66,0.992,,0.0,0.0,0.0,0.0,False
97,video_02_frame_000097,True,21,False,11,True,5,539,881,720,1075,0.9013198018074036,False,healthy,0.9992308616638184,0.9992308616638184,0.0007691254722885787,False,red,93.54,0.721,segmentacion_pobre_o_fondo_excesivo,0.0,0.0,0.0,0.0,False
97,video_02_frame_000097,True,23,False,3,True,6,628,506,720,704,0.8804516792297363,False,,,,,False,,,,,0.0,0.0,0.0,0.0,False
97,video_02_frame_000097,True,15,False,44,True,7,122,1047,386,1215,0.8673079013824463,False,healthy,0.986624002456665,0.986624002456665,0.013375923037528992,False,red,87.79,0.87,,0.0,0.0,0.0,0.0,False
97,video_02_frame_000097,True,5,False,98,True,8,219,385,405,572,0.8276596069335938,False,healthy,0.9572108387947083,0.9572108387947083,0.042789217084646225,False,red,90.1,0.93,,0.0,0.0,0.0,0.0,False
97,video_02_frame_000097,True,22,False,4,True,9,583,305,720,404,0.8161363005638123,False,healthy,0.9986897110939026,0.9986897110939026,0.0013103206874802709,False,red,99.91,0.999,,0.0,0.0,0.0,0.0,False
98,video_02_frame_000098,True,2,False,99,True,1,1,465,250,714,0.9891794919967651,False,healthy,0.44449979066848755,0.44449979066848755,0.5555001497268677,False,red,98.86,0.992,,0.0,0.0,0.0,0.0,False
98,video_02_frame_000098,True,7,False,91,True,2,224,557,471,810,0.9770734310150146,False,healthy,0.9831264615058899,0.9831264615058899,0.01687358133494854,False,light_red,83.59,0.729,segmentacion_pobre_o_fondo_excesivo,0.0,0.0,0.0,0.0,False
98,video_02_frame_000098,True,1,False,99,True,3,0,685,157,969,0.9649609327316284,False,healthy,0.9685794711112976,0.9685794711112976,0.031420592218637466,False,red,99.66,0.999,,0.0,0.0,0.0,0.0,False
98,video_02_frame_000098,True,15,False,45,True,4,107,1052,379,1214,0.9438214898109436,False,healthy,0.986624002456665,0.986624002456665,0.013375923037528992,False,red,87.79,0.87,,0.0,0.0,0.0,0.0,False
98,video_02_frame_000098,True,20,False,28,True,5,374,994,632,1212,0.9345560669898987,False,healthy,0.7314830422401428,0.7314830422401428,0.2685169279575348,False,red,98.66,0.992,,0.0,0.0,0.0,0.0,False
98,video_02_frame_000098,True,21,False,12,True,6,535,885,720,1079,0.9138321280479431,False,healthy,0.9992308616638184,0.9992308616638184,0.0007691254722885787,False,red,93.54,0.721,segmentacion_pobre_o_fondo_excesivo,0.0,0.0,0.0,0.0,False
98,video_02_frame_000098,True,23,False,4,True,7,623,508,720,706,0.8667221069335938,False,,,,,False,,,,,0.0,0.0,0.0,0.0,False
98,video_02_frame_000098,True,5,False,99,True,8,214,386,399,573,0.8475862741470337,False,healthy,0.9572108387947083,0.9572108387947083,0.042789217084646225,False,red,90.1,0.93,,0.0,0.0,0.0,0.0,False
98,video_02_frame_000098,True,22,False,5,True,9,578,306,720,405,0.8375139236450195,False,healthy,0.9986897110939026,0.9986897110939026,0.0013103206874802709,False,red,99.91,0.999,,0.0,0.0,0.0,0.0,False
98,video_02_frame_000098,True,17,False,31,True,10,219,249,394,402,0.8178501725196838,False,healthy,0.9878799319267273,0.9878799319267273,0.012120050378143787,False,light_red,65.79,0.889,,0.0,0.0,0.0,0.0,False
99,video_02_frame_000099,True,2,False,100,True,1,0,467,243,716,0.9885720014572144,False,healthy,0.44449979066848755,0.44449979066848755,0.5555001497268677,False,red,98.86,0.992,,0.0,0.0,0.0,0.0,False
99,video_02_frame_000099,True,7,False,92,True,2,217,558,468,814,0.9714912176132202,False,healthy,0.9831264615058899,0.9831264615058899,0.01687358133494854,False,light_red,83.59,0.729,segmentacion_pobre_o_fondo_excesivo,0.0,0.0,0.0,0.0,False
99,video_02_frame_000099,True,1,False,100,True,3,0,689,150,971,0.9663978815078735,False,healthy,0.9685794711112976,0.9685794711112976,0.031420592218637466,False,red,99.66,0.999,,0.0,0.0,0.0,0.0,False
99,video_02_frame_000099,True,15,False,46,True,4,102,1057,373,1221,0.9521838426589966,False,healthy,0.986624002456665,0.986624002456665,0.013375923037528992,False,red,87.79,0.87,,0.0,0.0,0.0,0.0,False
99,video_02_frame_000099,True,20,False,29,True,5,364,996,626,1219,0.9403130412101746,False,healthy,0.7314830422401428,0.7314830422401428,0.2685169279575348,False,red,98.66,0.992,,0.0,0.0,0.0,0.0,False
99,video_02_frame_000099,True,21,False,13,True,6,528,887,720,1087,0.9370151162147522,False,healthy,0.9992308616638184,0.9992308616638184,0.0007691254722885787,False,red,93.54,0.721,segmentacion_pobre_o_fondo_excesivo,0.0,0.0,0.0,0.0,False
99,video_02_frame_000099,True,23,False,5,True,7,619,510,720,710,0.9102208614349365,False,,,,,False,,,,,0.0,0.0,0.0,0.0,False
99,video_02_frame_000099,True,22,False,6,True,8,574,306,718,406,0.8797355890274048,False,healthy,0.9986897110939026,0.9986897110939026,0.0013103206874802709,False,red,99.91,0.999,,0.0,0.0,0.0,0.0,False
99,video_02_frame_000099,True,5,False,100,True,9,210,388,393,575,0.8488475680351257,False,healthy,0.9572108387947083,0.9572108387947083,0.042789217084646225,False,red,90.1,0.93,,0.0,0.0,0.0,0.0,False
99,video_02_frame_000099,True,17,False,32,True,10,216,250,393,406,0.8474004864692688,False,healthy,0.9878799319267273,0.9878799319267273,0.012120050378143787,False,light_red,65.79,0.889,,0.0,0.0,0.0,0.0,False
100,video_02_frame_000100,True,2,False,101,True,1,0,470,236,722,0.9898802042007446,False,healthy,0.44449979066848755,0.44449979066848755,0.5555001497268677,False,red,98.86,0.992,,0.0,0.0,0.0,0.0,False
100,video_02_frame_000100,True,7,False,93,True,2,213,559,462,819,0.9728193879127502,False,healthy,0.9831264615058899,0.9831264615058899,0.01687358133494854,False,light_red,83.59,0.729,segmentacion_pobre_o_fondo_excesivo,0.0,0.0,0.0,0.0,False
100,video_02_frame_000100,True,1,False,101,True,3,0,692,143,975,0.9559656381607056,False,healthy,0.9685794711112976,0.9685794711112976,0.031420592218637466,False,red,99.66,0.999,,0.0,0.0,0.0,0.0,False
100,video_02_frame_000100,True,15,False,47,True,4,92,1060,367,1229,0.9510623812675476,False,healthy,0.986624002456665,0.986624002456665,0.013375923037528992,False,red,87.79,0.87,,0.0,0.0,0.0,0.0,False
100,video_02_frame_000100,True,20,False,30,True,5,360,999,618,1223,0.9365087747573853,False,healthy,0.7314830422401428,0.7314830422401428,0.2685169279575348,False,red,98.66,0.992,,0.0,0.0,0.0,0.0,False
100,video_02_frame_000100,True,21,False,14,True,6,522,891,720,1093,0.9174188375473022,False,healthy,0.9992308616638184,0.9992308616638184,0.0007691254722885787,False,red,93.54,0.721,segmentacion_pobre_o_fondo_excesivo,0.0,0.0,0.0,0.0,False
100,video_02_frame_000100,True,22,False,7,True,7,569,308,717,407,0.8956470489501953,False,healthy,0.9986897110939026,0.9986897110939026,0.0013103206874802709,False,red,99.91,0.999,,0.0,0.0,0.0,0.0,False
100,video_02_frame_000100,True,23,False,6,True,8,616,511,720,715,0.8921155333518982,False,,,,,False,,,,,0.0,0.0,0.0,0.0,False
100,video_02_frame_000100,True,5,False,101,True,9,204,392,388,570,0.8377677798271179,False,healthy,0.9572108387947083,0.9572108387947083,0.042789217084646225,False,red,90.1,0.93,,0.0,0.0,0.0,0.0,False
100,video_02_frame_000100,True,17,False,33,True,10,210,252,388,408,0.8162112832069397,False,healthy,0.9878799319267273,0.9878799319267273,0.012120050378143787,False,light_red,65.79,0.889,,0.0,0.0,0.0,0.0,False
101,video_02_frame_000101,True,2,False,102,True,1,0,474,231,726,0.9882853031158447,False,healthy,0.44449979066848755,0.44449979066848755,0.5555001497268677,False,red,98.86,0.992,,0.0,0.0,0.0,0.0,False
101,video_02_frame_000101,True,7,False,94,True,2,205,563,459,824,0.9793367385864258,False,healthy,0.9831264615058899,0.9831264615058899,0.01687358133494854,False,light_red,83.59,0.729,segmentacion_pobre_o_fondo_excesivo,0.0,0.0,0.0,0.0,False
101,video_02_frame_000101,True,15,False,48,True,3,87,1066,353,1239,0.9481942057609558,False,healthy,0.986624002456665,0.986624002456665,0.013375923037528992,False,red,87.79,0.87,,0.0,0.0,0.0,0.0,False
101,video_02_frame_000101,True,1,False,102,True,4,0,697,137,979,0.9456285238265991,False,healthy,0.9685794711112976,0.9685794711112976,0.031420592218637466,False,red,99.66,0.999,,0.0,0.0,0.0,0.0,False
101,video_02_frame_000101,True,21,False,15,True,5,519,896,719,1094,0.9384579062461853,False,healthy,0.9992308616638184,0.9992308616638184,0.0007691254722885787,False,red,93.54,0.721,segmentacion_pobre_o_fondo_excesivo,0.0,0.0,0.0,0.0,False
101,video_02_frame_000101,True,20,False,31,True,6,357,1005,611,1224,0.9272406697273254,False,healthy,0.7314830422401428,0.7314830422401428,0.2685169279575348,False,red,98.66,0.992,,0.0,0.0,0.0,0.0,False
101,video_02_frame_000101,True,22,False,8,True,7,565,311,714,409,0.9162260293960571,False,healthy,0.9986897110939026,0.9986897110939026,0.0013103206874802709,False,red,99.91,0.999,,0.0,0.0,0.0,0.0,False
101,video_02_frame_000101,True,23,False,7,True,8,613,514,720,718,0.9091185927391052,False,,,,,False,,,,,0.0,0.0,0.0,0.0,False
101,video_02_frame_000101,True,5,False,102,True,9,198,394,380,574,0.8357541561126709,False,healthy,0.9572108387947083,0.9572108387947083,0.042789217084646225,False,red,90.1,0.93,,0.0,0.0,0.0,0.0,False
101,video_02_frame_000101,True,17,False,34,True,10,206,253,378,409,0.8302050828933716,False,healthy,0.9878799319267273,0.9878799319267273,0.012120050378143787,False,light_red,65.79,0.889,,0.0,0.0,0.0,0.0,False
102,video_02_frame_000102,True,2,False,103,True,1,0,480,223,733,0.9826743006706238,False,healthy,0.44449979066848755,0.44449979066848755,0.5555001497268677,False,red,98.86,0.992,,0.0,0.0,0.0,0.0,False
102,video_02_frame_000102,True,7,False,95,True,2,197,563,455,827,0.9806627631187439,False,healthy,0.9831264615058899,0.9831264615058899,0.01687358133494854,False,light_red,83.59,0.729,segmentacion_pobre_o_fondo_excesivo,0.0,0.0,0.0,0.0,False
102,video_02_frame_000102,True,1,False,103,True,3,0,701,131,984,0.9459761381149292,False,healthy,0.9685794711112976,0.9685794711112976,0.031420592218637466,False,red,99.66,0.999,,0.0,0.0,0.0,0.0,False
102,video_02_frame_000102,True,15,False,49,True,4,81,1075,348,1248,0.9390982985496521,False,healthy,0.986624002456665,0.986624002456665,0.013375923037528992,False,red,87.79,0.87,,0.0,0.0,0.0,0.0,False
102,video_02_frame_000102,True,22,False,9,True,5,561,312,712,409,0.9269893169403076,False,healthy,0.9986897110939026,0.9986897110939026,0.0013103206874802709,False,red,99.91,0.999,,0.0,0.0,0.0,0.0,False
102,video_02_frame_000102,True,21,False,16,True,6,513,899,720,1102,0.9254813194274902,False,healthy,0.9992308616638184,0.9992308616638184,0.0007691254722885787,False,red,93.54,0.721,segmentacion_pobre_o_fondo_excesivo,0.0,0.0,0.0,0.0,False
102,video_02_frame_000102,True,20,False,32,True,7,348,1011,604,1228,0.9165704846382141,False,healthy,0.7314830422401428,0.7314830422401428,0.2685169279575348,False,red,98.66,0.992,,0.0,0.0,0.0,0.0,False
102,video_02_frame_000102,True,23,False,8,True,8,606,516,720,720,0.9100109934806824,False,,,,,False,,,,,0.0,0.0,0.0,0.0,False
102,video_02_frame_000102,True,5,False,103,True,9,192,396,375,579,0.8458994626998901,False,healthy,0.9572108387947083,0.9572108387947083,0.042789217084646225,False,red,90.1,0.93,,0.0,0.0,0.0,0.0,False
102,video_02_frame_000102,True,17,False,35,True,10,202,256,375,409,0.8023569583892822,False,healthy,0.9878799319267273,0.9878799319267273,0.012120050378143787,False,light_red,65.79,0.889,,0.0,0.0,0.0,0.0,False
103,video_02_frame_000103,True,2,False,104,True,1,0,483,216,734,0.9803393483161926,False,healthy,0.44449979066848755,0.44449979066848755,0.5555001497268677,False,red,98.86,0.992,,0.0,0.0,0.0,0.0,False
103,video_02_frame_000103,True,7,False,96,True,2,190,567,451,830,0.9791425466537476,False,healthy,0.9831264615058899,0.9831264615058899,0.01687358133494854,False,light_red,83.59,0.729,segmentacion_pobre_o_fondo_excesivo,0.0,0.0,0.0,0.0,False
103,video_02_frame_000103,True,15,False,50,True,3,77,1076,348,1249,0.9515554904937744,False,healthy,0.986624002456665,0.986624002456665,0.013375923037528992,False,red,87.79,0.87,,0.0,0.0,0.0,0.0,False
103,video_02_frame_000103,True,1,False,104,True,4,0,706,125,987,0.9374237656593323,False,healthy,0.9685794711112976,0.9685794711112976,0.031420592218637466,False,red,99.66,0.999,,0.0,0.0,0.0,0.0,False
103,video_02_frame_000103,True,21,False,17,True,5,509,903,719,1105,0.9305419921875,False,healthy,0.9992308616638184,0.9992308616638184,0.0007691254722885787,False,red,93.54,0.721,segmentacion_pobre_o_fondo_excesivo,0.0,0.0,0.0,0.0,False
103,video_02_frame_000103,True,23,False,9,True,6,599,516,720,721,0.9290320873260498,False,,,,,False,,,,,0.0,0.0,0.0,0.0,False
103,video_02_frame_000103,True,22,False,10,True,7,557,313,706,410,0.9139230251312256,False,healthy,0.9986897110939026,0.9986897110939026,0.0013103206874802709,False,red,99.91,0.999,,0.0,0.0,0.0,0.0,False
103,video_02_frame_000103,True,20,False,33,True,8,340,1018,600,1223,0.8906852602958679,False,healthy,0.7314830422401428,0.7314830422401428,0.2685169279575348,False,red,98.66,0.992,,0.0,0.0,0.0,0.0,False
103,video_02_frame_000103,True,5,False,104,True,9,188,395,368,588,0.8519346117973328,False,healthy,0.9572108387947083,0.9572108387947083,0.042789217084646225,False,red,90.1,0.93,,0.0,0.0,0.0,0.0,False
104,video_02_frame_000104,True,7,False,97,True,1,184,571,445,832,0.9731754660606384,False,healthy,0.9831264615058899,0.9831264615058899,0.01687358133494854,False,light_red,83.59,0.729,segmentacion_pobre_o_fondo_excesivo,0.0,0.0,0.0,0.0,False
104,video_02_frame_000104,True,2,False,105,True,2,0,484,210,737,0.9724606275558472,False,healthy,0.44449979066848755,0.44449979066848755,0.5555001497268677,False,red,98.86,0.992,,0.0,0.0,0.0,0.0,False
104,video_02_frame_000104,True,15,False,51,True,3,72,1082,343,1254,0.9619330167770386,False,healthy,0.986624002456665,0.986624002456665,0.013375923037528992,False,red,87.79,0.87,,0.0,0.0,0.0,0.0,False
104,video_02_frame_000104,True,23,False,10,True,4,595,518,720,721,0.9478532075881958,False,,,,,False,,,,,0.0,0.0,0.0,0.0,False
104,video_02_frame_000104,True,21,False,18,True,5,503,904,718,1108,0.9298323392868042,False,healthy,0.9992308616638184,0.9992308616638184,0.0007691254722885787,False,red,93.54,0.721,segmentacion_pobre_o_fondo_excesivo,0.0,0.0,0.0,0.0,False
104,video_02_frame_000104,True,1,False,105,True,6,0,708,120,991,0.926741361618042,False,healthy,0.9685794711112976,0.9685794711112976,0.031420592218637466,False,red,99.66,0.999,,0.0,0.0,0.0,0.0,False
104,video_02_frame_000104,True,22,False,11,True,7,554,314,700,411,0.8955790996551514,False,healthy,0.9986897110939026,0.9986897110939026,0.0013103206874802709,False,red,99.91,0.999,,0.0,0.0,0.0,0.0,False
104,video_02_frame_000104,True,20,False,34,True,8,334,1021,595,1231,0.877325177192688,False,healthy,0.7314830422401428,0.7314830422401428,0.2685169279575348,False,red,98.66,0.992,,0.0,0.0,0.0,0.0,False
104,video_02_frame_000104,True,17,False,36,True,9,192,257,369,416,0.8044919967651367,False,healthy,0.9878799319267273,0.9878799319267273,0.012120050378143787,False,light_red,65.79,0.889,,0.0,0.0,0.0,0.0,False
105,video_02_frame_000105,True,7,False,98,True,1,182,573,439,832,0.9773299694061279,False,healthy,0.9831264615058899,0.9831264615058899,0.01687358133494854,False,light_red,83.59,0.729,segmentacion_pobre_o_fondo_excesivo,0.0,0.0,0.0,0.0,False
105,video_02_frame_000105,True,2,False,106,True,2,0,486,204,741,0.9557231664657593,False,healthy,0.44449979066848755,0.44449979066848755,0.5555001497268677,False,red,98.86,0.992,,0.0,0.0,0.0,0.0,False
105,video_02_frame_000105,True,15,False,52,True,3,60,1084,337,1261,0.9540950655937195,False,healthy,0.986624002456665,0.986624002456665,0.013375923037528992,False,red,87.79,0.87,,0.0,0.0,0.0,0.0,False
105,video_02_frame_000105,True,23,False,11,True,4,590,518,720,724,0.9506703615188599,False,,,,,False,,,,,0.0,0.0,0.0,0.0,False
105,video_02_frame_000105,True,21,False,19,True,5,498,909,719,1113,0.9307229518890381,False,healthy,0.9992308616638184,0.9992308616638184,0.0007691254722885787,False,red,93.54,0.721,segmentacion_pobre_o_fondo_excesivo,0.0,0.0,0.0,0.0,False
105,video_02_frame_000105,True,20,False,35,True,6,327,1023,591,1236,0.9001202583312988,False,healthy,0.7314830422401428,0.7314830422401428,0.2685169279575348,False,red,98.66,0.992,,0.0,0.0,0.0,0.0,False
105,video_02_frame_000105,True,22,False,12,True,7,549,313,696,412,0.8955733180046082,False,healthy,0.9986897110939026,0.9986897110939026,0.0013103206874802709,False,red,99.91,0.999,,0.0,0.0,0.0,0.0,False
105,video_02_frame_000105,True,1,False,106,True,8,0,709,111,994,0.894670307636261,False,healthy,0.9685794711112976,0.9685794711112976,0.031420592218637466,False,red,99.66,0.999,,0.0,0.0,0.0,0.0,False
105,video_02_frame_000105,True,5,False,105,True,9,176,400,360,595,0.8056222796440125,False,healthy,0.9572108387947083,0.9572108387947083,0.042789217084646225,False,red,90.1,0.93,,0.0,0.0,0.0,0.0,False
106,video_02_frame_000106,True,7,False,99,True,1,177,577,432,835,0.9778730869293213,False,healthy,0.9831264615058899,0.9831264615058899,0.01687358133494854,False,light_red,83.59,0.729,segmentacion_pobre_o_fondo_excesivo,0.0,0.0,0.0,0.0,False
106,video_02_frame_000106,True,2,False,107,True,2,0,487,202,742,0.9538799524307251,False,healthy,0.44449979066848755,0.44449979066848755,0.5555001497268677,False,red,98.86,0.992,,0.0,0.0,0.0,0.0,False
106,video_02_frame_000106,True,23,False,12,True,3,586,518,720,724,0.9522820711135864,False,,,,,False,,,,,0.0,0.0,0.0,0.0,False
106,video_02_frame_000106,True,15,False,53,True,4,55,1091,327,1261,0.9362694025039673,False,healthy,0.986624002456665,0.986624002456665,0.013375923037528992,False,red,87.79,0.87,,0.0,0.0,0.0,0.0,False
106,video_02_frame_000106,True,21,False,20,True,5,492,911,715,1116,0.9228759407997131,False,healthy,0.9992308616638184,0.9992308616638184,0.0007691254722885787,False,red,93.54,0.721,segmentacion_pobre_o_fondo_excesivo,0.0,0.0,0.0,0.0,False
106,video_02_frame_000106,True,20,False,36,True,6,323,1026,586,1235,0.9192378520965576,False,healthy,0.7314830422401428,0.7314830422401428,0.2685169279575348,False,red,98.66,0.992,,0.0,0.0,0.0,0.0,False
106,video_02_frame_000106,True,22,False,13,True,7,545,313,690,412,0.8855329751968384,False,healthy,0.9986897110939026,0.9986897110939026,0.0013103206874802709,False,red,99.91,0.999,,0.0,0.0,0.0,0.0,False
106,video_02_frame_000106,True,1,False,107,True,8,0,713,107,996,0.8601047992706299,False,healthy,0.9685794711112976,0.9685794711112976,0.031420592218637466,False,red,99.66,0.999,,0.0,0.0,0.0,0.0,False
106,video_02_frame_000106,True,5,False,106,True,9,172,402,361,592,0.8054829835891724,False,healthy,0.9572108387947083,0.9572108387947083,0.042789217084646225,False,red,90.1,0.93,,0.0,0.0,0.0,0.0,False
107,video_02_frame_000107,True,7,False,100,True,1,171,578,427,837,0.9808633327484131,False,healthy,0.9831264615058899,0.9831264615058899,0.01687358133494854,False,light_red,83.59,0.729,segmentacion_pobre_o_fondo_excesivo,0.0,0.0,0.0,0.0,False
107,video_02_frame_000107,True,23,False,13,True,2,583,520,720,725,0.9634395241737366,False,,,,,False,,,,,0.0,0.0,0.0,0.0,False
107,video_02_frame_000107,True,2,False,108,True,3,0,488,198,745,0.955115020275116,False,healthy,0.44449979066848755,0.44449979066848755,0.5555001497268677,False,red,98.86,0.992,,0.0,0.0,0.0,0.0,False
107,video_02_frame_000107,True,15,False,54,True,4,50,1089,323,1263,0.9436091780662537,False,healthy,0.986624002456665,0.986624002456665,0.013375923037528992,False,red,87.79,0.87,,0.0,0.0,0.0,0.0,False
107,video_02_frame_000107,True,20,False,37,True,5,318,1027,582,1238,0.9138681888580322,False,healthy,0.7314830422401428,0.7314830422401428,0.2685169279575348,False,red,98.66,0.992,,0.0,0.0,0.0,0.0,False
107,video_02_frame_000107,True,22,False,14,True,6,542,314,689,414,0.9037792682647705,False,healthy,0.9986897110939026,0.9986897110939026,0.0013103206874802709,False,red,99.91,0.999,,0.0,0.0,0.0,0.0,False
107,video_02_frame_000107,True,21,False,21,True,7,491,910,711,1125,0.8929097652435303,False,healthy,0.9992308616638184,0.9992308616638184,0.0007691254722885787,False,red,93.54,0.721,segmentacion_pobre_o_fondo_excesivo,0.0,0.0,0.0,0.0,False
107,video_02_frame_000107,True,5,False,107,True,8,167,404,357,593,0.8088502883911133,False,healthy,0.9572108387947083,0.9572108387947083,0.042789217084646225,False,red,90.1,0.93,,0.0,0.0,0.0,0.0,False
108,video_02_frame_000108,True,7,False,101,True,1,165,579,424,838,0.9806952476501465,False,healthy,0.9831264615058899,0.9831264615058899,0.01687358133494854,False,light_red,83.59,0.729,segmentacion_pobre_o_fondo_excesivo,0.0,0.0,0.0,0.0,False
108,video_02_frame_000108,True,23,False,14,True,2,578,520,720,725,0.9661617875099182,False,,,,,False,,,,,0.0,0.0,0.0,0.0,False
108,video_02_frame_000108,True,2,False,109,True,3,0,491,192,745,0.9610653519630432,False,healthy,0.44449979066848755,0.44449979066848755,0.5555001497268677,False,red,98.86,0.992,,0.0,0.0,0.0,0.0,False
108,video_02_frame_000108,True,15,False,55,True,4,44,1090,320,1266,0.946715235710144,False,healthy,0.986624002456665,0.986624002456665,0.013375923037528992,False,red,87.79,0.87,,0.0,0.0,0.0,0.0,False
108,video_02_frame_000108,True,20,False,38,True,5,315,1027,577,1238,0.911135733127594,False,healthy,0.7314830422401428,0.7314830422401428,0.2685169279575348,False,red,98.66,0.992,,0.0,0.0,0.0,0.0,False
108,video_02_frame_000108,True,22,False,15,True,6,537,315,684,416,0.9055092930793762,False,healthy,0.9986897110939026,0.9986897110939026,0.0013103206874802709,False,red,99.91,0.999,,0.0,0.0,0.0,0.0,False
108,video_02_frame_000108,True,21,False,22,True,7,482,911,714,1116,0.897352933883667,False,healthy,0.9992308616638184,0.9992308616638184,0.0007691254722885787,False,red,93.54,0.721,segmentacion_pobre_o_fondo_excesivo,0.0,0.0,0.0,0.0,False
108,video_02_frame_000108,True,5,False,108,True,8,162,405,347,592,0.8307648301124573,False,healthy,0.9572108387947083,0.9572108387947083,0.042789217084646225,False,red,90.1,0.93,,0.0,0.0,0.0,0.0,False
109,video_02_frame_000109,True,7,False,102,True,1,159,580,419,840,0.9803400635719299,False,healthy,0.9831264615058899,0.9831264615058899,0.01687358133494854,False,light_red,83.59,0.729,segmentacion_pobre_o_fondo_excesivo,0.0,0.0,0.0,0.0,False
109,video_02_frame_000109,True,23,False,15,True,2,574,521,720,726,0.9659965634346008,False,,,,,False,,,,,0.0,0.0,0.0,0.0,False
109,video_02_frame_000109,True,2,False,110,True,3,0,492,188,747,0.9648580551147461,False,healthy,0.44449979066848755,0.44449979066848755,0.5555001497268677,False,red,98.86,0.992,,0.0,0.0,0.0,0.0,False
109,video_02_frame_000109,True,15,False,56,True,4,38,1090,315,1268,0.9241736531257629,False,healthy,0.986624002456665,0.986624002456665,0.013375923037528992,False,red,87.79,0.87,,0.0,0.0,0.0,0.0,False
109,video_02_frame_000109,True,21,False,23,True,5,483,909,712,1125,0.9047049283981323,False,healthy,0.9992308616638184,0.9992308616638184,0.0007691254722885787,False,red,93.54,0.721,segmentacion_pobre_o_fondo_excesivo,0.0,0.0,0.0,0.0,False
109,video_02_frame_000109,True,20,False,39,True,6,307,1030,573,1242,0.8987165093421936,False,healthy,0.7314830422401428,0.7314830422401428,0.2685169279575348,False,red,98.66,0.992,,0.0,0.0,0.0,0.0,False
109,video_02_frame_000109,True,22,False,16,True,7,531,315,679,416,0.8860929012298584,False,healthy,0.9986897110939026,0.9986897110939026,0.0013103206874802709,False,red,99.91,0.999,,0.0,0.0,0.0,0.0,False
109,video_02_frame_000109,True,5,False,109,True,8,157,405,347,598,0.8628715872764587,False,healthy,0.9572108387947083,0.9572108387947083,0.042789217084646225,False,red,90.1,0.93,,0.0,0.0,0.0,0.0,False
110,video_02_frame_000110,True,7,False,103,True,1,153,581,413,841,0.9780409336090088,False,healthy,0.9831264615058899,0.9831264615058899,0.01687358133494854,False,light_red,83.59,0.729,segmentacion_pobre_o_fondo_excesivo,0.0,0.0,0.0,0.0,False
110,video_02_frame_000110,True,2,False,111,True,2,0,492,183,750,0.9658277630805969,False,healthy,0.44449979066848755,0.44449979066848755,0.5555001497268677,False,red,98.86,0.992,,0.0,0.0,0.0,0.0,False
110,video_02_frame_000110,True,23,False,16,True,3,568,523,720,726,0.9563366174697876,False,,,,,False,,,,,0.0,0.0,0.0,0.0,False
110,video_02_frame_000110,True,15,False,57,True,4,26,1100,317,1272,0.9212661981582642,False,healthy,0.986624002456665,0.986624002456665,0.013375923037528992,False,red,87.79,0.87,,0.0,0.0,0.0,0.0,False
110,video_02_frame_000110,True,20,False,40,True,5,301,1032,564,1242,0.9013602137565613,False,healthy,0.7314830422401428,0.7314830422401428,0.2685169279575348,False,red,98.66,0.992,,0.0,0.0,0.0,0.0,False
110,video_02_frame_000110,True,21,False,24,True,6,478,911,711,1129,0.8886158466339111,False,healthy,0.9992308616638184,0.9992308616638184,0.0007691254722885787,False,red,93.54,0.721,segmentacion_pobre_o_fondo_excesivo,0.0,0.0,0.0,0.0,False
110,video_02_frame_000110,True,22,False,17,True,7,528,317,674,417,0.8811106085777283,False,healthy,0.9986897110939026,0.9986897110939026,0.0013103206874802709,False,red,99.91,0.999,,0.0,0.0,0.0,0.0,False
110,video_02_frame_000110,True,5,False,110,True,8,154,410,346,597,0.8317177295684814,False,healthy,0.9572108387947083,0.9572108387947083,0.042789217084646225,False,red,90.1,0.93,,0.0,0.0,0.0,0.0,False
111,video_02_frame_000111,True,7,False,104,True,1,148,582,408,844,0.9714866876602173,False,healthy,0.9831264615058899,0.9831264615058899,0.01687358133494854,False,light_red,83.59,0.729,segmentacion_pobre_o_fondo_excesivo,0.0,0.0,0.0,0.0,False
111,video_02_frame_000111,True,2,False,112,True,2,0,493,177,751,0.9626309871673584,False,healthy,0.44449979066848755,0.44449979066848755,0.5555001497268677,False,red,98.86,0.992,,0.0,0.0,0.0,0.0,False
111,video_02_frame_000111,True,23,False,17,True,3,564,523,720,726,0.9489715695381165,False,,,,,False,,,,,0.0,0.0,0.0,0.0,False
111,video_02_frame_000111,True,15,False,58,True,4,29,1095,305,1272,0.9297073483467102,False,healthy,0.986624002456665,0.986624002456665,0.013375923037528992,False,red,87.79,0.87,,0.0,0.0,0.0,0.0,False
111,video_02_frame_000111,True,20,False,41,True,5,296,1036,555,1239,0.8968328833580017,False,healthy,0.7314830422401428,0.7314830422401428,0.2685169279575348,False,red,98.66,0.992,,0.0,0.0,0.0,0.0,False
111,video_02_frame_000111,True,22,False,18,True,6,523,317,672,418,0.8731372952461243,False,healthy,0.9986897110939026,0.9986897110939026,0.0013103206874802709,False,red,99.91,0.999,,0.0,0.0,0.0,0.0,False
111,video_02_frame_000111,True,21,False,25,True,7,471,911,711,1129,0.8563356995582581,False,healthy,0.9992308616638184,0.9992308616638184,0.0007691254722885787,False,red,93.54,0.721,segmentacion_pobre_o_fondo_excesivo,0.0,0.0,0.0,0.0,False
111,video_02_frame_000111,True,5,False,111,True,8,148,408,343,595,0.8516830801963806,False,healthy,0.9572108387947083,0.9572108387947083,0.042789217084646225,False,red,90.1,0.93,,0.0,0.0,0.0,0.0,False
112,video_02_frame_000112,True,7,False,105,True,1,144,586,399,844,0.9696425199508667,False,healthy,0.9831264615058899,0.9831264615058899,0.01687358133494854,False,light_red,83.59,0.729,segmentacion_pobre_o_fondo_excesivo,0.0,0.0,0.0,0.0,False
112,video_02_frame_000112,True,2,False,113,True,2,0,494,173,752,0.9680742025375366,False,healthy,0.44449979066848755,0.44449979066848755,0.5555001497268677,False,red,98.86,0.992,,0.0,0.0,0.0,0.0,False
112,video_02_frame_000112,True,23,False,18,True,3,559,525,720,727,0.9525730609893799,False,,,,,False,,,,,0.0,0.0,0.0,0.0,False
112,video_02_frame_000112,True,15,False,59,True,4,18,1097,299,1272,0.9303464889526367,False,healthy,0.986624002456665,0.986624002456665,0.013375923037528992,False,red,87.79,0.87,,0.0,0.0,0.0,0.0,False
112,video_02_frame_000112,True,20,False,42,True,5,291,1037,551,1241,0.9235153198242188,False,healthy,0.7314830422401428,0.7314830422401428,0.2685169279575348,False,red,98.66,0.992,,0.0,0.0,0.0,0.0,False
112,video_02_frame_000112,True,22,False,19,True,6,520,320,667,421,0.8842491507530212,False,healthy,0.9986897110939026,0.9986897110939026,0.0013103206874802709,False,red,99.91,0.999,,0.0,0.0,0.0,0.0,False
112,video_02_frame_000112,True,21,False,26,True,7,464,912,710,1128,0.8603181838989258,False,healthy,0.9992308616638184,0.9992308616638184,0.0007691254722885787,False,red,93.54,0.721,segmentacion_pobre_o_fondo_excesivo,0.0,0.0,0.0,0.0,False
113,video_02_frame_000113,True,7,False,106,True,1,139,587,395,846,0.975359320640564,False,healthy,0.9831264615058899,0.9831264615058899,0.01687358133494854,False,light_red,83.59,0.729,segmentacion_pobre_o_fondo_excesivo,0.0,0.0,0.0,0.0,False
113,video_02_frame_000113,True,2,False,114,True,2,0,496,168,754,0.9649477005004883,False,healthy,0.44449979066848755,0.44449979066848755,0.5555001497268677,False,red,98.86,0.992,,0.0,0.0,0.0,0.0,False
113,video_02_frame_000113,True,23,False,19,True,3,555,527,720,728,0.9552586078643799,False,,,,,False,,,,,0.0,0.0,0.0,0.0,False
113,video_02_frame_000113,True,15,False,60,True,4,15,1099,290,1273,0.9372496008872986,False,healthy,0.986624002456665,0.986624002456665,0.013375923037528992,False,red,87.79,0.87,,0.0,0.0,0.0,0.0,False
113,video_02_frame_000113,True,20,False,43,True,5,282,1040,543,1244,0.9172940254211426,False,healthy,0.7314830422401428,0.7314830422401428,0.2685169279575348,False,red,98.66,0.992,,0.0,0.0,0.0,0.0,False
113,video_02_frame_000113,True,22,False,20,True,6,517,320,665,421,0.8695152997970581,False,healthy,0.9986897110939026,0.9986897110939026,0.0013103206874802709,False,red,99.91,0.999,,0.0,0.0,0.0,0.0,False
113,video_02_frame_000113,True,21,False,27,True,7,457,918,707,1133,0.8389800190925598,False,healthy,0.9992308616638184,0.9992308616638184,0.0007691254722885787,False,red,93.54,0.721,segmentacion_pobre_o_fondo_excesivo,0.0,0.0,0.0,0.0,False
113,video_02_frame_000113,True,24,True,1,False,8,152,268,338,422,0.8169279098510742,True,healthy,0.9924597144126892,0.9924597144126892,0.00754025811329484,True,light_red,63.58,0.897,,5.7697296142578125e-05,0.07364201545715332,0.4459059238433838,0.5196056365966797,False
114,video_02_frame_000114,True,7,False,107,True,1,135,588,394,847,0.9767048358917236,False,healthy,0.9831264615058899,0.9831264615058899,0.01687358133494854,False,light_red,83.59,0.729,segmentacion_pobre_o_fondo_excesivo,0.0,0.0,0.0,0.0,False
114,video_02_frame_000114,True,2,False,115,True,2,0,498,164,756,0.9678468108177185,False,healthy,0.44449979066848755,0.44449979066848755,0.5555001497268677,False,red,98.86,0.992,,0.0,0.0,0.0,0.0,False
114,video_02_frame_000114,True,23,False,20,True,3,552,526,720,729,0.9494409561157227,False,,,,,False,,,,,0.0,0.0,0.0,0.0,False
114,video_02_frame_000114,True,15,False,61,True,4,15,1100,288,1272,0.9420849680900574,False,healthy,0.986624002456665,0.986624002456665,0.013375923037528992,False,red,87.79,0.87,,0.0,0.0,0.0,0.0,False
114,video_02_frame_000114,True,20,False,44,True,5,277,1042,537,1245,0.8966079354286194,False,healthy,0.7314830422401428,0.7314830422401428,0.2685169279575348,False,red,98.66,0.992,,0.0,0.0,0.0,0.0,False
114,video_02_frame_000114,True,22,False,21,True,6,514,322,661,423,0.8905144929885864,False,healthy,0.9986897110939026,0.9986897110939026,0.0013103206874802709,False,red,99.91,0.999,,0.0,0.0,0.0,0.0,False
114,video_02_frame_000114,True,21,False,28,True,7,452,916,715,1134,0.8786890506744385,False,healthy,0.9992308616638184,0.9992308616638184,0.0007691254722885787,False,red,93.54,0.721,segmentacion_pobre_o_fondo_excesivo,0.0,0.0,0.0,0.0,False
114,video_02_frame_000114,True,5,False,112,True,8,136,414,329,601,0.8166107535362244,False,healthy,0.9572108387947083,0.9572108387947083,0.042789217084646225,False,red,90.1,0.93,,0.0,0.0,0.0,0.0,False
115,video_02_frame_000115,True,7,False,108,True,1,131,590,390,847,0.98160719871521,False,healthy,0.9831264615058899,0.9831264615058899,0.01687358133494854,False,light_red,83.59,0.729,segmentacion_pobre_o_fondo_excesivo,0.0,0.0,0.0,0.0,False
115,video_02_frame_000115,True,2,False,116,True,2,0,499,159,758,0.9627916216850281,False,healthy,0.44449979066848755,0.44449979066848755,0.5555001497268677,False,red,98.86,0.992,,0.0,0.0,0.0,0.0,False
115,video_02_frame_000115,True,23,False,21,True,3,546,526,719,730,0.9451271295547485,False,,,,,False,,,,,0.0,0.0,0.0,0.0,False
115,video_02_frame_000115,True,15,False,62,True,4,13,1101,284,1273,0.9390261769294739,False,healthy,0.986624002456665,0.986624002456665,0.013375923037528992,False,red,87.79,0.87,,0.0,0.0,0.0,0.0,False
115,video_02_frame_000115,True,21,False,29,True,5,447,918,712,1137,0.913120687007904,False,healthy,0.9992308616638184,0.9992308616638184,0.0007691254722885787,False,red,93.54,0.721,segmentacion_pobre_o_fondo_excesivo,0.0,0.0,0.0,0.0,False
115,video_02_frame_000115,True,20,False,45,True,6,275,1044,536,1250,0.8960117697715759,False,healthy,0.7314830422401428,0.7314830422401428,0.2685169279575348,False,red,98.66,0.992,,0.0,0.0,0.0,0.0,False
115,video_02_frame_000115,True,22,False,22,True,7,510,322,657,423,0.8943949341773987,False,healthy,0.9986897110939026,0.9986897110939026,0.0013103206874802709,False,red,99.91,0.999,,0.0,0.0,0.0,0.0,False
116,video_02_frame_000116,True,7,False,109,True,1,125,592,385,847,0.983371376991272,False,healthy,0.9831264615058899,0.9831264615058899,0.01687358133494854,False,light_red,83.59,0.729,segmentacion_pobre_o_fondo_excesivo,0.0,0.0,0.0,0.0,False
116,video_02_frame_000116,True,2,False,117,True,2,0,502,154,759,0.9659925699234009,False,healthy,0.44449979066848755,0.44449979066848755,0.5555001497268677,False,red,98.86,0.992,,0.0,0.0,0.0,0.0,False
116,video_02_frame_000116,True,23,False,22,True,3,542,528,720,730,0.9585107564926147,False,,,,,False,,,,,0.0,0.0,0.0,0.0,False
116,video_02_frame_000116,True,15,False,63,True,4,9,1102,282,1274,0.9412053823471069,False,healthy,0.986624002456665,0.986624002456665,0.013375923037528992,False,red,87.79,0.87,,0.0,0.0,0.0,0.0,False
116,video_02_frame_000116,True,22,False,23,True,5,504,323,652,426,0.9166433215141296,False,healthy,0.9986897110939026,0.9986897110939026,0.0013103206874802709,False,red,99.91,0.999,,0.0,0.0,0.0,0.0,False
116,video_02_frame_000116,True,21,False,30,True,6,444,919,715,1139,0.9101473689079285,False,healthy,0.9992308616638184,0.9992308616638184,0.0007691254722885787,False,red,93.54,0.721,segmentacion_pobre_o_fondo_excesivo,0.0,0.0,0.0,0.0,False
116,video_02_frame_000116,True,20,False,46,True,7,270,1040,535,1242,0.8905655145645142,False,healthy,0.7314830422401428,0.7314830422401428,0.2685169279575348,False,red,98.66,0.992,,0.0,0.0,0.0,0.0,False
116,video_02_frame_000116,True,24,False,2,True,8,143,273,316,425,0.8601806163787842,False,healthy,0.9924597144126892,0.9924597144126892,0.00754025811329484,False,light_red,63.58,0.897,,0.0,0.0,0.0,0.0,False
117,video_02_frame_000117,True,7,False,110,True,1,120,592,380,850,0.9815846681594849,False,healthy,0.9831264615058899,0.9831264615058899,0.01687358133494854,False,light_red,83.59,0.729,segmentacion_pobre_o_fondo_excesivo,0.0,0.0,0.0,0.0,False
117,video_02_frame_000117,True,2,False,118,True,2,0,505,148,761,0.9643480181694031,False,healthy,0.44449979066848755,0.44449979066848755,0.5555001497268677,False,red,98.86,0.992,,0.0,0.0,0.0,0.0,False
117,video_02_frame_000117,True,23,False,23,True,3,537,530,720,730,0.9616091251373291,False,,,,,False,,,,,0.0,0.0,0.0,0.0,False
117,video_02_frame_000117,True,15,False,64,True,4,4,1106,273,1275,0.9336525797843933,False,healthy,0.986624002456665,0.986624002456665,0.013375923037528992,False,red,87.79,0.87,,0.0,0.0,0.0,0.0,False
117,video_02_frame_000117,True,21,False,31,True,5,438,918,717,1137,0.9294394254684448,False,healthy,0.9992308616638184,0.9992308616638184,0.0007691254722885787,False,red,93.54,0.721,segmentacion_pobre_o_fondo_excesivo,0.0,0.0,0.0,0.0,False
117,video_02_frame_000117,True,22,False,24,True,6,500,324,647,427,0.8978979587554932,False,healthy,0.9986897110939026,0.9986897110939026,0.0013103206874802709,False,red,99.91,0.999,,0.0,0.0,0.0,0.0,False
117,video_02_frame_000117,True,20,False,47,True,7,268,1047,529,1249,0.8765884637832642,False,healthy,0.7314830422401428,0.7314830422401428,0.2685169279575348,False,red,98.66,0.992,,0.0,0.0,0.0,0.0,False
117,video_02_frame_000117,True,5,False,113,True,8,120,416,319,624,0.8334614634513855,False,healthy,0.9572108387947083,0.9572108387947083,0.042789217084646225,False,red,90.1,0.93,,0.0,0.0,0.0,0.0,False
117,video_02_frame_000117,True,24,False,3,True,9,137,274,316,429,0.8008873462677002,False,healthy,0.9924597144126892,0.9924597144126892,0.00754025811329484,False,light_red,63.58,0.897,,0.0,0.0,0.0,0.0,False
118,video_02_frame_000118,True,7,False,111,True,1,116,595,375,852,0.9829254150390625,False,healthy,0.9831264615058899,0.9831264615058899,0.01687358133494854,False,light_red,83.59,0.729,segmentacion_pobre_o_fondo_excesivo,0.0,0.0,0.0,0.0,False
118,video_02_frame_000118,True,2,False,119,True,2,0,506,143,763,0.9725742936134338,False,healthy,0.44449979066848755,0.44449979066848755,0.5555001497268677,False,red,98.86,0.992,,0.0,0.0,0.0,0.0,False
118,video_02_frame_000118,True,15,False,65,True,3,0,1107,268,1274,0.9535169005393982,False,healthy,0.986624002456665,0.986624002456665,0.013375923037528992,False,red,87.79,0.87,,0.0,0.0,0.0,0.0,False
118,video_02_frame_000118,True,23,False,24,True,4,533,532,719,732,0.9514461755752563,False,,,,,False,,,,,0.0,0.0,0.0,0.0,False
118,video_02_frame_000118,True,21,False,32,True,5,433,920,717,1134,0.9188413619995117,False,healthy,0.9992308616638184,0.9992308616638184,0.0007691254722885787,False,red,93.54,0.721,segmentacion_pobre_o_fondo_excesivo,0.0,0.0,0.0,0.0,False
118,video_02_frame_000118,True,20,False,48,True,6,262,1047,526,1255,0.9165139198303223,False,healthy,0.7314830422401428,0.7314830422401428,0.2685169279575348,False,red,98.66,0.992,,0.0,0.0,0.0,0.0,False
118,video_02_frame_000118,True,22,False,25,True,7,496,326,642,426,0.8716628551483154,False,healthy,0.9986897110939026,0.9986897110939026,0.0013103206874802709,False,red,99.91,0.999,,0.0,0.0,0.0,0.0,False
118,video_02_frame_000118,True,24,False,4,True,8,133,277,311,429,0.8149487972259521,False,healthy,0.9924597144126892,0.9924597144126892,0.00754025811329484,False,light_red,63.58,0.897,,0.0,0.0,0.0,0.0,False
119,video_02_frame_000119,True,7,False,112,True,1,112,597,369,853,0.9837734699249268,False,healthy,0.9831264615058899,0.9831264615058899,0.01687358133494854,False,light_red,83.59,0.729,segmentacion_pobre_o_fondo_excesivo,0.0,0.0,0.0,0.0,False
119,video_02_frame_000119,True,2,False,120,True,2,0,508,138,765,0.9719159007072449,False,healthy,0.44449979066848755,0.44449979066848755,0.5555001497268677,False,red,98.86,0.992,,0.0,0.0,0.0,0.0,False
119,video_02_frame_000119,True,23,False,25,True,3,526,534,720,732,0.9511524438858032,False,,,,,False,,,,,0.0,0.0,0.0,0.0,False
119,video_02_frame_000119,True,15,False,66,True,4,0,1109,263,1274,0.9460403323173523,False,healthy,0.986624002456665,0.986624002456665,0.013375923037528992,False,red,87.79,0.87,,0.0,0.0,0.0,0.0,False
119,video_02_frame_000119,True,21,False,33,True,5,429,919,711,1130,0.9320928454399109,False,healthy,0.9992308616638184,0.9992308616638184,0.0007691254722885787,False,red,93.54,0.721,segmentacion_pobre_o_fondo_excesivo,0.0,0.0,0.0,0.0,False
119,video_02_frame_000119,True,20,False,49,True,6,255,1045,516,1259,0.9299947023391724,False,healthy,0.7314830422401428,0.7314830422401428,0.2685169279575348,False,red,98.66,0.992,,0.0,0.0,0.0,0.0,False
119,video_02_frame_000119,True,22,False,26,True,7,493,328,638,428,0.8320977687835693,False,healthy,0.9986897110939026,0.9986897110939026,0.0013103206874802709,False,red,99.91,0.999,,0.0,0.0,0.0,0.0,False
120,video_02_frame_000120,True,7,False,113,True,1,108,596,365,855,0.9823734760284424,False,healthy,0.9831264615058899,0.9831264615058899,0.01687358133494854,False,light_red,83.59,0.729,segmentacion_pobre_o_fondo_excesivo,0.0,0.0,0.0,0.0,False
120,video_02_frame_000120,True,2,False,121,True,2,0,510,135,765,0.9679198265075684,False,healthy,0.44449979066848755,0.44449979066848755,0.5555001497268677,False,red,98.86,0.992,,0.0,0.0,0.0,0.0,False
120,video_02_frame_000120,True,23,False,26,True,3,522,533,720,732,0.951263427734375,False,,,,,False,,,,,0.0,0.0,0.0,0.0,False
120,video_02_frame_000120,True,15,False,67,True,4,0,1113,259,1275,0.9395734667778015,False,healthy,0.986624002456665,0.986624002456665,0.013375923037528992,False,red,87.79,0.87,,0.0,0.0,0.0,0.0,False
120,video_02_frame_000120,True,21,False,34,True,5,426,920,706,1136,0.9381938576698303,False,healthy,0.9992308616638184,0.9992308616638184,0.0007691254722885787,False,red,93.54,0.721,segmentacion_pobre_o_fondo_excesivo,0.0,0.0,0.0,0.0,False
120,video_02_frame_000120,True,20,False,50,True,6,251,1045,513,1260,0.9284868836402893,False,healthy,0.7314830422401428,0.7314830422401428,0.2685169279575348,False,red,98.66,0.992,,0.0,0.0,0.0,0.0,False
120,video_02_frame_000120,True,22,False,27,True,7,488,329,633,428,0.8480454087257385,False,healthy,0.9986897110939026,0.9986897110939026,0.0013103206874802709,False,red,99.91,0.999,,0.0,0.0,0.0,0.0,False
120,video_02_frame_000120,True,5,False,114,True,8,105,420,312,637,0.8153788447380066,False,healthy,0.9572108387947083,0.9572108387947083,0.042789217084646225,False,red,90.1,0.93,,0.0,0.0,0.0,0.0,False
121,video_02_frame_000121,True,7,False,114,True,1,96,596,359,856,0.9792439341545105,False,healthy,0.9831264615058899,0.9831264615058899,0.01687358133494854,False,light_red,83.59,0.729,segmentacion_pobre_o_fondo_excesivo,0.0,0.0,0.0,0.0,False
121,video_02_frame_000121,True,23,False,27,True,2,517,533,720,734,0.9619153738021851,False,,,,,False,,,,,0.0,0.0,0.0,0.0,False
121,video_02_frame_000121,True,2,False,122,True,3,0,510,128,766,0.956653892993927,False,healthy,0.44449979066848755,0.44449979066848755,0.5555001497268677,False,red,98.86,0.992,,0.0,0.0,0.0,0.0,False
121,video_02_frame_000121,True,21,False,35,True,4,419,922,700,1134,0.926884651184082,False,healthy,0.9992308616638184,0.9992308616638184,0.0007691254722885787,False,red,93.54,0.721,segmentacion_pobre_o_fondo_excesivo,0.0,0.0,0.0,0.0,False
121,video_02_frame_000121,True,20,False,51,True,5,242,1047,504,1252,0.9209239482879639,False,healthy,0.7314830422401428,0.7314830422401428,0.2685169279575348,False,red,98.66,0.992,,0.0,0.0,0.0,0.0,False
121,video_02_frame_000121,True,15,False,68,True,6,0,1111,252,1276,0.9181182980537415,False,healthy,0.986624002456665,0.986624002456665,0.013375923037528992,False,red,87.79,0.87,,0.0,0.0,0.0,0.0,False
121,video_02_frame_000121,True,22,False,28,True,7,483,329,630,429,0.8551669716835022,False,healthy,0.9986897110939026,0.9986897110939026,0.0013103206874802709,False,red,99.91,0.999,,0.0,0.0,0.0,0.0,False
122,video_02_frame_000122,True,7,False,115,True,1,91,599,352,856,0.9758662581443787,False,healthy,0.9831264615058899,0.9831264615058899,0.01687358133494854,False,light_red,83.59,0.729,segmentacion_pobre_o_fondo_excesivo,0.0,0.0,0.0,0.0,False
122,video_02_frame_000122,True,23,False,28,True,2,511,536,719,735,0.9634555578231812,False,,,,,False,,,,,0.0,0.0,0.0,0.0,False
122,video_02_frame_000122,True,2,False,123,True,3,0,514,122,770,0.9520189166069031,False,healthy,0.44449979066848755,0.44449979066848755,0.5555001497268677,False,red,98.86,0.992,,0.0,0.0,0.0,0.0,False
122,video_02_frame_000122,True,20,False,52,True,4,236,1048,492,1250,0.9425249695777893,False,healthy,0.7314830422401428,0.7314830422401428,0.2685169279575348,False,red,98.66,0.992,,0.0,0.0,0.0,0.0,False
122,video_02_frame_000122,True,21,False,36,True,5,414,924,685,1129,0.9126336574554443,False,healthy,0.9992308616638184,0.9992308616638184,0.0007691254722885787,False,red,93.54,0.721,segmentacion_pobre_o_fondo_excesivo,0.0,0.0,0.0,0.0,False
122,video_02_frame_000122,True,15,False,69,True,6,0,1113,245,1274,0.8810707926750183,False,healthy,0.986624002456665,0.986624002456665,0.013375923037528992,False,red,87.79,0.87,,0.0,0.0,0.0,0.0,False
122,video_02_frame_000122,True,22,False,29,True,7,478,330,623,430,0.8362383842468262,False,healthy,0.9986897110939026,0.9986897110939026,0.0013103206874802709,False,red,99.91,0.999,,0.0,0.0,0.0,0.0,False
122,video_02_frame_000122,True,5,False,115,True,8,95,420,301,624,0.8145483136177063,False,healthy,0.9572108387947083,0.9572108387947083,0.042789217084646225,False,red,90.1,0.93,,0.0,0.0,0.0,0.0,False
123,video_02_frame_000123,True,7,False,116,True,1,86,601,345,858,0.9706541895866394,False,healthy,0.9831264615058899,0.9831264615058899,0.01687358133494854,False,light_red,83.59,0.729,segmentacion_pobre_o_fondo_excesivo,0.0,0.0,0.0,0.0,False
123,video_02_frame_000123,True,23,False,29,True,2,506,539,715,736,0.9576057195663452,False,,,,,False,,,,,0.0,0.0,0.0,0.0,False
123,video_02_frame_000123,True,20,False,53,True,3,229,1050,482,1257,0.9373167157173157,False,healthy,0.7314830422401428,0.7314830422401428,0.2685169279575348,False,red,98.66,0.992,,0.0,0.0,0.0,0.0,False
123,video_02_frame_000123,True,2,False,124,True,4,0,517,115,771,0.9362887740135193,False,healthy,0.44449979066848755,0.44449979066848755,0.5555001497268677,False,red,98.86,0.992,,0.0,0.0,0.0,0.0,False
123,video_02_frame_000123,True,21,False,37,True,5,403,926,680,1138,0.9290618300437927,False,healthy,0.9992308616638184,0.9992308616638184,0.0007691254722885787,False,red,93.54,0.721,segmentacion_pobre_o_fondo_excesivo,0.0,0.0,0.0,0.0,False
123,video_02_frame_000123,True,15,False,70,True,6,0,1114,240,1274,0.9167544841766357,False,healthy,0.986624002456665,0.986624002456665,0.013375923037528992,False,red,87.79,0.87,,0.0,0.0,0.0,0.0,False
123,video_02_frame_000123,True,22,False,30,True,7,473,332,618,430,0.8700634241104126,False,healthy,0.9986897110939026,0.9986897110939026,0.0013103206874802709,False,red,99.91,0.999,,0.0,0.0,0.0,0.0,False
123,video_02_frame_000123,True,5,False,116,True,8,89,422,308,624,0.8047042489051819,False,healthy,0.9572108387947083,0.9572108387947083,0.042789217084646225,False,red,90.1,0.93,,0.0,0.0,0.0,0.0,False
124,video_02_frame_000124,True,23,False,30,True,1,500,542,710,737,0.9648120999336243,False,,,,,False,,,,,0.0,0.0,0.0,0.0,False
124,video_02_frame_000124,True,7,False,117,True,2,80,604,338,861,0.9614260792732239,False,healthy,0.9831264615058899,0.9831264615058899,0.01687358133494854,False,light_red,83.59,0.729,segmentacion_pobre_o_fondo_excesivo,0.0,0.0,0.0,0.0,False
124,video_02_frame_000124,True,20,False,54,True,3,221,1051,479,1255,0.9427974224090576,False,healthy,0.7314830422401428,0.7314830422401428,0.2685169279575348,False,red,98.66,0.992,,0.0,0.0,0.0,0.0,False
124,video_02_frame_000124,True,21,False,38,True,4,398,926,683,1141,0.9063383936882019,False,healthy,0.9992308616638184,0.9992308616638184,0.0007691254722885787,False,red,93.54,0.721,segmentacion_pobre_o_fondo_excesivo,0.0,0.0,0.0,0.0,False
124,video_02_frame_000124,True,2,False,125,True,5,0,521,112,776,0.8686991333961487,False,healthy,0.44449979066848755,0.44449979066848755,0.5555001497268677,False,red,98.86,0.992,,0.0,0.0,0.0,0.0,False
124,video_02_frame_000124,True,22,False,31,True,6,469,336,616,433,0.8548633456230164,False,healthy,0.9986897110939026,0.9986897110939026,0.0013103206874802709,False,red,99.91,0.999,,0.0,0.0,0.0,0.0,False
124,video_02_frame_000124,True,15,False,71,True,7,0,1116,236,1275,0.8495234251022339,False,healthy,0.986624002456665,0.986624002456665,0.013375923037528992,False,red,87.79,0.87,,0.0,0.0,0.0,0.0,False
124,video_02_frame_000124,True,5,False,117,True,8,87,425,310,637,0.823027491569519,False,healthy,0.9572108387947083,0.9572108387947083,0.042789217084646225,False,red,90.1,0.93,,0.0,0.0,0.0,0.0,False
125,video_02_frame_000125,True,23,False,31,True,1,492,543,702,739,0.9717727899551392,False,,,,,False,,,,,0.0,0.0,0.0,0.0,False
125,video_02_frame_000125,True,7,False,118,True,2,76,603,334,864,0.9641143083572388,False,healthy,0.9831264615058899,0.9831264615058899,0.01687358133494854,False,light_red,83.59,0.729,segmentacion_pobre_o_fondo_excesivo,0.0,0.0,0.0,0.0,False
125,video_02_frame_000125,True,20,False,55,True,3,217,1052,471,1258,0.931930661201477,False,healthy,0.7314830422401428,0.7314830422401428,0.2685169279575348,False,red,98.66,0.992,,0.0,0.0,0.0,0.0,False
125,video_02_frame_000125,True,21,False,39,True,4,391,929,674,1139,0.9128470420837402,False,healthy,0.9992308616638184,0.9992308616638184,0.0007691254722885787,False,red,93.54,0.721,segmentacion_pobre_o_fondo_excesivo,0.0,0.0,0.0,0.0,False
125,video_02_frame_000125,True,5,False,118,True,5,83,427,305,638,0.8533353209495544,False,healthy,0.9572108387947083,0.9572108387947083,0.042789217084646225,False,red,90.1,0.93,,0.0,0.0,0.0,0.0,False
125,video_02_frame_000125,True,22,False,32,True,6,466,337,607,435,0.8518621921539307,False,healthy,0.9986897110939026,0.9986897110939026,0.0013103206874802709,False,red,99.91,0.999,,0.0,0.0,0.0,0.0,False
125,video_02_frame_000125,True,2,False,126,True,7,0,524,108,773,0.8293789029121399,False,healthy,0.44449979066848755,0.44449979066848755,0.5555001497268677,False,red,98.86,0.992,,0.0,0.0,0.0,0.0,False
125,video_02_frame_000125,True,15,False,72,True,8,1,1117,227,1274,0.8281428217887878,False,healthy,0.986624002456665,0.986624002456665,0.013375923037528992,False,red,87.79,0.87,,0.0,0.0,0.0,0.0,False
126,video_02_frame_000126,True,23,False,32,True,1,489,545,695,740,0.9686530232429504,False,,,,,False,,,,,0.0,0.0,0.0,0.0,False
126,video_02_frame_000126,True,7,False,119,True,2,70,604,329,865,0.9677308201789856,False,healthy,0.9831264615058899,0.9831264615058899,0.01687358133494854,False,light_red,83.59,0.729,segmentacion_pobre_o_fondo_excesivo,0.0,0.0,0.0,0.0,False
126,video_02_frame_000126,True,20,False,56,True,3,211,1053,465,1257,0.9396616816520691,False,healthy,0.7314830422401428,0.7314830422401428,0.2685169279575348,False,red,98.66,0.992,,0.0,0.0,0.0,0.0,False
126,video_02_frame_000126,True,21,False,40,True,4,386,929,676,1133,0.8970350623130798,False,healthy,0.9992308616638184,0.9992308616638184,0.0007691254722885787,False,red,93.54,0.721,segmentacion_pobre_o_fondo_excesivo,0.0,0.0,0.0,0.0,False
126,video_02_frame_000126,True,22,False,33,True,5,461,338,603,434,0.8702290654182434,False,healthy,0.9986897110939026,0.9986897110939026,0.0013103206874802709,False,red,99.91,0.999,,0.0,0.0,0.0,0.0,False
126,video_02_frame_000126,True,2,False,127,True,6,0,525,99,775,0.8423731327056885,False,healthy,0.44449979066848755,0.44449979066848755,0.5555001497268677,False,red,98.86,0.992,,0.0,0.0,0.0,0.0,False
126,video_02_frame_000126,True,5,False,119,True,7,79,429,305,639,0.8383442759513855,False,healthy,0.9572108387947083,0.9572108387947083,0.042789217084646225,False,red,90.1,0.93,,0.0,0.0,0.0,0.0,False
127,video_02_frame_000127,True,7,False,120,True,1,64,604,325,867,0.9716471433639526,False,healthy,0.9831264615058899,0.9831264615058899,0.01687358133494854,False,light_red,83.59,0.729,segmentacion_pobre_o_fondo_excesivo,0.0,0.0,0.0,0.0,False
127,video_02_frame_000127,True,23,False,33,True,2,485,544,691,741,0.9688811898231506,False,,,,,False,,,,,0.0,0.0,0.0,0.0,False
127,video_02_frame_000127,True,20,False,57,True,3,206,1052,462,1257,0.9195517301559448,False,healthy,0.7314830422401428,0.7314830422401428,0.2685169279575348,False,red,98.66,0.992,,0.0,0.0,0.0,0.0,False
127,video_02_frame_000127,True,22,False,34,True,4,456,340,599,435,0.9176842570304871,False,healthy,0.9986897110939026,0.9986897110939026,0.0013103206874802709,False,red,99.91,0.999,,0.0,0.0,0.0,0.0,False
127,video_02_frame_000127,True,21,False,41,True,5,379,934,657,1132,0.8940023183822632,False,healthy,0.9992308616638184,0.9992308616638184,0.0007691254722885787,False,red,93.54,0.721,segmentacion_pobre_o_fondo_excesivo,0.0,0.0,0.0,0.0,False
127,video_02_frame_000127,True,2,False,128,True,6,0,525,96,776,0.821260929107666,False,healthy,0.44449979066848755,0.44449979066848755,0.5555001497268677,False,red,98.86,0.992,,0.0,0.0,0.0,0.0,False
127,video_02_frame_000127,True,5,False,120,True,7,75,432,298,631,0.8142492771148682,False,healthy,0.9572108387947083,0.9572108387947083,0.042789217084646225,False,red,90.1,0.93,,0.0,0.0,0.0,0.0,False
127,video_02_frame_000127,True,25,True,1,False,8,544,735,720,973,0.8101068735122681,True,healthy,0.9522286653518677,0.9522286653518677,0.04777134582400322,True,light_red,81.47,0.965,,6.842613220214844e-05,0.06580829620361328,0.5832431316375732,0.6491198539733887,False
128,video_02_frame_000128,True,7,False,121,True,1,60,606,321,868,0.975184440612793,False,healthy,0.9831264615058899,0.9831264615058899,0.01687358133494854,False,light_red,83.59,0.729,segmentacion_pobre_o_fondo_excesivo,0.0,0.0,0.0,0.0,False
128,video_02_frame_000128,True,23,False,34,True,2,479,546,685,740,0.9665487408638,False,,,,,False,,,,,0.0,0.0,0.0,0.0,False
128,video_02_frame_000128,True,22,False,35,True,3,452,341,595,436,0.9325444102287292,False,healthy,0.9986897110939026,0.9986897110939026,0.0013103206874802709,False,red,99.91,0.999,,0.0,0.0,0.0,0.0,False
128,video_02_frame_000128,True,20,False,58,True,4,204,1052,459,1256,0.9209702610969543,False,healthy,0.7314830422401428,0.7314830422401428,0.2685169279575348,False,red,98.66,0.992,,0.0,0.0,0.0,0.0,False
128,video_02_frame_000128,True,21,False,42,True,5,373,932,656,1136,0.9036343693733215,False,healthy,0.9992308616638184,0.9992308616638184,0.0007691254722885787,False,red,93.54,0.721,segmentacion_pobre_o_fondo_excesivo,0.0,0.0,0.0,0.0,False
128,video_02_frame_000128,True,2,False,129,True,6,0,528,94,776,0.8119547367095947,False,healthy,0.44449979066848755,0.44449979066848755,0.5555001497268677,False,red,98.86,0.992,,0.0,0.0,0.0,0.0,False
129,video_02_frame_000129,True,7,False,122,True,1,58,605,317,868,0.9704381227493286,False,healthy,0.9831264615058899,0.9831264615058899,0.01687358133494854,False,light_red,83.59,0.729,segmentacion_pobre_o_fondo_excesivo,0.0,0.0,0.0,0.0,False
129,video_02_frame_000129,True,23,False,35,True,2,476,546,680,740,0.9664908647537231,False,,,,,False,,,,,0.0,0.0,0.0,0.0,False
129,video_02_frame_000129,True,22,False,36,True,3,448,342,592,438,0.9343157410621643,False,healthy,0.9986897110939026,0.9986897110939026,0.0013103206874802709,False,red,99.91,0.999,,0.0,0.0,0.0,0.0,False
129,video_02_frame_000129,True,20,False,59,True,4,197,1053,456,1258,0.9181615710258484,False,healthy,0.7314830422401428,0.7314830422401428,0.2685169279575348,False,red,98.66,0.992,,0.0,0.0,0.0,0.0,False
129,video_02_frame_000129,True,21,False,43,True,5,370,931,644,1143,0.9122269153594971,False,healthy,0.9992308616638184,0.9992308616638184,0.0007691254722885787,False,red,93.54,0.721,segmentacion_pobre_o_fondo_excesivo,0.0,0.0,0.0,0.0,False
129,video_02_frame_000129,True,25,False,2,True,6,530,737,720,985,0.8451273441314697,False,healthy,0.9522286653518677,0.9522286653518677,0.04777134582400322,False,light_red,81.47,0.965,,0.0,0.0,0.0,0.0,False
129,video_02_frame_000129,True,5,False,121,True,7,67,432,274,640,0.8076428174972534,False,healthy,0.9572108387947083,0.9572108387947083,0.042789217084646225,False,red,90.1,0.93,,0.0,0.0,0.0,0.0,False
130,video_02_frame_000130,True,7,False,123,True,1,57,607,312,868,0.9679493308067322,False,healthy,0.9831264615058899,0.9831264615058899,0.01687358133494854,False,light_red,83.59,0.729,segmentacion_pobre_o_fondo_excesivo,0.0,0.0,0.0,0.0,False
130,video_02_frame_000130,True,23,False,36,True,2,471,547,676,740,0.9634146094322205,False,,,,,False,,,,,0.0,0.0,0.0,0.0,False
130,video_02_frame_000130,True,22,False,37,True,3,445,343,588,438,0.9376087188720703,False,healthy,0.9986897110939026,0.9986897110939026,0.0013103206874802709,False,red,99.91,0.999,,0.0,0.0,0.0,0.0,False
130,video_02_frame_000130,True,21,False,44,True,4,367,933,638,1138,0.9227278232574463,False,healthy,0.9992308616638184,0.9992308616638184,0.0007691254722885787,False,red,93.54,0.721,segmentacion_pobre_o_fondo_excesivo,0.0,0.0,0.0,0.0,False
130,video_02_frame_000130,True,20,False,60,True,5,195,1050,452,1258,0.9181455373764038,False,healthy,0.7314830422401428,0.7314830422401428,0.2685169279575348,False,red,98.66,0.992,,0.0,0.0,0.0,0.0,False
130,video_02_frame_000130,True,25,False,3,True,6,526,739,720,983,0.8412514925003052,False,healthy,0.9522286653518677,0.9522286653518677,0.04777134582400322,False,light_red,81.47,0.965,,0.0,0.0,0.0,0.0,False
130,video_02_frame_000130,True,5,False,122,True,7,63,432,279,640,0.8022483587265015,False,healthy,0.9572108387947083,0.9572108387947083,0.042789217084646225,False,red,90.1,0.93,,0.0,0.0,0.0,0.0,False
130,video_02_frame_000130,True,26,True,1,False,8,84,297,264,446,0.8022341728210449,True,healthy,0.9928469061851501,0.9928469061851501,0.007153079845011234,True,pink,57.62,0.911,,6.246566772460938e-05,0.05766415596008301,0.420856237411499,0.47858285903930664,False
131,video_02_frame_000131,True,7,False,124,True,1,54,609,308,867,0.9722632765769958,False,healthy,0.9831264615058899,0.9831264615058899,0.01687358133494854,False,light_red,83.59,0.729,segmentacion_pobre_o_fondo_excesivo,0.0,0.0,0.0,0.0,False
131,video_02_frame_000131,True,23,False,37,True,2,466,549,672,740,0.9638800024986267,False,,,,,False,,,,,0.0,0.0,0.0,0.0,False
131,video_02_frame_000131,True,22,False,38,True,3,443,344,584,439,0.9304741621017456,False,healthy,0.9986897110939026,0.9986897110939026,0.0013103206874802709,False,red,99.91,0.999,,0.0,0.0,0.0,0.0,False
131,video_02_frame_000131,True,20,False,61,True,4,190,1053,444,1255,0.9029406905174255,False,healthy,0.7314830422401428,0.7314830422401428,0.2685169279575348,False,red,98.66,0.992,,0.0,0.0,0.0,0.0,False
131,video_02_frame_000131,True,21,False,45,True,5,367,934,627,1136,0.8996468782424927,False,healthy,0.9992308616638184,0.9992308616638184,0.0007691254722885787,False,red,93.54,0.721,segmentacion_pobre_o_fondo_excesivo,0.0,0.0,0.0,0.0,False
131,video_02_frame_000131,True,25,False,4,True,6,524,739,720,983,0.8477857708930969,False,healthy,0.9522286653518677,0.9522286653518677,0.04777134582400322,False,light_red,81.47,0.965,,0.0,0.0,0.0,0.0,False
132,video_02_frame_000132,True,7,False,125,True,1,52,611,304,869,0.9722058176994324,False,healthy,0.9831264615058899,0.9831264615058899,0.01687358133494854,False,light_red,83.59,0.729,segmentacion_pobre_o_fondo_excesivo,0.0,0.0,0.0,0.0,False
132,video_02_frame_000132,True,23,False,38,True,2,462,550,669,741,0.9636986255645752,False,,,,,False,,,,,0.0,0.0,0.0,0.0,False
132,video_02_frame_000132,True,22,False,39,True,3,441,346,582,441,0.9436986446380615,False,healthy,0.9986897110939026,0.9986897110939026,0.0013103206874802709,False,red,99.91,0.999,,0.0,0.0,0.0,0.0,False
132,video_02_frame_000132,True,20,False,62,True,4,189,1052,441,1256,0.9097352623939514,False,healthy,0.7314830422401428,0.7314830422401428,0.2685169279575348,False,red,98.66,0.992,,0.0,0.0,0.0,0.0,False
132,video_02_frame_000132,True,21,False,46,True,5,364,934,629,1139,0.9034973382949829,False,healthy,0.9992308616638184,0.9992308616638184,0.0007691254722885787,False,red,93.54,0.721,segmentacion_pobre_o_fondo_excesivo,0.0,0.0,0.0,0.0,False
132,video_02_frame_000132,True,25,False,5,True,6,522,740,719,982,0.8380393385887146,False,healthy,0.9522286653518677,0.9522286653518677,0.04777134582400322,False,light_red,81.47,0.965,,0.0,0.0,0.0,0.0,False
132,video_02_frame_000132,True,5,False,123,True,7,59,441,267,620,0.836673378944397,False,healthy,0.9572108387947083,0.9572108387947083,0.042789217084646225,False,red,90.1,0.93,,0.0,0.0,0.0,0.0,False
133,video_02_frame_000133,True,7,False,126,True,1,52,615,302,870,0.9716588854789734,False,healthy,0.9831264615058899,0.9831264615058899,0.01687358133494854,False,light_red,83.59,0.729,segmentacion_pobre_o_fondo_excesivo,0.0,0.0,0.0,0.0,False
133,video_02_frame_000133,True,23,False,39,True,2,461,552,666,745,0.971518337726593,False,,,,,False,,,,,0.0,0.0,0.0,0.0,False
133,video_02_frame_000133,True,22,False,40,True,3,437,346,578,444,0.9313566088676453,False,healthy,0.9986897110939026,0.9986897110939026,0.0013103206874802709,False,red,99.91,0.999,,0.0,0.0,0.0,0.0,False
133,video_02_frame_000133,True,20,False,63,True,4,185,1054,433,1259,0.9230504035949707,False,healthy,0.7314830422401428,0.7314830422401428,0.2685169279575348,False,red,98.66,0.992,,0.0,0.0,0.0,0.0,False
133,video_02_frame_000133,True,21,False,47,True,5,360,934,615,1138,0.8784281015396118,False,healthy,0.9992308616638184,0.9992308616638184,0.0007691254722885787,False,red,93.54,0.721,segmentacion_pobre_o_fondo_excesivo,0.0,0.0,0.0,0.0,False
133,video_02_frame_000133,True,25,False,6,True,6,518,740,720,993,0.8777458071708679,False,healthy,0.9522286653518677,0.9522286653518677,0.04777134582400322,False,light_red,81.47,0.965,,0.0,0.0,0.0,0.0,False
133,video_02_frame_000133,True,5,False,124,True,7,57,444,262,628,0.8155558705329895,False,healthy,0.9572108387947083,0.9572108387947083,0.042789217084646225,False,red,90.1,0.93,,0.0,0.0,0.0,0.0,False
133,video_02_frame_000133,True,26,False,2,True,8,78,303,249,453,0.8064988851547241,False,healthy,0.9928469061851501,0.9928469061851501,0.007153079845011234,False,pink,57.62,0.911,,0.0,0.0,0.0,0.0,False
133,video_02_frame_000133,True,27,True,1,False,9,0,1123,191,1273,0.8036674857139587,True,healthy,0.8979871273040771,0.8979871273040771,0.10201280564069748,True,light_red,68.58,0.895,,5.91278076171875e-05,0.0606379508972168,0.31362485885620117,0.37432193756103516,False
134,video_02_frame_000134,True,7,False,127,True,1,50,619,298,872,0.9733126759529114,False,healthy,0.9831264615058899,0.9831264615058899,0.01687358133494854,False,light_red,83.59,0.729,segmentacion_pobre_o_fondo_excesivo,0.0,0.0,0.0,0.0,False
134,video_02_frame_000134,True,23,False,40,True,2,459,554,662,746,0.9691248536109924,False,,,,,False,,,,,0.0,0.0,0.0,0.0,False
134,video_02_frame_000134,True,20,False,64,True,3,183,1053,429,1258,0.9227655529975891,False,healthy,0.7314830422401428,0.7314830422401428,0.2685169279575348,False,red,98.66,0.992,,0.0,0.0,0.0,0.0,False
134,video_02_frame_000134,True,22,False,41,True,4,433,349,575,447,0.9167880415916443,False,healthy,0.9986897110939026,0.9986897110939026,0.0013103206874802709,False,red,99.91,0.999,,0.0,0.0,0.0,0.0,False
134,video_02_frame_000134,True,25,False,7,True,5,514,741,720,990,0.8911552429199219,False,healthy,0.9522286653518677,0.9522286653518677,0.04777134582400322,False,light_red,81.47,0.965,,0.0,0.0,0.0,0.0,False
134,video_02_frame_000134,True,21,False,48,True,6,356,936,604,1139,0.8891403675079346,False,healthy,0.9992308616638184,0.9992308616638184,0.0007691254722885787,False,red,93.54,0.721,segmentacion_pobre_o_fondo_excesivo,0.0,0.0,0.0,0.0,False
134,video_02_frame_000134,True,26,False,3,True,7,76,305,250,456,0.8062015771865845,False,healthy,0.9928469061851501,0.9928469061851501,0.007153079845011234,False,pink,57.62,0.911,,0.0,0.0,0.0,0.0,False
135,video_02_frame_000135,True,7,False,128,True,1,46,623,294,873,0.9762412905693054,False,healthy,0.9831264615058899,0.9831264615058899,0.01687358133494854,False,light_red,83.59,0.729,segmentacion_pobre_o_fondo_excesivo,0.0,0.0,0.0,0.0,False
135,video_02_frame_000135,True,23,False,41,True,2,457,556,658,749,0.972871720790863,False,,,,,False,,,,,0.0,0.0,0.0,0.0,False
135,video_02_frame_000135,True,20,False,65,True,3,181,1055,426,1256,0.9348310232162476,False,healthy,0.7314830422401428,0.7314830422401428,0.2685169279575348,False,red,98.66,0.992,,0.0,0.0,0.0,0.0,False
135,video_02_frame_000135,True,25,False,8,True,4,512,742,720,990,0.9165446758270264,False,healthy,0.9522286653518677,0.9522286653518677,0.04777134582400322,False,light_red,81.47,0.965,,0.0,0.0,0.0,0.0,False
135,video_02_frame_000135,True,21,False,49,True,5,351,936,598,1139,0.9115080833435059,False,healthy,0.9992308616638184,0.9992308616638184,0.0007691254722885787,False,red,93.54,0.721,segmentacion_pobre_o_fondo_excesivo,0.0,0.0,0.0,0.0,False
135,video_02_frame_000135,True,22,False,42,True,6,431,352,574,452,0.8700633645057678,False,healthy,0.9986897110939026,0.9986897110939026,0.0013103206874802709,False,red,99.91,0.999,,0.0,0.0,0.0,0.0,False
135,video_02_frame_000135,True,5,False,125,True,7,50,447,262,635,0.8255733847618103,False,healthy,0.9572108387947083,0.9572108387947083,0.042789217084646225,False,red,90.1,0.93,,0.0,0.0,0.0,0.0,False
135,video_02_frame_000135,True,26,False,4,True,8,73,307,253,459,0.8068824410438538,False,healthy,0.9928469061851501,0.9928469061851501,0.007153079845011234,False,pink,57.62,0.911,,0.0,0.0,0.0,0.0,False
136,video_02_frame_000136,True,23,False,42,True,1,454,557,655,750,0.9737987518310547,False,,,,,False,,,,,0.0,0.0,0.0,0.0,False
136,video_02_frame_000136,True,7,False,129,True,2,45,625,292,875,0.9734192490577698,False,healthy,0.9831264615058899,0.9831264615058899,0.01687358133494854,False,light_red,83.59,0.729,segmentacion_pobre_o_fondo_excesivo,0.0,0.0,0.0,0.0,False
136,video_02_frame_000136,True,20,False,66,True,3,177,1055,421,1267,0.9486783742904663,False,healthy,0.7314830422401428,0.7314830422401428,0.2685169279575348,False,red,98.66,0.992,,0.0,0.0,0.0,0.0,False
136,video_02_frame_000136,True,25,False,9,True,4,510,746,720,986,0.9188570380210876,False,healthy,0.9522286653518677,0.9522286653518677,0.04777134582400322,False,light_red,81.47,0.965,,0.0,0.0,0.0,0.0,False
136,video_02_frame_000136,True,21,False,50,True,5,348,935,601,1145,0.9151209592819214,False,healthy,0.9992308616638184,0.9992308616638184,0.0007691254722885787,False,red,93.54,0.721,segmentacion_pobre_o_fondo_excesivo,0.0,0.0,0.0,0.0,False
136,video_02_frame_000136,True,22,False,43,True,6,430,355,571,454,0.8919067978858948,False,healthy,0.9986897110939026,0.9986897110939026,0.0013103206874802709,False,red,99.91,0.999,,0.0,0.0,0.0,0.0,False
137,video_02_frame_000137,True,7,False,130,True,1,42,627,289,876,0.9759519100189209,False,healthy,0.9831264615058899,0.9831264615058899,0.01687358133494854,False,light_red,83.59,0.729,segmentacion_pobre_o_fondo_excesivo,0.0,0.0,0.0,0.0,False
137,video_02_frame_000137,True,23,False,43,True,2,450,559,651,752,0.9721390008926392,False,,,,,False,,,,,0.0,0.0,0.0,0.0,False
137,video_02_frame_000137,True,25,False,10,True,3,503,746,720,991,0.9478998780250549,False,healthy,0.9522286653518677,0.9522286653518677,0.04777134582400322,False,light_red,81.47,0.965,,0.0,0.0,0.0,0.0,False
137,video_02_frame_000137,True,20,False,67,True,4,174,1056,420,1266,0.9393846392631531,False,healthy,0.7314830422401428,0.7314830422401428,0.2685169279575348,False,red,98.66,0.992,,0.0,0.0,0.0,0.0,False
137,video_02_frame_000137,True,21,False,51,True,5,345,935,600,1153,0.8937726020812988,False,healthy,0.9992308616638184,0.9992308616638184,0.0007691254722885787,False,red,93.54,0.721,segmentacion_pobre_o_fondo_excesivo,0.0,0.0,0.0,0.0,False
137,video_02_frame_000137,True,22,False,44,True,6,427,357,568,455,0.8828176856040955,False,healthy,0.9986897110939026,0.9986897110939026,0.0013103206874802709,False,red,99.91,0.999,,0.0,0.0,0.0,0.0,False
137,video_02_frame_000137,True,5,False,126,True,7,46,453,248,651,0.8574047684669495,False,healthy,0.9572108387947083,0.9572108387947083,0.042789217084646225,False,red,90.1,0.93,,0.0,0.0,0.0,0.0,False
137,video_02_frame_000137,True,26,False,5,True,8,68,316,238,463,0.8134750127792358,False,healthy,0.9928469061851501,0.9928469061851501,0.007153079845011234,False,pink,57.62,0.911,,0.0,0.0,0.0,0.0,False
138,video_02_frame_000138,True,7,False,131,True,1,41,628,286,877,0.9748356342315674,False,healthy,0.9831264615058899,0.9831264615058899,0.01687358133494854,False,light_red,83.59,0.729,segmentacion_pobre_o_fondo_excesivo,0.0,0.0,0.0,0.0,False
138,video_02_frame_000138,True,23,False,44,True,2,448,562,647,753,0.9668604731559753,False,,,,,False,,,,,0.0,0.0,0.0,0.0,False
138,video_02_frame_000138,True,25,False,11,True,3,499,748,720,989,0.9479387998580933,False,healthy,0.9522286653518677,0.9522286653518677,0.04777134582400322,False,light_red,81.47,0.965,,0.0,0.0,0.0,0.0,False
138,video_02_frame_000138,True,20,False,68,True,4,170,1056,411,1258,0.9353249669075012,False,healthy,0.7314830422401428,0.7314830422401428,0.2685169279575348,False,red,98.66,0.992,,0.0,0.0,0.0,0.0,False
138,video_02_frame_000138,True,21,False,52,True,5,342,938,596,1147,0.8985170125961304,False,healthy,0.9992308616638184,0.9992308616638184,0.0007691254722885787,False,red,93.54,0.721,segmentacion_pobre_o_fondo_excesivo,0.0,0.0,0.0,0.0,False
138,video_02_frame_000138,True,5,False,127,True,6,44,456,244,642,0.8906269669532776,False,healthy,0.9572108387947083,0.9572108387947083,0.042789217084646225,False,red,90.1,0.93,,0.0,0.0,0.0,0.0,False
138,video_02_frame_000138,True,22,False,45,True,7,422,359,563,455,0.8728085160255432,False,healthy,0.9986897110939026,0.9986897110939026,0.0013103206874802709,False,red,99.91,0.999,,0.0,0.0,0.0,0.0,False
139,video_02_frame_000139,True,7,False,132,True,1,38,630,286,879,0.9681022763252258,False,healthy,0.9831264615058899,0.9831264615058899,0.01687358133494854,False,light_red,83.59,0.729,segmentacion_pobre_o_fondo_excesivo,0.0,0.0,0.0,0.0,False
139,video_02_frame_000139,True,23,False,45,True,2,445,563,643,754,0.9655022621154785,False,,,,,False,,,,,0.0,0.0,0.0,0.0,False
139,video_02_frame_000139,True,25,False,12,True,3,496,748,720,989,0.9610531330108643,False,healthy,0.9522286653518677,0.9522286653518677,0.04777134582400322,False,light_red,81.47,0.965,,0.0,0.0,0.0,0.0,False
139,video_02_frame_000139,True,20,False,69,True,4,167,1056,408,1255,0.9349024891853333,False,healthy,0.7314830422401428,0.7314830422401428,0.2685169279575348,False,red,98.66,0.992,,0.0,0.0,0.0,0.0,False
139,video_02_frame_000139,True,21,False,53,True,5,340,938,584,1143,0.8803868889808655,False,healthy,0.9992308616638184,0.9992308616638184,0.0007691254722885787,False,red,93.54,0.721,segmentacion_pobre_o_fondo_excesivo,0.0,0.0,0.0,0.0,False
139,video_02_frame_000139,True,5,False,128,True,6,42,458,257,645,0.8563199639320374,False,healthy,0.9572108387947083,0.9572108387947083,0.042789217084646225,False,red,90.1,0.93,,0.0,0.0,0.0,0.0,False
139,video_02_frame_000139,True,22,False,46,True,7,418,361,558,456,0.8435145616531372,False,healthy,0.9986897110939026,0.9986897110939026,0.0013103206874802709,False,red,99.91,0.999,,0.0,0.0,0.0,0.0,False
139,video_02_frame_000139,True,26,False,6,True,8,66,321,234,466,0.8190804123878479,False,healthy,0.9928469061851501,0.9928469061851501,0.007153079845011234,False,pink,57.62,0.911,,0.0,0.0,0.0,0.0,False
140,video_02_frame_000140,True,25,False,13,True,1,493,749,720,994,0.9655044674873352,False,healthy,0.9522286653518677,0.9522286653518677,0.04777134582400322,False,light_red,81.47,0.965,,0.0,0.0,0.0,0.0,False
140,video_02_frame_000140,True,23,False,46,True,2,441,564,637,754,0.9609708786010742,False,,,,,False,,,,,0.0,0.0,0.0,0.0,False
140,video_02_frame_000140,True,7,False,133,True,3,37,632,283,879,0.9598978757858276,False,healthy,0.9831264615058899,0.9831264615058899,0.01687358133494854,False,light_red,83.59,0.729,segmentacion_pobre_o_fondo_excesivo,0.0,0.0,0.0,0.0,False
140,video_02_frame_000140,True,20,False,70,True,4,164,1057,401,1256,0.92449551820755,False,healthy,0.7314830422401428,0.7314830422401428,0.2685169279575348,False,red,98.66,0.992,,0.0,0.0,0.0,0.0,False
140,video_02_frame_000140,True,21,False,54,True,5,338,937,588,1140,0.9013877511024475,False,healthy,0.9992308616638184,0.9992308616638184,0.0007691254722885787,False,red,93.54,0.721,segmentacion_pobre_o_fondo_excesivo,0.0,0.0,0.0,0.0,False
140,video_02_frame_000140,True,5,False,129,True,6,41,459,252,645,0.8754801154136658,False,healthy,0.9572108387947083,0.9572108387947083,0.042789217084646225,False,red,90.1,0.93,,0.0,0.0,0.0,0.0,False
140,video_02_frame_000140,True,22,False,47,True,7,420,362,556,459,0.8523836135864258,False,healthy,0.9986897110939026,0.9986897110939026,0.0013103206874802709,False,red,99.91,0.999,,0.0,0.0,0.0,0.0,False
141,video_02_frame_000141,True,23,False,47,True,1,436,565,633,755,0.9699917435646057,False,,,,,False,,,,,0.0,0.0,0.0,0.0,False
141,video_02_frame_000141,True,7,False,134,True,2,36,633,278,879,0.9553613066673279,False,healthy,0.9831264615058899,0.9831264615058899,0.01687358133494854,False,light_red,83.59,0.729,segmentacion_pobre_o_fondo_excesivo,0.0,0.0,0.0,0.0,False
141,video_02_frame_000141,True,25,False,14,True,3,491,750,720,993,0.9464755654335022,False,healthy,0.9522286653518677,0.9522286653518677,0.04777134582400322,False,light_red,81.47,0.965,,0.0,0.0,0.0,0.0,False
141,video_02_frame_000141,True,20,False,71,True,4,161,1057,399,1255,0.9258577227592468,False,healthy,0.7314830422401428,0.7314830422401428,0.2685169279575348,False,red,98.66,0.992,,0.0,0.0,0.0,0.0,False
141,video_02_frame_000141,True,21,False,55,True,5,334,938,581,1138,0.8911570906639099,False,healthy,0.9992308616638184,0.9992308616638184,0.0007691254722885787,False,red,93.54,0.721,segmentacion_pobre_o_fondo_excesivo,0.0,0.0,0.0,0.0,False
141,video_02_frame_000141,True,5,False,130,True,6,39,460,247,647,0.8694612383842468,False,healthy,0.9572108387947083,0.9572108387947083,0.042789217084646225,False,red,90.1,0.93,,0.0,0.0,0.0,0.0,False
141,video_02_frame_000141,True,22,False,48,True,7,417,364,553,460,0.8492480516433716,False,healthy,0.9986897110939026,0.9986897110939026,0.0013103206874802709,False,red,99.91,0.999,,0.0,0.0,0.0,0.0,False
142,video_02_frame_000142,True,23,False,48,True,1,433,566,630,756,0.9710565805435181,False,,,,,False,,,,,0.0,0.0,0.0,0.0,False
142,video_02_frame_000142,True,25,False,15,True,2,487,750,720,988,0.9471633434295654,False,healthy,0.9522286653518677,0.9522286653518677,0.04777134582400322,False,light_red,81.47,0.965,,0.0,0.0,0.0,0.0,False
142,video_02_frame_000142,True,7,False,135,True,3,34,634,276,880,0.9444148540496826,False,healthy,0.9831264615058899,0.9831264615058899,0.01687358133494854,False,light_red,83.59,0.729,segmentacion_pobre_o_fondo_excesivo,0.0,0.0,0.0,0.0,False
142,video_02_frame_000142,True,20,False,72,True,4,157,1057,396,1263,0.9301817417144775,False,healthy,0.7314830422401428,0.7314830422401428,0.2685169279575348,False,red,98.66,0.992,,0.0,0.0,0.0,0.0,False
142,video_02_frame_000142,True,21,False,56,True,5,331,938,572,1134,0.8831945061683655,False,healthy,0.9992308616638184,0.9992308616638184,0.0007691254722885787,False,red,93.54,0.721,segmentacion_pobre_o_fondo_excesivo,0.0,0.0,0.0,0.0,False
142,video_02_frame_000142,True,22,False,49,True,6,413,366,550,462,0.8678423762321472,False,healthy,0.9986897110939026,0.9986897110939026,0.0013103206874802709,False,red,99.91,0.999,,0.0,0.0,0.0,0.0,False
142,video_02_frame_000142,True,5,False,131,True,7,38,461,252,654,0.8229590058326721,False,healthy,0.9572108387947083,0.9572108387947083,0.042789217084646225,False,red,90.1,0.93,,0.0,0.0,0.0,0.0,False
143,video_02_frame_000143,True,23,False,49,True,1,431,567,627,756,0.9710744023323059,False,,,,,False,,,,,0.0,0.0,0.0,0.0,False
143,video_02_frame_000143,True,7,False,136,True,2,31,637,272,878,0.9466718435287476,False,healthy,0.9831264615058899,0.9831264615058899,0.01687358133494854,False,light_red,83.59,0.729,segmentacion_pobre_o_fondo_excesivo,0.0,0.0,0.0,0.0,False
143,video_02_frame_000143,True,25,False,16,True,3,487,749,717,987,0.9380093216896057,False,healthy,0.9522286653518677,0.9522286653518677,0.04777134582400322,False,light_red,81.47,0.965,,0.0,0.0,0.0,0.0,False
143,video_02_frame_000143,True,20,False,73,True,4,155,1056,399,1250,0.9283459186553955,False,healthy,0.7314830422401428,0.7314830422401428,0.2685169279575348,False,red,98.66,0.992,,0.0,0.0,0.0,0.0,False
143,video_02_frame_000143,True,21,False,57,True,5,327,942,571,1137,0.8663365840911865,False,healthy,0.9992308616638184,0.9992308616638184,0.0007691254722885787,False,red,93.54,0.721,segmentacion_pobre_o_fondo_excesivo,0.0,0.0,0.0,0.0,False
143,video_02_frame_000143,True,22,False,50,True,6,410,367,546,464,0.8626028895378113,False,healthy,0.9986897110939026,0.9986897110939026,0.0013103206874802709,False,red,99.91,0.999,,0.0,0.0,0.0,0.0,False
143,video_02_frame_000143,True,5,False,132,True,7,36,464,234,656,0.8517828583717346,False,healthy,0.9572108387947083,0.9572108387947083,0.042789217084646225,False,red,90.1,0.93,,0.0,0.0,0.0,0.0,False
144,video_02_frame_000144,True,23,False,50,True,1,428,569,622,755,0.9696042537689209,False,,,,,False,,,,,0.0,0.0,0.0,0.0,False
144,video_02_frame_000144,True,7,False,137,True,2,27,636,270,878,0.956062376499176,False,healthy,0.9831264615058899,0.9831264615058899,0.01687358133494854,False,light_red,83.59,0.729,segmentacion_pobre_o_fondo_excesivo,0.0,0.0,0.0,0.0,False
144,video_02_frame_000144,True,25,False,17,True,3,482,748,718,989,0.9397417902946472,False,healthy,0.9522286653518677,0.9522286653518677,0.04777134582400322,False,light_red,81.47,0.965,,0.0,0.0,0.0,0.0,False
144,video_02_frame_000144,True,20,False,74,True,4,153,1055,396,1251,0.9265364408493042,False,healthy,0.7314830422401428,0.7314830422401428,0.2685169279575348,False,red,98.66,0.992,,0.0,0.0,0.0,0.0,False
144,video_02_frame_000144,True,22,False,51,True,5,407,368,543,463,0.8783180713653564,False,healthy,0.9986897110939026,0.9986897110939026,0.0013103206874802709,False,red,99.91,0.999,,0.0,0.0,0.0,0.0,False
144,video_02_frame_000144,True,21,False,58,True,6,324,942,569,1137,0.872075080871582,False,healthy,0.9992308616638184,0.9992308616638184,0.0007691254722885787,False,red,93.54,0.721,segmentacion_pobre_o_fondo_excesivo,0.0,0.0,0.0,0.0,False
144,video_02_frame_000144,True,5,False,133,True,7,33,465,233,660,0.840076208114624,False,healthy,0.9572108387947083,0.9572108387947083,0.042789217084646225,False,red,90.1,0.93,,0.0,0.0,0.0,0.0,False
145,video_02_frame_000145,True,23,False,51,True,1,426,567,620,755,0.9668898582458496,False,,,,,False,,,,,0.0,0.0,0.0,0.0,False
145,video_02_frame_000145,True,7,False,138,True,2,25,635,268,877,0.9583293199539185,False,healthy,0.9831264615058899,0.9831264615058899,0.01687358133494854,False,light_red,83.59,0.729,segmentacion_pobre_o_fondo_excesivo,0.0,0.0,0.0,0.0,False
145,video_02_frame_000145,True,25,False,18,True,3,478,748,719,981,0.9547970294952393,False,healthy,0.9522286653518677,0.9522286653518677,0.04777134582400322,False,light_red,81.47,0.965,,0.0,0.0,0.0,0.0,False
145,video_02_frame_000145,True,20,False,75,True,4,151,1054,393,1250,0.9222467541694641,False,healthy,0.7314830422401428,0.7314830422401428,0.2685169279575348,False,red,98.66,0.992,,0.0,0.0,0.0,0.0,False
145,video_02_frame_000145,True,22,False,52,True,5,405,369,540,463,0.8846537470817566,False,healthy,0.9986897110939026,0.9986897110939026,0.0013103206874802709,False,red,99.91,0.999,,0.0,0.0,0.0,0.0,False
145,video_02_frame_000145,True,21,False,59,True,6,323,942,553,1136,0.8722465634346008,False,healthy,0.9992308616638184,0.9992308616638184,0.0007691254722885787,False,red,93.54,0.721,segmentacion_pobre_o_fondo_excesivo,0.0,0.0,0.0,0.0,False
145,video_02_frame_000145,True,28,True,1,False,7,53,328,224,474,0.8586416840553284,True,healthy,0.9975952506065369,0.9975952506065369,0.0024047731421887875,True,pink,55.39,0.917,,6.29425048828125e-05,0.06557440757751465,0.3364238739013672,0.40206122398376465,False
145,video_02_frame_000145,True,5,False,134,True,8,31,466,231,656,0.8311120867729187,False,healthy,0.9572108387947083,0.9572108387947083,0.042789217084646225,False,red,90.1,0.93,,0.0,0.0,0.0,0.0,False
146,video_02_frame_000146,True,23,False,52,True,1,424,569,617,754,0.9673877358436584,False,,,,,False,,,,,0.0,0.0,0.0,0.0,False
146,video_02_frame_000146,True,7,False,139,True,2,24,635,266,877,0.9583739638328552,False,healthy,0.9831264615058899,0.9831264615058899,0.01687358133494854,False,light_red,83.59,0.729,segmentacion_pobre_o_fondo_excesivo,0.0,0.0,0.0,0.0,False
146,video_02_frame_000146,True,25,False,19,True,3,476,748,720,983,0.9472877383232117,False,healthy,0.9522286653518677,0.9522286653518677,0.04777134582400322,False,light_red,81.47,0.965,,0.0,0.0,0.0,0.0,False
146,video_02_frame_000146,True,20,False,76,True,4,150,1052,392,1248,0.9102846384048462,False,healthy,0.7314830422401428,0.7314830422401428,0.2685169279575348,False,red,98.66,0.992,,0.0,0.0,0.0,0.0,False
146,video_02_frame_000146,True,22,False,53,True,5,404,371,538,463,0.8955324292182922,False,healthy,0.9986897110939026,0.9986897110939026,0.0013103206874802709,False,red,99.91,0.999,,0.0,0.0,0.0,0.0,False
146,video_02_frame_000146,True,21,False,60,True,6,320,940,557,1137,0.8670387864112854,False,healthy,0.9992308616638184,0.9992308616638184,0.0007691254722885787,False,red,93.54,0.721,segmentacion_pobre_o_fondo_excesivo,0.0,0.0,0.0,0.0,False
146,video_02_frame_000146,True,28,False,2,True,7,51,331,224,474,0.8610714673995972,False,healthy,0.9975952506065369,0.9975952506065369,0.0024047731421887875,False,pink,55.39,0.917,,0.0,0.0,0.0,0.0,False
146,video_02_frame_000146,True,5,False,135,True,8,31,467,230,647,0.844914436340332,False,healthy,0.9572108387947083,0.9572108387947083,0.042789217084646225,False,red,90.1,0.93,,0.0,0.0,0.0,0.0,False
147,video_02_frame_000147,True,23,False,53,True,1,420,571,611,754,0.9613781571388245,False,,,,,False,,,,,0.0,0.0,0.0,0.0,False
147,video_02_frame_000147,True,7,False,140,True,2,21,635,263,877,0.9613404870033264,False,healthy,0.9831264615058899,0.9831264615058899,0.01687358133494854,False,light_red,83.59,0.729,segmentacion_pobre_o_fondo_excesivo,0.0,0.0,0.0,0.0,False
147,video_02_frame_000147,True,25,False,20,True,3,471,748,713,978,0.9525607228279114,False,healthy,0.9522286653518677,0.9522286653518677,0.04777134582400322,False,light_red,81.47,0.965,,0.0,0.0,0.0,0.0,False
147,video_02_frame_000147,True,20,False,77,True,4,148,1050,388,1250,0.9021597504615784,False,healthy,0.7314830422401428,0.7314830422401428,0.2685169279575348,False,red,98.66,0.992,,0.0,0.0,0.0,0.0,False
147,video_02_frame_000147,True,5,False,136,True,5,29,468,230,643,0.8802308440208435,False,healthy,0.9572108387947083,0.9572108387947083,0.042789217084646225,False,red,90.1,0.93,,0.0,0.0,0.0,0.0,False
147,video_02_frame_000147,True,21,False,61,True,6,317,939,553,1132,0.8756964206695557,False,healthy,0.9992308616638184,0.9992308616638184,0.0007691254722885787,False,red,93.54,0.721,segmentacion_pobre_o_fondo_excesivo,0.0,0.0,0.0,0.0,False
147,video_02_frame_000147,True,22,False,54,True,7,402,371,536,464,0.875098466873169,False,healthy,0.9986897110939026,0.9986897110939026,0.0013103206874802709,False,red,99.91,0.999,,0.0,0.0,0.0,0.0,False
147,video_02_frame_000147,True,28,False,3,True,8,49,332,224,475,0.8525598049163818,False,healthy,0.9975952506065369,0.9975952506065369,0.0024047731421887875,False,pink,55.39,0.917,,0.0,0.0,0.0,0.0,False
148,video_02_frame_000148,True,7,False,141,True,1,21,637,261,876,0.9578450918197632,False,healthy,0.9831264615058899,0.9831264615058899,0.01687358133494854,False,light_red,83.59,0.729,segmentacion_pobre_o_fondo_excesivo,0.0,0.0,0.0,0.0,False
148,video_02_frame_000148,True,23,False,54,True,2,419,571,609,754,0.9569507241249084,False,,,,,False,,,,,0.0,0.0,0.0,0.0,False
148,video_02_frame_000148,True,25,False,21,True,3,469,749,708,976,0.9428427815437317,False,healthy,0.9522286653518677,0.9522286653518677,0.04777134582400322,False,light_red,81.47,0.965,,0.0,0.0,0.0,0.0,False
148,video_02_frame_000148,True,20,False,78,True,4,145,1049,385,1250,0.8844025135040283,False,healthy,0.7314830422401428,0.7314830422401428,0.2685169279575348,False,red,98.66,0.992,,0.0,0.0,0.0,0.0,False
148,video_02_frame_000148,True,22,False,55,True,5,400,373,534,464,0.8816006183624268,False,healthy,0.9986897110939026,0.9986897110939026,0.0013103206874802709,False,red,99.91,0.999,,0.0,0.0,0.0,0.0,False
148,video_02_frame_000148,True,21,False,62,True,6,314,938,546,1132,0.8605107069015503,False,healthy,0.9992308616638184,0.9992308616638184,0.0007691254722885787,False,red,93.54,0.721,segmentacion_pobre_o_fondo_excesivo,0.0,0.0,0.0,0.0,False
148,video_02_frame_000148,True,5,False,137,True,7,26,472,227,664,0.8547366857528687,False,healthy,0.9572108387947083,0.9572108387947083,0.042789217084646225,False,red,90.1,0.93,,0.0,0.0,0.0,0.0,False
148,video_02_frame_000148,True,28,False,4,True,8,49,332,221,476,0.8137890100479126,False,healthy,0.9975952506065369,0.9975952506065369,0.0024047731421887875,False,pink,55.39,0.917,,0.0,0.0,0.0,0.0,False
149,video_02_frame_000149,True,7,False,142,True,1,21,639,260,876,0.9594826102256775,False,healthy,0.9831264615058899,0.9831264615058899,0.01687358133494854,False,light_red,83.59,0.729,segmentacion_pobre_o_fondo_excesivo,0.0,0.0,0.0,0.0,False
149,video_02_frame_000149,True,23,False,55,True,2,416,571,606,755,0.9517889618873596,False,,,,,False,,,,,0.0,0.0,0.0,0.0,False
149,video_02_frame_000149,True,25,False,22,True,3,462,748,704,977,0.9475690722465515,False,healthy,0.9522286653518677,0.9522286653518677,0.04777134582400322,False,light_red,81.47,0.965,,0.0,0.0,0.0,0.0,False
149,video_02_frame_000149,True,22,False,56,True,4,399,374,532,467,0.8877121210098267,False,healthy,0.9986897110939026,0.9986897110939026,0.0013103206874802709,False,red,99.91,0.999,,0.0,0.0,0.0,0.0,False
149,video_02_frame_000149,True,20,False,79,True,5,144,1048,383,1251,0.8680415749549866,False,healthy,0.7314830422401428,0.7314830422401428,0.2685169279575348,False,red,98.66,0.992,,0.0,0.0,0.0,0.0,False
149,video_02_frame_000149,True,5,False,138,True,6,27,471,223,660,0.8638213276863098,False,healthy,0.9572108387947083,0.9572108387947083,0.042789217084646225,False,red,90.1,0.93,,0.0,0.0,0.0,0.0,False
149,video_02_frame_000149,True,21,False,63,True,7,313,935,550,1132,0.8574318289756775,False,healthy,0.9992308616638184,0.9992308616638184,0.0007691254722885787,False,red,93.54,0.721,segmentacion_pobre_o_fondo_excesivo,0.0,0.0,0.0,0.0,False
149,video_02_frame_000149,True,28,False,5,True,8,49,334,216,479,0.8472434878349304,False,healthy,0.9975952506065369,0.9975952506065369,0.0024047731421887875,False,pink,55.39,0.917,,0.0,0.0,0.0,0.0,False
150,video_02_frame_000150,True,23,False,56,True,1,415,572,603,756,0.9657853841781616,False,,,,,False,,,,,0.0,0.0,0.0,0.0,False
150,video_02_frame_000150,True,7,False,143,True,2,20,639,259,877,0.9583635330200195,False,healthy,0.9831264615058899,0.9831264615058899,0.01687358133494854,False,light_red,83.59,0.729,segmentacion_pobre_o_fondo_excesivo,0.0,0.0,0.0,0.0,False
150,video_02_frame_000150,True,25,False,23,True,3,459,748,701,979,0.945139467716217,False,healthy,0.9522286653518677,0.9522286653518677,0.04777134582400322,False,light_red,81.47,0.965,,0.0,0.0,0.0,0.0,False
150,video_02_frame_000150,True,20,False,80,True,4,142,1047,379,1239,0.8922038078308105,False,healthy,0.7314830422401428,0.7314830422401428,0.2685169279575348,False,red,98.66,0.992,,0.0,0.0,0.0,0.0,False
150,video_02_frame_000150,True,22,False,57,True,5,394,374,531,465,0.8764392733573914,False,healthy,0.9986897110939026,0.9986897110939026,0.0013103206874802709,False,red,99.91,0.999,,0.0,0.0,0.0,0.0,False
150,video_02_frame_000150,True,5,False,139,True,6,26,473,222,658,0.8662529587745667,False,healthy,0.9572108387947083,0.9572108387947083,0.042789217084646225,False,red,90.1,0.93,,0.0,0.0,0.0,0.0,False
150,video_02_frame_000150,True,21,False,64,True,7,310,935,543,1132,0.853431761264801,False,healthy,0.9992308616638184,0.9992308616638184,0.0007691254722885787,False,red,93.54,0.721,segmentacion_pobre_o_fondo_excesivo,0.0,0.0,0.0,0.0,False
151,video_02_frame_000151,True,23,False,57,True,1,412,572,601,757,0.9652839303016663,False,,,,,False,,,,,0.0,0.0,0.0,0.0,False
151,video_02_frame_000151,True,7,False,144,True,2,21,641,258,877,0.9559145569801331,False,healthy,0.9831264615058899,0.9831264615058899,0.01687358133494854,False,light_red,83.59,0.729,segmentacion_pobre_o_fondo_excesivo,0.0,0.0,0.0,0.0,False
151,video_02_frame_000151,True,25,False,24,True,3,456,747,700,981,0.9416728019714355,False,healthy,0.9522286653518677,0.9522286653518677,0.04777134582400322,False,light_red,81.47,0.965,,0.0,0.0,0.0,0.0,False
151,video_02_frame_000151,True,22,False,58,True,4,392,376,530,466,0.9083930253982544,False,healthy,0.9986897110939026,0.9986897110939026,0.0013103206874802709,False,red,99.91,0.999,,0.0,0.0,0.0,0.0,False
151,video_02_frame_000151,True,20,False,81,True,5,140,1047,377,1247,0.8908168077468872,False,healthy,0.7314830422401428,0.7314830422401428,0.2685169279575348,False,red,98.66,0.992,,0.0,0.0,0.0,0.0,False
151,video_02_frame_000151,True,5,False,140,True,6,25,475,219,658,0.8705934882164001,False,healthy,0.9572108387947083,0.9572108387947083,0.042789217084646225,False,red,90.1,0.93,,0.0,0.0,0.0,0.0,False
151,video_02_frame_000151,True,21,False,65,True,7,309,934,540,1131,0.8427504301071167,False,healthy,0.9992308616638184,0.9992308616638184,0.0007691254722885787,False,red,93.54,0.721,segmentacion_pobre_o_fondo_excesivo,0.0,0.0,0.0,0.0,False
152,video_02_frame_000152,True,23,False,58,True,1,410,575,598,758,0.9641656875610352,False,,,,,False,,,,,0.0,0.0,0.0,0.0,False
152,video_02_frame_000152,True,7,False,145,True,2,21,641,258,877,0.9582456350326538,False,healthy,0.9831264615058899,0.9831264615058899,0.01687358133494854,False,light_red,83.59,0.729,segmentacion_pobre_o_fondo_excesivo,0.0,0.0,0.0,0.0,False
152,video_02_frame_000152,True,25,False,25,True,3,453,748,698,982,0.9483700394630432,False,healthy,0.9522286653518677,0.9522286653518677,0.04777134582400322,False,light_red,81.47,0.965,,0.0,0.0,0.0,0.0,False
152,video_02_frame_000152,True,22,False,59,True,4,390,376,528,467,0.9048644304275513,False,healthy,0.9986897110939026,0.9986897110939026,0.0013103206874802709,False,red,99.91,0.999,,0.0,0.0,0.0,0.0,False
152,video_02_frame_000152,True,5,False,141,True,5,25,476,217,656,0.8896878957748413,False,healthy,0.9572108387947083,0.9572108387947083,0.042789217084646225,False,red,90.1,0.93,,0.0,0.0,0.0,0.0,False
152,video_02_frame_000152,True,20,False,82,True,6,140,1046,375,1253,0.8833287954330444,False,healthy,0.7314830422401428,0.7314830422401428,0.2685169279575348,False,red,98.66,0.992,,0.0,0.0,0.0,0.0,False
152,video_02_frame_000152,True,21,False,66,True,7,309,934,541,1126,0.8310216069221497,False,healthy,0.9992308616638184,0.9992308616638184,0.0007691254722885787,False,red,93.54,0.721,segmentacion_pobre_o_fondo_excesivo,0.0,0.0,0.0,0.0,False
153,video_02_frame_000153,True,23,False,59,True,1,409,576,596,758,0.9606626629829407,False,,,,,False,,,,,0.0,0.0,0.0,0.0,False
153,video_02_frame_000153,True,7,False,146,True,2,21,643,257,877,0.9598125219345093,False,healthy,0.9831264615058899,0.9831264615058899,0.01687358133494854,False,light_red,83.59,0.729,segmentacion_pobre_o_fondo_excesivo,0.0,0.0,0.0,0.0,False
153,video_02_frame_000153,True,25,False,26,True,3,453,748,697,979,0.9514947533607483,False,healthy,0.9522286653518677,0.9522286653518677,0.04777134582400322,False,light_red,81.47,0.965,,0.0,0.0,0.0,0.0,False
153,video_02_frame_000153,True,22,False,60,True,4,390,379,526,469,0.9110932946205139,False,healthy,0.9986897110939026,0.9986897110939026,0.0013103206874802709,False,red,99.91,0.999,,0.0,0.0,0.0,0.0,False
153,video_02_frame_000153,True,5,False,142,True,5,24,477,216,653,0.9061653017997742,False,healthy,0.9572108387947083,0.9572108387947083,0.042789217084646225,False,red,90.1,0.93,,0.0,0.0,0.0,0.0,False
153,video_02_frame_000153,True,20,False,83,True,6,140,1046,373,1246,0.8878938555717468,False,healthy,0.7314830422401428,0.7314830422401428,0.2685169279575348,False,red,98.66,0.992,,0.0,0.0,0.0,0.0,False
153,video_02_frame_000153,True,21,False,67,True,7,308,934,535,1126,0.8201380372047424,False,healthy,0.9992308616638184,0.9992308616638184,0.0007691254722885787,False,red,93.54,0.721,segmentacion_pobre_o_fondo_excesivo,0.0,0.0,0.0,0.0,False
154,video_02_frame_000154,True,7,False,147,True,1,20,642,255,877,0.9638979434967041,False,healthy,0.9831264615058899,0.9831264615058899,0.01687358133494854,False,light_red,83.59,0.729,segmentacion_pobre_o_fondo_excesivo,0.0,0.0,0.0,0.0,False
154,video_02_frame_000154,True,23,False,60,True,2,407,577,593,758,0.9556639790534973,False,,,,,False,,,,,0.0,0.0,0.0,0.0,False
154,video_02_frame_000154,True,25,False,27,True,3,452,748,695,975,0.9457725286483765,False,healthy,0.9522286653518677,0.9522286653518677,0.04777134582400322,False,light_red,81.47,0.965,,0.0,0.0,0.0,0.0,False
154,video_02_frame_000154,True,5,False,143,True,4,24,477,213,653,0.9242988228797913,False,healthy,0.9572108387947083,0.9572108387947083,0.042789217084646225,False,red,90.1,0.93,,0.0,0.0,0.0,0.0,False
154,video_02_frame_000154,True,22,False,61,True,5,388,379,522,470,0.9208846688270569,False,healthy,0.9986897110939026,0.9986897110939026,0.0013103206874802709,False,red,99.91,0.999,,0.0,0.0,0.0,0.0,False
154,video_02_frame_000154,True,20,False,84,True,6,138,1044,370,1248,0.8774586319923401,False,healthy,0.7314830422401428,0.7314830422401428,0.2685169279575348,False,red,98.66,0.992,,0.0,0.0,0.0,0.0,False
155,video_02_frame_000155,True,7,False,148,True,1,19,643,255,876,0.9621651768684387,False,healthy,0.9831264615058899,0.9831264615058899,0.01687358133494854,False,light_red,83.59,0.729,segmentacion_pobre_o_fondo_excesivo,0.0,0.0,0.0,0.0,False
155,video_02_frame_000155,True,23,False,61,True,2,405,577,592,757,0.9571894407272339,False,,,,,False,,,,,0.0,0.0,0.0,0.0,False
155,video_02_frame_000155,True,25,False,28,True,3,450,747,692,976,0.9346578121185303,False,healthy,0.9522286653518677,0.9522286653518677,0.04777134582400322,False,light_red,81.47,0.965,,0.0,0.0,0.0,0.0,False
155,video_02_frame_000155,True,5,False,144,True,4,24,478,213,654,0.9226819276809692,False,healthy,0.9572108387947083,0.9572108387947083,0.042789217084646225,False,red,90.1,0.93,,0.0,0.0,0.0,0.0,False
155,video_02_frame_000155,True,22,False,62,True,5,387,381,521,471,0.9137327075004578,False,healthy,0.9986897110939026,0.9986897110939026,0.0013103206874802709,False,red,99.91,0.999,,0.0,0.0,0.0,0.0,False
155,video_02_frame_000155,True,20,False,85,True,6,137,1043,372,1239,0.8724794387817383,False,healthy,0.7314830422401428,0.7314830422401428,0.2685169279575348,False,red,98.66,0.992,,0.0,0.0,0.0,0.0,False
155,video_02_frame_000155,True,21,False,68,True,7,306,932,526,1103,0.8002151846885681,False,healthy,0.9992308616638184,0.9992308616638184,0.0007691254722885787,False,red,93.54,0.721,segmentacion_pobre_o_fondo_excesivo,0.0,0.0,0.0,0.0,False
156,video_02_frame_000156,True,7,False,149,True,1,19,645,253,876,0.9610676765441895,False,healthy,0.9831264615058899,0.9831264615058899,0.01687358133494854,False,light_red,83.59,0.729,segmentacion_pobre_o_fondo_excesivo,0.0,0.0,0.0,0.0,False
156,video_02_frame_000156,True,23,False,62,True,2,404,579,590,758,0.9584841132164001,False,,,,,False,,,,,0.0,0.0,0.0,0.0,False
156,video_02_frame_000156,True,25,False,29,True,3,449,748,690,974,0.9349933862686157,False,healthy,0.9522286653518677,0.9522286653518677,0.04777134582400322,False,light_red,81.47,0.965,,0.0,0.0,0.0,0.0,False
156,video_02_frame_000156,True,22,False,63,True,4,386,383,520,474,0.9256836175918579,False,healthy,0.9986897110939026,0.9986897110939026,0.0013103206874802709,False,red,99.91,0.999,,0.0,0.0,0.0,0.0,False
156,video_02_frame_000156,True,5,False,145,True,5,24,481,213,654,0.9230349659919739,False,healthy,0.9572108387947083,0.9572108387947083,0.042789217084646225,False,red,90.1,0.93,,0.0,0.0,0.0,0.0,False
156,video_02_frame_000156,True,20,False,86,True,6,138,1043,370,1243,0.854404091835022,False,healthy,0.7314830422401428,0.7314830422401428,0.2685169279575348,False,red,98.66,0.992,,0.0,0.0,0.0,0.0,False
156,video_02_frame_000156,True,29,True,1,False,7,42,347,207,490,0.8226176500320435,True,healthy,0.9915074110031128,0.9915074110031128,0.008492519147694111,True,light_red,60.92,0.907,,6.198883056640625e-05,0.05508565902709961,0.3157210350036621,0.3708686828613281,False
156,video_02_frame_000156,True,21,False,69,True,8,304,932,520,1124,0.8196776509284973,False,healthy,0.9992308616638184,0.9992308616638184,0.0007691254722885787,False,red,93.54,0.721,segmentacion_pobre_o_fondo_excesivo,0.0,0.0,0.0,0.0,False
157,video_02_frame_000157,True,7,False,150,True,1,19,646,250,876,0.9592296481132507,False,healthy,0.9831264615058899,0.9831264615058899,0.01687358133494854,False,light_red,83.59,0.729,segmentacion_pobre_o_fondo_excesivo,0.0,0.0,0.0,0.0,False
157,video_02_frame_000157,True,23,False,63,True,2,403,580,589,758,0.9533973932266235,False,,,,,False,,,,,0.0,0.0,0.0,0.0,False
157,video_02_frame_000157,True,25,False,30,True,3,449,750,686,971,0.9448572397232056,False,healthy,0.9522286653518677,0.9522286653518677,0.04777134582400322,False,light_red,81.47,0.965,,0.0,0.0,0.0,0.0,False
157,video_02_frame_000157,True,5,False,146,True,4,23,482,211,655,0.9180099964141846,False,healthy,0.9572108387947083,0.9572108387947083,0.042789217084646225,False,red,90.1,0.93,,0.0,0.0,0.0,0.0,False
157,video_02_frame_000157,True,22,False,64,True,5,388,386,519,478,0.91788649559021,False,healthy,0.9986897110939026,0.9986897110939026,0.0013103206874802709,False,red,99.91,0.999,,0.0,0.0,0.0,0.0,False
157,video_02_frame_000157,True,20,False,87,True,6,137,1043,368,1249,0.8539723753929138,False,healthy,0.7314830422401428,0.7314830422401428,0.2685169279575348,False,red,98.66,0.992,,0.0,0.0,0.0,0.0,False
157,video_02_frame_000157,True,21,False,70,True,7,304,933,521,1124,0.8352847695350647,False,healthy,0.9992308616638184,0.9992308616638184,0.0007691254722885787,False,red,93.54,0.721,segmentacion_pobre_o_fondo_excesivo,0.0,0.0,0.0,0.0,False
157,video_02_frame_000157,True,29,False,2,True,8,42,348,206,491,0.8251959085464478,False,healthy,0.9915074110031128,0.9915074110031128,0.008492519147694111,False,light_red,60.92,0.907,,0.0,0.0,0.0,0.0,False
158,video_02_frame_000158,True,7,False,151,True,1,20,647,249,875,0.9569119811058044,False,healthy,0.9831264615058899,0.9831264615058899,0.01687358133494854,False,light_red,83.59,0.729,segmentacion_pobre_o_fondo_excesivo,0.0,0.0,0.0,0.0,False
158,video_02_frame_000158,True,23,False,64,True,2,404,582,588,759,0.951740026473999,False,,,,,False,,,,,0.0,0.0,0.0,0.0,False
158,video_02_frame_000158,True,25,False,31,True,3,449,749,682,975,0.9513826370239258,False,healthy,0.9522286653518677,0.9522286653518677,0.04777134582400322,False,light_red,81.47,0.965,,0.0,0.0,0.0,0.0,False
158,video_02_frame_000158,True,5,False,147,True,4,23,484,210,654,0.9170441031455994,False,healthy,0.9572108387947083,0.9572108387947083,0.042789217084646225,False,red,90.1,0.93,,0.0,0.0,0.0,0.0,False
158,video_02_frame_000158,True,22,False,65,True,5,386,388,517,478,0.9003468155860901,False,healthy,0.9986897110939026,0.9986897110939026,0.0013103206874802709,False,red,99.91,0.999,,0.0,0.0,0.0,0.0,False
158,video_02_frame_000158,True,20,False,88,True,6,137,1043,366,1248,0.8739259243011475,False,healthy,0.7314830422401428,0.7314830422401428,0.2685169279575348,False,red,98.66,0.992,,0.0,0.0,0.0,0.0,False
158,video_02_frame_000158,True,21,False,71,True,7,302,932,525,1101,0.857811689376831,False,healthy,0.9992308616638184,0.9992308616638184,0.0007691254722885787,False,red,93.54,0.721,segmentacion_pobre_o_fondo_excesivo,0.0,0.0,0.0,0.0,False
158,video_02_frame_000158,True,29,False,3,True,8,42,350,205,491,0.8099748492240906,False,healthy,0.9915074110031128,0.9915074110031128,0.008492519147694111,False,light_red,60.92,0.907,,0.0,0.0,0.0,0.0,False
159,video_02_frame_000159,True,7,False,152,True,1,20,650,249,876,0.9484714865684509,False,healthy,0.9831264615058899,0.9831264615058899,0.01687358133494854,False,light_red,83.59,0.729,segmentacion_pobre_o_fondo_excesivo,0.0,0.0,0.0,0.0,False
159,video_02_frame_000159,True,23,False,65,True,2,402,583,587,760,0.9426687955856323,False,,,,,False,,,,,0.0,0.0,0.0,0.0,False
159,video_02_frame_000159,True,25,False,32,True,3,448,751,679,972,0.9368453621864319,False,healthy,0.9522286653518677,0.9522286653518677,0.04777134582400322,False,light_red,81.47,0.965,,0.0,0.0,0.0,0.0,False
159,video_02_frame_000159,True,5,False,148,True,4,24,485,211,657,0.9121789336204529,False,healthy,0.9572108387947083,0.9572108387947083,0.042789217084646225,False,red,90.1,0.93,,0.0,0.0,0.0,0.0,False
159,video_02_frame_000159,True,22,False,66,True,5,383,388,517,481,0.8909527659416199,False,healthy,0.9986897110939026,0.9986897110939026,0.0013103206874802709,False,red,99.91,0.999,,0.0,0.0,0.0,0.0,False
159,video_02_frame_000159,True,20,False,89,True,6,138,1043,365,1247,0.8522146344184875,False,healthy,0.7314830422401428,0.7314830422401428,0.2685169279575348,False,red,98.66,0.992,,0.0,0.0,0.0,0.0,False
159,video_02_frame_000159,True,21,False,72,True,7,300,932,523,1102,0.8366451263427734,False,healthy,0.9992308616638184,0.9992308616638184,0.0007691254722885787,False,red,93.54,0.721,segmentacion_pobre_o_fondo_excesivo,0.0,0.0,0.0,0.0,False
159,video_02_frame_000159,True,29,False,4,True,8,42,350,205,493,0.8102381825447083,False,healthy,0.9915074110031128,0.9915074110031128,0.008492519147694111,False,light_red,60.92,0.907,,0.0,0.0,0.0,0.0,False
160,video_02_frame_000160,True,7,False,153,True,1,22,652,249,877,0.9459543824195862,False,healthy,0.9831264615058899,0.9831264615058899,0.01687358133494854,False,light_red,83.59,0.729,segmentacion_pobre_o_fondo_excesivo,0.0,0.0,0.0,0.0,False
160,video_02_frame_000160,True,25,False,33,True,2,445,752,678,975,0.9457152485847473,False,healthy,0.9522286653518677,0.9522286653518677,0.04777134582400322,False,light_red,81.47,0.965,,0.0,0.0,0.0,0.0,False
160,video_02_frame_000160,True,23,False,66,True,3,403,584,586,761,0.9456431865692139,False,,,,,False,,,,,0.0,0.0,0.0,0.0,False
160,video_02_frame_000160,True,5,False,149,True,4,26,486,210,660,0.9057909846305847,False,healthy,0.9572108387947083,0.9572108387947083,0.042789217084646225,False,red,90.1,0.93,,0.0,0.0,0.0,0.0,False
160,video_02_frame_000160,True,22,False,67,True,5,384,391,516,482,0.878096878528595,False,healthy,0.9986897110939026,0.9986897110939026,0.0013103206874802709,False,red,99.91,0.999,,0.0,0.0,0.0,0.0,False
160,video_02_frame_000160,True,21,False,73,True,6,302,932,519,1098,0.8445191383361816,False,healthy,0.9992308616638184,0.9992308616638184,0.0007691254722885787,False,red,93.54,0.721,segmentacion_pobre_o_fondo_excesivo,0.0,0.0,0.0,0.0,False
160,video_02_frame_000160,True,20,False,90,True,7,138,1043,367,1251,0.8301838636398315,False,healthy,0.7314830422401428,0.7314830422401428,0.2685169279575348,False,red,98.66,0.992,,0.0,0.0,0.0,0.0,False
160,video_02_frame_000160,True,29,False,5,True,8,42,353,206,495,0.8145078420639038,False,healthy,0.9915074110031128,0.9915074110031128,0.008492519147694111,False,light_red,60.92,0.907,,0.0,0.0,0.0,0.0,False
161,video_02_frame_000161,True,23,False,67,True,1,402,585,585,761,0.9463906288146973,False,,,,,False,,,,,0.0,0.0,0.0,0.0,False
161,video_02_frame_000161,True,7,False,154,True,2,23,654,250,877,0.9416770339012146,False,healthy,0.9831264615058899,0.9831264615058899,0.01687358133494854,False,light_red,83.59,0.729,segmentacion_pobre_o_fondo_excesivo,0.0,0.0,0.0,0.0,False
161,video_02_frame_000161,True,25,False,34,True,3,444,752,678,973,0.9399094581604004,False,healthy,0.9522286653518677,0.9522286653518677,0.04777134582400322,False,light_red,81.47,0.965,,0.0,0.0,0.0,0.0,False
161,video_02_frame_000161,True,5,False,150,True,4,26,489,210,661,0.9045953154563904,False,healthy,0.9572108387947083,0.9572108387947083,0.042789217084646225,False,red,90.1,0.93,,0.0,0.0,0.0,0.0,False
161,video_02_frame_000161,True,22,False,68,True,5,384,393,516,483,0.872344434261322,False,healthy,0.9986897110939026,0.9986897110939026,0.0013103206874802709,False,red,99.91,0.999,,0.0,0.0,0.0,0.0,False
161,video_02_frame_000161,True,21,False,74,True,6,302,932,519,1097,0.8431053161621094,False,healthy,0.9992308616638184,0.9992308616638184,0.0007691254722885787,False,red,93.54,0.721,segmentacion_pobre_o_fondo_excesivo,0.0,0.0,0.0,0.0,False
161,video_02_frame_000161,True,20,False,91,True,7,139,1043,369,1255,0.810117244720459,False,healthy,0.7314830422401428,0.7314830422401428,0.2685169279575348,False,red,98.66,0.992,,0.0,0.0,0.0,0.0,False
162,video_02_frame_000162,True,23,False,68,True,1,401,586,584,763,0.9463142156600952,False,,,,,False,,,,,0.0,0.0,0.0,0.0,False
162,video_02_frame_000162,True,7,False,155,True,2,24,656,249,877,0.9363057017326355,False,healthy,0.9831264615058899,0.9831264615058899,0.01687358133494854,False,light_red,83.59,0.729,segmentacion_pobre_o_fondo_excesivo,0.0,0.0,0.0,0.0,False
162,video_02_frame_000162,True,25,False,35,True,3,442,754,674,972,0.9207029938697815,False,healthy,0.9522286653518677,0.9522286653518677,0.04777134582400322,False,light_red,81.47,0.965,,0.0,0.0,0.0,0.0,False
162,video_02_frame_000162,True,5,False,151,True,4,27,490,209,664,0.908221423625946,False,healthy,0.9572108387947083,0.9572108387947083,0.042789217084646225,False,red,90.1,0.93,,0.0,0.0,0.0,0.0,False
162,video_02_frame_000162,True,22,False,69,True,5,384,394,514,486,0.8957381248474121,False,healthy,0.9986897110939026,0.9986897110939026,0.0013103206874802709,False,red,99.91,0.999,,0.0,0.0,0.0,0.0,False
162,video_02_frame_000162,True,20,False,92,True,6,138,1041,365,1261,0.83268141746521,False,healthy,0.7314830422401428,0.7314830422401428,0.2685169279575348,False,red,98.66,0.992,,0.0,0.0,0.0,0.0,False
162,video_02_frame_000162,True,21,False,75,True,7,301,932,517,1097,0.8286216855049133,False,healthy,0.9992308616638184,0.9992308616638184,0.0007691254722885787,False,red,93.54,0.721,segmentacion_pobre_o_fondo_excesivo,0.0,0.0,0.0,0.0,False
